Animal Name,labels,Image Link,Profile Link,,clicklink,
dalmatian,dalmatian,"https://d20zyr0oabjxc2.cloudfront.net/variants/media/raw_images/elennelytle/2024/11/20241104184826.709-IMG_8400-396x396c.jpeg?signature=14825D69FD3FC891A528BCB4CA2C8D7A8E4615DD077F0A29176EA35B4F940A15 2x, https://d20zyr0oabjxc2.cloudfront.net/variants/media/raw_images/elennelytle/2024/11/20241104184826.709-IMG_8400-198x198c.jpeg?signature=F0E442A4381DDF85F529F669F78BA54C7554C51078B7B4612A5481540F6954A1 1x",/us/c/reptiles/lizards/crested-geckos/2702161,,"https://d20zyr0oabjxc2.cloudfront.net/variants/media/raw_images/elennelytle/2024/11/20241104184826.709-IMG_8400-396x396c.jpeg?signature=14825D69FD3FC891A528BCB4CA2C8D7A8E4615DD077F0A29176EA35B4F940A15 2x, https://d20zyr0oabjxc2.cloudfront.net/variants/media/raw_images/elennelytle/2024/11/20241104184826.709-IMG_8400-198x198c.jpeg?signature=F0E442A4381DDF85F529F669F78BA54C7554C51078B7B4612A5481540F6954A1 1x",
dalmatian,dalmatian,"https://d20zyr0oabjxc2.cloudfront.net/variants/media/raw_images/ambercharles0811/2024/01/20240121183600.75-IMG_9214-396x396c.jpeg?signature=CA4A6C8B619B886B6E1984A7BC904742F5E34AD8B96981FCD85E5B5C1524EE39 2x, https://d20zyr0oabjxc2.cloudfront.net/variants/media/raw_images/ambercharles0811/2024/01/20240121183600.75-IMG_9214-198x198c.jpeg?signature=C87BAA9E6F18A081B42EDA85DFC4E4216C947EA22CEFF8F279EA3A897CAD9095 1x",/us/c/reptiles/lizards/crested-geckos/2123689,,"https://d20zyr0oabjxc2.cloudfront.net/variants/media/raw_images/ambercharles0811/2024/01/20240121183600.75-IMG_9214-396x396c.jpeg?signature=CA4A6C8B619B886B6E1984A7BC904742F5E34AD8B96981FCD85E5B5C1524EE39 2x, https://d20zyr0oabjxc2.cloudfront.net/variants/media/raw_images/ambercharles0811/2024/01/20240121183600.75-IMG_9214-198x198c.jpeg?signature=C87BAA9E6F18A081B42EDA85DFC4E4216C947EA22CEFF8F279EA3A897CAD9095 1x",
Male Damn Daniel dalmatian Crested Gecko Cr-1316,dalmatian,"https://d20zyr0oabjxc2.cloudfront.net/variants/media/raw_images/pangeareptile/2023/11/20231128170355.618-CR1316UpdateLeft-396x396c.jpeg?signature=DE856EF47AA9B2DBEDE27880CF5483B7D091DF49550306F2A1ECE5C60E930E5B 2x, https://d20zyr0oabjxc2.cloudfront.net/variants/media/raw_images/pangeareptile/2023/11/20231128170355.618-CR1316UpdateLeft-198x198c.jpeg?signature=55D69996A090EE0E89C888C7BB08C9138C27D3E79A48072AC32C10D0868EA5A5 1x",/us/c/reptiles/lizards/crested-geckos/2036567,,"https://d20zyr0oabjxc2.cloudfront.net/variants/media/raw_images/pangeareptile/2023/11/20231128170355.618-CR1316UpdateLeft-396x396c.jpeg?signature=DE856EF47AA9B2DBEDE27880CF5483B7D091DF49550306F2A1ECE5C60E930E5B 2x, https://d20zyr0oabjxc2.cloudfront.net/variants/media/raw_images/pangeareptile/2023/11/20231128170355.618-CR1316UpdateLeft-198x198c.jpeg?signature=55D69996A090EE0E89C888C7BB08C9138C27D3E79A48072AC32C10D0868EA5A5 1x",
Super dalmatian,dalmatian,"https://d20zyr0oabjxc2.cloudfront.net/variants/media/raw_images/mtsports23/2024/09/20240911161351.956-1000007038-396x396c.jpeg?signature=25572635D9BF1BAE9DD03509799D44B7A529CC86BD5C09226A1E1F18C617ACE0 2x, https://d20zyr0oabjxc2.cloudfront.net/variants/media/raw_images/mtsports23/2024/09/20240911161351.956-1000007038-198x198c.jpeg?signature=B726266E21B7A65112C0843B5AEA2A96A4EB6D464072DFC614EC9AAF6A5AD52D 1x",/us/c/reptiles/lizards/crested-geckos/2570961,,"https://d20zyr0oabjxc2.cloudfront.net/variants/media/raw_images/mtsports23/2024/09/20240911161351.956-1000007038-396x396c.jpeg?signature=25572635D9BF1BAE9DD03509799D44B7A529CC86BD5C09226A1E1F18C617ACE0 2x, https://d20zyr0oabjxc2.cloudfront.net/variants/media/raw_images/mtsports23/2024/09/20240911161351.956-1000007038-198x198c.jpeg?signature=B726266E21B7A65112C0843B5AEA2A96A4EB6D464072DFC614EC9AAF6A5AD52D 1x",
Super dalmatian Crested Gecko Cr-1462,dalmatian,"https://d20zyr0oabjxc2.cloudfront.net/variants/media/raw_images/pangeareptile/2023/11/20231128155423.131-CR-1467Left-396x396c.jpeg?signature=BB3399FA6399273486B7EC2848667D68D5D8AC47A8579F9359AFC10B9B8BE457 2x, https://d20zyr0oabjxc2.cloudfront.net/variants/media/raw_images/pangeareptile/2023/11/20231128155423.131-CR-1467Left-198x198c.jpeg?signature=5F10F82BC25218B75A6D61B6BAB867EAF5E26B0F34D7BE36E132E663D4FA91F6 1x",/us/c/reptiles/lizards/crested-geckos/2036481,,"https://d20zyr0oabjxc2.cloudfront.net/variants/media/raw_images/pangeareptile/2023/11/20231128155423.131-CR-1467Left-396x396c.jpeg?signature=BB3399FA6399273486B7EC2848667D68D5D8AC47A8579F9359AFC10B9B8BE457 2x, https://d20zyr0oabjxc2.cloudfront.net/variants/media/raw_images/pangeareptile/2023/11/20231128155423.131-CR-1467Left-198x198c.jpeg?signature=5F10F82BC25218B75A6D61B6BAB867EAF5E26B0F34D7BE36E132E663D4FA91F6 1x",
Male Super dalmatian Crested Gecko Cr-1271,dalmatian,"https://d20zyr0oabjxc2.cloudfront.net/variants/media/raw_images/pangeareptile/2023/11/20231128153804.243-CR-1271Left-396x396c.jpeg?signature=60C1D46D6FE13D6F70E9CE1930ECCA27BBCCDEE25E29A5D65A16C5F754C27627 2x, https://d20zyr0oabjxc2.cloudfront.net/variants/media/raw_images/pangeareptile/2023/11/20231128153804.243-CR-1271Left-198x198c.jpeg?signature=D7CB1CEBDE661B61A7BB051B5F574D5B5173A57A9B04568F798555D5AA3C08C8 1x",/us/c/reptiles/lizards/crested-geckos/2036459,,"https://d20zyr0oabjxc2.cloudfront.net/variants/media/raw_images/pangeareptile/2023/11/20231128153804.243-CR-1271Left-396x396c.jpeg?signature=60C1D46D6FE13D6F70E9CE1930ECCA27BBCCDEE25E29A5D65A16C5F754C27627 2x, https://d20zyr0oabjxc2.cloudfront.net/variants/media/raw_images/pangeareptile/2023/11/20231128153804.243-CR-1271Left-198x198c.jpeg?signature=D7CB1CEBDE661B61A7BB051B5F574D5B5173A57A9B04568F798555D5AA3C08C8 1x",
Yellow dalmatian Male Rtb,Yellow dalmatian,"https://d20zyr0oabjxc2.cloudfront.net/variants/media/raw_images/crestside_geckos/2024/04/20240423062458.642-1000002307-396x396c.jpeg?signature=ABFC6A0F8361A126BC0F03E441A632758780C24BA5B3E0FA5EB565904CBB94E7 2x, https://d20zyr0oabjxc2.cloudfront.net/variants/media/raw_images/crestside_geckos/2024/04/20240423062458.642-1000002307-198x198c.jpeg?signature=0582DE768EB50C2D225F267B2A8BAA44CB98A1ADEBEDD768346908861A9B3EF5 1x",/us/c/reptiles/lizards/crested-geckos/2289179,,"https://d20zyr0oabjxc2.cloudfront.net/variants/media/raw_images/crestside_geckos/2024/04/20240423062458.642-1000002307-396x396c.jpeg?signature=ABFC6A0F8361A126BC0F03E441A632758780C24BA5B3E0FA5EB565904CBB94E7 2x, https://d20zyr0oabjxc2.cloudfront.net/variants/media/raw_images/crestside_geckos/2024/04/20240423062458.642-1000002307-198x198c.jpeg?signature=0582DE768EB50C2D225F267B2A8BAA44CB98A1ADEBEDD768346908861A9B3EF5 1x",
Parti-spotted Pink dalmatian,dalmatian,"https://d20zyr0oabjxc2.cloudfront.net/variants/media/raw_images/katerxw/2024/07/20240731024142.747-1000054203-396x396c.jpeg?signature=B7EBFC2879EA5CD626E6184F21A6B4CDD26C932E1DA98E210DC10D72A514AF7F 2x, https://d20zyr0oabjxc2.cloudfront.net/variants/media/raw_images/katerxw/2024/07/20240731024142.747-1000054203-198x198c.jpeg?signature=5C5B3B36A263CE7C877330A736EF3E09DBE1FBBFCDE9FFF478B4EC5D6032123C 1x",/us/c/reptiles/lizards/crested-geckos/2464918,,"https://d20zyr0oabjxc2.cloudfront.net/variants/media/raw_images/katerxw/2024/07/20240731024142.747-1000054203-396x396c.jpeg?signature=B7EBFC2879EA5CD626E6184F21A6B4CDD26C932E1DA98E210DC10D72A514AF7F 2x, https://d20zyr0oabjxc2.cloudfront.net/variants/media/raw_images/katerxw/2024/07/20240731024142.747-1000054203-198x198c.jpeg?signature=5C5B3B36A263CE7C877330A736EF3E09DBE1FBBFCDE9FFF478B4EC5D6032123C 1x",
Cookies & Cream Super dalmatian,dalmatian,"https://d20zyr0oabjxc2.cloudfront.net/variants/media/raw_images/sharpset62/2024/09/20240912234106.442-Screenshot2024-09-1-396x396c.jpeg?signature=4C46054A34F8190C11F0C415984D4FF8CA9F89C45560976809DFD22E78ECF64C 2x, https://d20zyr0oabjxc2.cloudfront.net/variants/media/raw_images/sharpset62/2024/09/20240912234106.442-Screenshot2024-09-1-198x198c.jpeg?signature=E823783D737F34094AF37204BB38C8FEB45CF46B34DBAA82563219D6202D5BF0 1x",/us/c/reptiles/lizards/crested-geckos/1876785,,"https://d20zyr0oabjxc2.cloudfront.net/variants/media/raw_images/sharpset62/2024/09/20240912234106.442-Screenshot2024-09-1-396x396c.jpeg?signature=4C46054A34F8190C11F0C415984D4FF8CA9F89C45560976809DFD22E78ECF64C 2x, https://d20zyr0oabjxc2.cloudfront.net/variants/media/raw_images/sharpset62/2024/09/20240912234106.442-Screenshot2024-09-1-198x198c.jpeg?signature=E823783D737F34094AF37204BB38C8FEB45CF46B34DBAA82563219D6202D5BF0 1x",
Red Spot Super dalmatian,Red dalmatian,"https://d20zyr0oabjxc2.cloudfront.net/variants/media/raw_images/geckonerd/2024/11/20241104000139.361-12cg24b-396x396c.jpeg?signature=5749ED55A9977F9D8D4D428337CEACF5C53698093BC08BFEA16DEC57BC7B4D36 2x, https://d20zyr0oabjxc2.cloudfront.net/variants/media/raw_images/geckonerd/2024/11/20241104000139.361-12cg24b-198x198c.jpeg?signature=E7B03CB43DC2B91D611D46762678030B4C889F89C0BD1F9EA9B6327892DFDDD6 1x",/us/c/reptiles/lizards/crested-geckos/2700531,,"https://d20zyr0oabjxc2.cloudfront.net/variants/media/raw_images/geckonerd/2024/11/20241104000139.361-12cg24b-396x396c.jpeg?signature=5749ED55A9977F9D8D4D428337CEACF5C53698093BC08BFEA16DEC57BC7B4D36 2x, https://d20zyr0oabjxc2.cloudfront.net/variants/media/raw_images/geckonerd/2024/11/20241104000139.361-12cg24b-198x198c.jpeg?signature=E7B03CB43DC2B91D611D46762678030B4C889F89C0BD1F9EA9B6327892DFDDD6 1x",
Red Spot Super dalmatian,Red dalmatian,"https://d20zyr0oabjxc2.cloudfront.net/variants/media/raw_images/geckonerd/2024/11/20241103235910.997-33cg24-396x396c.jpeg?signature=6A679920D2958D697EEBD17D95358EA6517A707A7328C279F13C0A20054E8004 2x, https://d20zyr0oabjxc2.cloudfront.net/variants/media/raw_images/geckonerd/2024/11/20241103235910.997-33cg24-198x198c.jpeg?signature=C04C087AD8BE5FBB7FC0981E1F5A410A7E355D380BDF02367504BF7366AFE5B1 1x",/us/c/reptiles/lizards/crested-geckos/2700526,,"https://d20zyr0oabjxc2.cloudfront.net/variants/media/raw_images/geckonerd/2024/11/20241103235910.997-33cg24-396x396c.jpeg?signature=6A679920D2958D697EEBD17D95358EA6517A707A7328C279F13C0A20054E8004 2x, https://d20zyr0oabjxc2.cloudfront.net/variants/media/raw_images/geckonerd/2024/11/20241103235910.997-33cg24-198x198c.jpeg?signature=C04C087AD8BE5FBB7FC0981E1F5A410A7E355D380BDF02367504BF7366AFE5B1 1x",
Ink Spot dalmatian Male,dalmatian,"https://d20zyr0oabjxc2.cloudfront.net/variants/media/raw_images/paper_crane/2024/09/20240930234041.652-IMG_21282-396x396c.jpeg?signature=D8603691235A2120E749D7D8A0635003497A2A2C09B3553875F4A524E5D26A0D 2x, https://d20zyr0oabjxc2.cloudfront.net/variants/media/raw_images/paper_crane/2024/09/20240930234041.652-IMG_21282-198x198c.jpeg?signature=F812C3C9EFC57A396C4E94ED284F2B27130687D59E056C9A3BE08EF6D97E565D 1x",/us/c/reptiles/lizards/crested-geckos/2619306,,"https://d20zyr0oabjxc2.cloudfront.net/variants/media/raw_images/paper_crane/2024/09/20240930234041.652-IMG_21282-396x396c.jpeg?signature=D8603691235A2120E749D7D8A0635003497A2A2C09B3553875F4A524E5D26A0D 2x, https://d20zyr0oabjxc2.cloudfront.net/variants/media/raw_images/paper_crane/2024/09/20240930234041.652-IMG_21282-198x198c.jpeg?signature=F812C3C9EFC57A396C4E94ED284F2B27130687D59E056C9A3BE08EF6D97E565D 1x",
Male Super dalmatian Crested Gecko Cr-1055,dalmatian,"https://d20zyr0oabjxc2.cloudfront.net/variants/media/raw_images/pangeareptile/2023/11/20231127214450.306-CR-1055FullLeft-396x396c.jpeg?signature=6B176343732269F49E5D0EC154C7DDFBDE0D5543A962CC3D8C127453FBA57871 2x, https://d20zyr0oabjxc2.cloudfront.net/variants/media/raw_images/pangeareptile/2023/11/20231127214450.306-CR-1055FullLeft-198x198c.jpeg?signature=4C3B56CEC0384FC90523A0B47665DE9A87AB5D5BD64E3E524805A1F64BE160B9 1x",/us/c/reptiles/lizards/crested-geckos/2035341,,"https://d20zyr0oabjxc2.cloudfront.net/variants/media/raw_images/pangeareptile/2023/11/20231127214450.306-CR-1055FullLeft-396x396c.jpeg?signature=6B176343732269F49E5D0EC154C7DDFBDE0D5543A962CC3D8C127453FBA57871 2x, https://d20zyr0oabjxc2.cloudfront.net/variants/media/raw_images/pangeareptile/2023/11/20231127214450.306-CR-1055FullLeft-198x198c.jpeg?signature=4C3B56CEC0384FC90523A0B47665DE9A87AB5D5BD64E3E524805A1F64BE160B9 1x",
Red dalmatian Probable Female Crested Gecko,Red dalmatian,"https://d20zyr0oabjxc2.cloudfront.net/variants/media/raw_images/smugbug/2024/06/20240609210426.275-AuroraBorealisleft-396x396c.jpeg?signature=EFA489367B26E60E16F049C6810270EC70A561DC2AA199DB1935CF0AFC20442B 2x, https://d20zyr0oabjxc2.cloudfront.net/variants/media/raw_images/smugbug/2024/06/20240609210426.275-AuroraBorealisleft-198x198c.jpeg?signature=03FD9F19D4B5F216FC796BA2E9DCA7270A14D41A5B488A5AAE08FCBDC7067884 1x",/us/c/reptiles/lizards/crested-geckos/2368231,,"https://d20zyr0oabjxc2.cloudfront.net/variants/media/raw_images/smugbug/2024/06/20240609210426.275-AuroraBorealisleft-396x396c.jpeg?signature=EFA489367B26E60E16F049C6810270EC70A561DC2AA199DB1935CF0AFC20442B 2x, https://d20zyr0oabjxc2.cloudfront.net/variants/media/raw_images/smugbug/2024/06/20240609210426.275-AuroraBorealisleft-198x198c.jpeg?signature=03FD9F19D4B5F216FC796BA2E9DCA7270A14D41A5B488A5AAE08FCBDC7067884 1x",
Male dalmatian Crested Gecko Cr-1048,dalmatian,"https://d20zyr0oabjxc2.cloudfront.net/variants/media/raw_images/pangeareptile/2023/12/20231215201552.571-CR1048UpdateLeft-396x396c.jpeg?signature=740F5756542F5FFBD17EF99D4B2B2B5E8A613EBB7502BEE635D43EA16BE5EF50 2x, https://d20zyr0oabjxc2.cloudfront.net/variants/media/raw_images/pangeareptile/2023/12/20231215201552.571-CR1048UpdateLeft-198x198c.jpeg?signature=FD88E816F9ED65EAD0163C2E48053C5D9FBB2C0089F43133E169F13027DE661B 1x",/us/c/reptiles/lizards/crested-geckos/2063540,,"https://d20zyr0oabjxc2.cloudfront.net/variants/media/raw_images/pangeareptile/2023/12/20231215201552.571-CR1048UpdateLeft-396x396c.jpeg?signature=740F5756542F5FFBD17EF99D4B2B2B5E8A613EBB7502BEE635D43EA16BE5EF50 2x, https://d20zyr0oabjxc2.cloudfront.net/variants/media/raw_images/pangeareptile/2023/12/20231215201552.571-CR1048UpdateLeft-198x198c.jpeg?signature=FD88E816F9ED65EAD0163C2E48053C5D9FBB2C0089F43133E169F13027DE661B 1x",
Unique Phantom With dalmatian/ink Spots Pos Het Empty Back,dalmatian/ink,"https://d20zyr0oabjxc2.cloudfront.net/variants/media/raw_images/tatiana756/2024/11/20241103201346.979-IMG_9024-396x396c.jpeg?signature=75DB184AF1B1FD2052B268653F1049D3055992C5C5E3618D0271EE97FD5E3BB6 2x, https://d20zyr0oabjxc2.cloudfront.net/variants/media/raw_images/tatiana756/2024/11/20241103201346.979-IMG_9024-198x198c.jpeg?signature=F89BF02E27CFE3A0229477573BC1AC6C5897FF67E1471B66D3AF8906EAE09E44 1x",/us/c/reptiles/lizards/crested-geckos/2699974,,"https://d20zyr0oabjxc2.cloudfront.net/variants/media/raw_images/tatiana756/2024/11/20241103201346.979-IMG_9024-396x396c.jpeg?signature=75DB184AF1B1FD2052B268653F1049D3055992C5C5E3618D0271EE97FD5E3BB6 2x, https://d20zyr0oabjxc2.cloudfront.net/variants/media/raw_images/tatiana756/2024/11/20241103201346.979-IMG_9024-198x198c.jpeg?signature=F89BF02E27CFE3A0229477573BC1AC6C5897FF67E1471B66D3AF8906EAE09E44 1x",
Cappuccino dalmatian Male,dalmatian,"https://d20zyr0oabjxc2.cloudfront.net/variants/media/raw_images/kirkmichaels/2024/11/20241103190415.80-1000005162-396x396c.jpeg?signature=A03FA44FE50332E1CC0380F20B806268010052E2CA9B7E8D8215B7F59CB61B11 2x, https://d20zyr0oabjxc2.cloudfront.net/variants/media/raw_images/kirkmichaels/2024/11/20241103190415.80-1000005162-198x198c.jpeg?signature=824C854CCCF020A97332F2AAC09F7EF31EAE45B64D15C1704397795C5DA0E6A3 1x",/us/c/reptiles/lizards/crested-geckos/2699697,,"https://d20zyr0oabjxc2.cloudfront.net/variants/media/raw_images/kirkmichaels/2024/11/20241103190415.80-1000005162-396x396c.jpeg?signature=A03FA44FE50332E1CC0380F20B806268010052E2CA9B7E8D8215B7F59CB61B11 2x, https://d20zyr0oabjxc2.cloudfront.net/variants/media/raw_images/kirkmichaels/2024/11/20241103190415.80-1000005162-198x198c.jpeg?signature=824C854CCCF020A97332F2AAC09F7EF31EAE45B64D15C1704397795C5DA0E6A3 1x",
Cookies & Cream Super dalmatian Hatchling SD5,dalmatian,"https://d20zyr0oabjxc2.cloudfront.net/variants/media/raw_images/sharpset62/2024/09/20240913010123.254-Screenshot2024-09-1-396x396c.jpeg?signature=E8B7112169A14FB09604679E3F5F4EBD91EB1787A2B7D9F8B82A1581FF15AB44 2x, https://d20zyr0oabjxc2.cloudfront.net/variants/media/raw_images/sharpset62/2024/09/20240913010123.254-Screenshot2024-09-1-198x198c.jpeg?signature=B763010F55902FC81A0D9E96EFAA48236756215FD5DBFCC2F3A49BEF583F2C84 1x",/us/c/reptiles/lizards/crested-geckos/1487935,,"https://d20zyr0oabjxc2.cloudfront.net/variants/media/raw_images/sharpset62/2024/09/20240913010123.254-Screenshot2024-09-1-396x396c.jpeg?signature=E8B7112169A14FB09604679E3F5F4EBD91EB1787A2B7D9F8B82A1581FF15AB44 2x, https://d20zyr0oabjxc2.cloudfront.net/variants/media/raw_images/sharpset62/2024/09/20240913010123.254-Screenshot2024-09-1-198x198c.jpeg?signature=B763010F55902FC81A0D9E96EFAA48236756215FD5DBFCC2F3A49BEF583F2C84 1x",
dalmatian,dalmatian,"https://d20zyr0oabjxc2.cloudfront.net/variants/media/raw_images/kcgeckos/2024/08/20240823173446.680-IMG_0738-396x396c.jpeg?signature=EC65AD0642829FA9B3E5CAE7A4985D570B72D12805381EC33AFA333B6DC284F6 2x, https://d20zyr0oabjxc2.cloudfront.net/variants/media/raw_images/kcgeckos/2024/08/20240823173446.680-IMG_0738-198x198c.jpeg?signature=D748596C25E182D6A3023A2EE970DA58977296F0110EAB8405CC12F26E25CB48 1x",/us/c/reptiles/lizards/crested-geckos/2519976,,"https://d20zyr0oabjxc2.cloudfront.net/variants/media/raw_images/kcgeckos/2024/08/20240823173446.680-IMG_0738-396x396c.jpeg?signature=EC65AD0642829FA9B3E5CAE7A4985D570B72D12805381EC33AFA333B6DC284F6 2x, https://d20zyr0oabjxc2.cloudfront.net/variants/media/raw_images/kcgeckos/2024/08/20240823173446.680-IMG_0738-198x198c.jpeg?signature=D748596C25E182D6A3023A2EE970DA58977296F0110EAB8405CC12F26E25CB48 1x",
Male Super dalmatian Crested Gecko Cr-1467,dalmatian,"https://d20zyr0oabjxc2.cloudfront.net/variants/media/raw_images/pangeareptile/2023/11/20231127160839.898-CR-1467Left-396x396c.jpeg?signature=9736679BDDDFB5902B9C71C7B1725309998445D4BB9147EC266AD38CD680D115 2x, https://d20zyr0oabjxc2.cloudfront.net/variants/media/raw_images/pangeareptile/2023/11/20231127160839.898-CR-1467Left-198x198c.jpeg?signature=B4CA8C51E9901CF2B5056303345A8C32382C6A7FBE87D4E8CA9B7273A6FE8047 1x",/us/c/reptiles/lizards/crested-geckos/2034583,,"https://d20zyr0oabjxc2.cloudfront.net/variants/media/raw_images/pangeareptile/2023/11/20231127160839.898-CR-1467Left-396x396c.jpeg?signature=9736679BDDDFB5902B9C71C7B1725309998445D4BB9147EC266AD38CD680D115 2x, https://d20zyr0oabjxc2.cloudfront.net/variants/media/raw_images/pangeareptile/2023/11/20231127160839.898-CR-1467Left-198x198c.jpeg?signature=B4CA8C51E9901CF2B5056303345A8C32382C6A7FBE87D4E8CA9B7273A6FE8047 1x",
,,,,,,
dalmatian Crested Gecko,dalmatian,"https://d20zyr0oabjxc2.cloudfront.net/variants/media/raw_images/paramountreptiles/2024/11/20241103161005.877-1000020204-396x396c.jpeg?signature=ABF6D57938F04EA3B500195EC5A54317A7B68D4278E80FBEEFEE43D6D87E8151 2x, https://d20zyr0oabjxc2.cloudfront.net/variants/media/raw_images/paramountreptiles/2024/11/20241103161005.877-1000020204-198x198c.jpeg?signature=9C782E4A12C921B3988B67C1D4C36F1748FD37850963D129DCD6E478EFEE48F4 1x",/us/c/reptiles/lizards/crested-geckos/2699276,,"https://d20zyr0oabjxc2.cloudfront.net/variants/media/raw_images/paramountreptiles/2024/11/20241103161005.877-1000020204-396x396c.jpeg?signature=ABF6D57938F04EA3B500195EC5A54317A7B68D4278E80FBEEFEE43D6D87E8151 2x, https://d20zyr0oabjxc2.cloudfront.net/variants/media/raw_images/paramountreptiles/2024/11/20241103161005.877-1000020204-198x198c.jpeg?signature=9C782E4A12C921B3988B67C1D4C36F1748FD37850963D129DCD6E478EFEE48F4 1x",
Buckskin Super dalmatian Crested Gecko ,dalmatian,"https://d20zyr0oabjxc2.cloudfront.net/variants/media/raw_images/olympianexotics/2023/06/20230630043710.14-superdalmatiancrested25mb-396x396c.jpeg?signature=5615387489C7A9647FBB86D95F18904522F7E330C4FA3AEDCA63F701AF4EFC9D 2x, https://d20zyr0oabjxc2.cloudfront.net/variants/media/raw_images/olympianexotics/2023/06/20230630043710.14-superdalmatiancrested25mb-198x198c.jpeg?signature=B2D893B13E6A0C212655803F321989E9C05BD62FD73069EA26A02F704D5C8BC6 1x",/us/c/reptiles/lizards/crested-geckos/1677440,,"https://d20zyr0oabjxc2.cloudfront.net/variants/media/raw_images/olympianexotics/2023/06/20230630043710.14-superdalmatiancrested25mb-396x396c.jpeg?signature=5615387489C7A9647FBB86D95F18904522F7E330C4FA3AEDCA63F701AF4EFC9D 2x, https://d20zyr0oabjxc2.cloudfront.net/variants/media/raw_images/olympianexotics/2023/06/20230630043710.14-superdalmatiancrested25mb-198x198c.jpeg?signature=B2D893B13E6A0C212655803F321989E9C05BD62FD73069EA26A02F704D5C8BC6 1x",
dalmatian W/port Holes,dalmatian,"https://d20zyr0oabjxc2.cloudfront.net/variants/media/raw_images/jessi8402/2024/11/20241103041558.979-IMG_8525-396x396c.jpeg?signature=DEB90A4223BDA361AA7029E52DE2265001A7F9945DD1B45087C9E5A88E50DCBF 2x, https://d20zyr0oabjxc2.cloudfront.net/variants/media/raw_images/jessi8402/2024/11/20241103041558.979-IMG_8525-198x198c.jpeg?signature=E38657C34F80A223659AC9CC552C83A2D5E4D907A0DA84CE0F052A0E025B72CD 1x",/us/c/reptiles/lizards/crested-geckos/2698641,,"https://d20zyr0oabjxc2.cloudfront.net/variants/media/raw_images/jessi8402/2024/11/20241103041558.979-IMG_8525-396x396c.jpeg?signature=DEB90A4223BDA361AA7029E52DE2265001A7F9945DD1B45087C9E5A88E50DCBF 2x, https://d20zyr0oabjxc2.cloudfront.net/variants/media/raw_images/jessi8402/2024/11/20241103041558.979-IMG_8525-198x198c.jpeg?signature=E38657C34F80A223659AC9CC552C83A2D5E4D907A0DA84CE0F052A0E025B72CD 1x",
Yellow dalmatian,Yellow dalmatian,"https://d20zyr0oabjxc2.cloudfront.net/variants/media/raw_images/ashleysgm/2024/11/20241103020337.808-Apple1-396x396c.jpeg?signature=284FD1CD86355E2D2C955CC1A6CF272B520C2DFE9AB7336472C6B9FE884CB26F 2x, https://d20zyr0oabjxc2.cloudfront.net/variants/media/raw_images/ashleysgm/2024/11/20241103020337.808-Apple1-198x198c.jpeg?signature=707B73EA536053BC2349EBC12EED999951FA6A7DF9DB3B1BD5DC51E1554DD08F 1x",/us/c/reptiles/lizards/crested-geckos/2698501,,"https://d20zyr0oabjxc2.cloudfront.net/variants/media/raw_images/ashleysgm/2024/11/20241103020337.808-Apple1-396x396c.jpeg?signature=284FD1CD86355E2D2C955CC1A6CF272B520C2DFE9AB7336472C6B9FE884CB26F 2x, https://d20zyr0oabjxc2.cloudfront.net/variants/media/raw_images/ashleysgm/2024/11/20241103020337.808-Apple1-198x198c.jpeg?signature=707B73EA536053BC2349EBC12EED999951FA6A7DF9DB3B1BD5DC51E1554DD08F 1x",
dalmatian,dalmatian,"https://d20zyr0oabjxc2.cloudfront.net/variants/media/raw_images/ashleysgm/2024/08/20240820203852.538-GrapeAug2024-396x396c.jpeg?signature=CCD17E1EFB132A3FDD9B2A1E467D544A7F0FB2155E872047DED49F7F4783EFCF 2x, https://d20zyr0oabjxc2.cloudfront.net/variants/media/raw_images/ashleysgm/2024/08/20240820203852.538-GrapeAug2024-198x198c.jpeg?signature=672CF513052FAD3489E565C7A7F89BE7E213F54D4C9A6B7D28F9C39118262EE5 1x",/us/c/reptiles/lizards/crested-geckos/2512983,,"https://d20zyr0oabjxc2.cloudfront.net/variants/media/raw_images/ashleysgm/2024/08/20240820203852.538-GrapeAug2024-396x396c.jpeg?signature=CCD17E1EFB132A3FDD9B2A1E467D544A7F0FB2155E872047DED49F7F4783EFCF 2x, https://d20zyr0oabjxc2.cloudfront.net/variants/media/raw_images/ashleysgm/2024/08/20240820203852.538-GrapeAug2024-198x198c.jpeg?signature=672CF513052FAD3489E565C7A7F89BE7E213F54D4C9A6B7D28F9C39118262EE5 1x",
dalmatian,dalmatian,"https://d20zyr0oabjxc2.cloudfront.net/variants/media/raw_images/ashleysgm/2024/08/20240820203352.314-LimeAug2024-396x396c.jpeg?signature=30E78F7F0CEDDAA67F9C3881BC6DB55AE522A18CDC3F057DF9A6D48B565161C7 2x, https://d20zyr0oabjxc2.cloudfront.net/variants/media/raw_images/ashleysgm/2024/08/20240820203352.314-LimeAug2024-198x198c.jpeg?signature=F9B4C26C14BD79BC650FE74C7C77DEA55361E5910C051E7559720DC4242744F9 1x",/us/c/reptiles/lizards/crested-geckos/2512941,,"https://d20zyr0oabjxc2.cloudfront.net/variants/media/raw_images/ashleysgm/2024/08/20240820203352.314-LimeAug2024-396x396c.jpeg?signature=30E78F7F0CEDDAA67F9C3881BC6DB55AE522A18CDC3F057DF9A6D48B565161C7 2x, https://d20zyr0oabjxc2.cloudfront.net/variants/media/raw_images/ashleysgm/2024/08/20240820203352.314-LimeAug2024-198x198c.jpeg?signature=F9B4C26C14BD79BC650FE74C7C77DEA55361E5910C051E7559720DC4242744F9 1x",
dalmatian Crested Gecko,dalmatian,"https://d20zyr0oabjxc2.cloudfront.net/variants/media/raw_images/neocavero/2024/09/20240909233936.560-BombtrackxTrio02-396x396c.jpeg?signature=8102B781A38DE36E34FFC3D2A6B6208D538B8C2FD9B3B710ED6AFCCF60DF1A4F 2x, https://d20zyr0oabjxc2.cloudfront.net/variants/media/raw_images/neocavero/2024/09/20240909233936.560-BombtrackxTrio02-198x198c.jpeg?signature=B208A667C3800312F916958E399A76DF3E61C054F27F5C46909A89CBAFF31B8D 1x",/us/c/reptiles/lizards/crested-geckos/2566840,,"https://d20zyr0oabjxc2.cloudfront.net/variants/media/raw_images/neocavero/2024/09/20240909233936.560-BombtrackxTrio02-396x396c.jpeg?signature=8102B781A38DE36E34FFC3D2A6B6208D538B8C2FD9B3B710ED6AFCCF60DF1A4F 2x, https://d20zyr0oabjxc2.cloudfront.net/variants/media/raw_images/neocavero/2024/09/20240909233936.560-BombtrackxTrio02-198x198c.jpeg?signature=B208A667C3800312F916958E399A76DF3E61C054F27F5C46909A89CBAFF31B8D 1x",
Super dalmatian Male,dalmatian,"https://d20zyr0oabjxc2.cloudfront.net/variants/media/raw_images/troysgeckos/2024/09/20240921232135.920-MMGrp.14D2023-04-396x396c.jpeg?signature=1C58D7F817B20F0CB3F038D9AF4149CBD6FD8AFF6C1D3BDB3BFC0FBE7DE1F2D7 2x, https://d20zyr0oabjxc2.cloudfront.net/variants/media/raw_images/troysgeckos/2024/09/20240921232135.920-MMGrp.14D2023-04-198x198c.jpeg?signature=98B4CC1DF581983980B994E5ADCFA7592F7158CDDC297334371E8A36EBAA6649 1x",/us/c/reptiles/lizards/crested-geckos/2597543,,"https://d20zyr0oabjxc2.cloudfront.net/variants/media/raw_images/troysgeckos/2024/09/20240921232135.920-MMGrp.14D2023-04-396x396c.jpeg?signature=1C58D7F817B20F0CB3F038D9AF4149CBD6FD8AFF6C1D3BDB3BFC0FBE7DE1F2D7 2x, https://d20zyr0oabjxc2.cloudfront.net/variants/media/raw_images/troysgeckos/2024/09/20240921232135.920-MMGrp.14D2023-04-198x198c.jpeg?signature=98B4CC1DF581983980B994E5ADCFA7592F7158CDDC297334371E8A36EBAA6649 1x",
Orange dalmatian,dalmatian,"https://d20zyr0oabjxc2.cloudfront.net/variants/media/raw_images/neocavero/2024/09/20240909231713.382-BombtrackxLoba06-396x396c.jpeg?signature=94167A19D1DEADF00018EEC48BD53390842B2C2B48394BC273BEB9EE14DED2C8 2x, https://d20zyr0oabjxc2.cloudfront.net/variants/media/raw_images/neocavero/2024/09/20240909231713.382-BombtrackxLoba06-198x198c.jpeg?signature=3B457020B0B1ED82D843ADF11F4DCE78CCF31ED413C27EA9A80F109F253CB3D6 1x",/us/c/reptiles/lizards/crested-geckos/2566794,,"https://d20zyr0oabjxc2.cloudfront.net/variants/media/raw_images/neocavero/2024/09/20240909231713.382-BombtrackxLoba06-396x396c.jpeg?signature=94167A19D1DEADF00018EEC48BD53390842B2C2B48394BC273BEB9EE14DED2C8 2x, https://d20zyr0oabjxc2.cloudfront.net/variants/media/raw_images/neocavero/2024/09/20240909231713.382-BombtrackxLoba06-198x198c.jpeg?signature=3B457020B0B1ED82D843ADF11F4DCE78CCF31ED413C27EA9A80F109F253CB3D6 1x",
Red dalmatian Crested Gecko,Red dalmatian,"https://d20zyr0oabjxc2.cloudfront.net/variants/media/raw_images/neocavero/2024/09/20240909230855.370-BombtrackxLoba01-396x396c.jpeg?signature=DE98E7F391FAB5C3638B62CF579CD919F4C932E8330B4C4D87A41057537A7200 2x, https://d20zyr0oabjxc2.cloudfront.net/variants/media/raw_images/neocavero/2024/09/20240909230855.370-BombtrackxLoba01-198x198c.jpeg?signature=E961FFE9C3B650E6B7AABE2AAB8D95717B6737419D5686EDCC11870F0028E1CD 1x",/us/c/reptiles/lizards/crested-geckos/2566788,,"https://d20zyr0oabjxc2.cloudfront.net/variants/media/raw_images/neocavero/2024/09/20240909230855.370-BombtrackxLoba01-396x396c.jpeg?signature=DE98E7F391FAB5C3638B62CF579CD919F4C932E8330B4C4D87A41057537A7200 2x, https://d20zyr0oabjxc2.cloudfront.net/variants/media/raw_images/neocavero/2024/09/20240909230855.370-BombtrackxLoba01-198x198c.jpeg?signature=E961FFE9C3B650E6B7AABE2AAB8D95717B6737419D5686EDCC11870F0028E1CD 1x",
"Sonic Boom, Red Based dalmatian Probable Female Crested Gecko",Red dalmatian,"https://d20zyr0oabjxc2.cloudfront.net/variants/media/raw_images/smugbug/2024/11/20241102195259.886-Sonicboomtop-396x396c.jpeg?signature=1A12D1B17B0BD7248FF1022A88009445F13DFFB8DCEBCBC31823D61DBBD015B4 2x, https://d20zyr0oabjxc2.cloudfront.net/variants/media/raw_images/smugbug/2024/11/20241102195259.886-Sonicboomtop-198x198c.jpeg?signature=364C46065645BF160F73F49A766BAE9AD1644A83CEAB49CF4107C599700BBE79 1x",/us/c/reptiles/lizards/crested-geckos/2697698,,"https://d20zyr0oabjxc2.cloudfront.net/variants/media/raw_images/smugbug/2024/11/20241102195259.886-Sonicboomtop-396x396c.jpeg?signature=1A12D1B17B0BD7248FF1022A88009445F13DFFB8DCEBCBC31823D61DBBD015B4 2x, https://d20zyr0oabjxc2.cloudfront.net/variants/media/raw_images/smugbug/2024/11/20241102195259.886-Sonicboomtop-198x198c.jpeg?signature=364C46065645BF160F73F49A766BAE9AD1644A83CEAB49CF4107C599700BBE79 1x",#REF!
"Solstice, Red Based dalmatian Possible Male Crested Gecko",Red dalmatian,"https://d20zyr0oabjxc2.cloudfront.net/variants/media/raw_images/smugbug/2024/11/20241102192835.752-Solsticeleft-396x396c.jpeg?signature=1A28BC3A4FB57708F1CFCD2BC5FB897E869B4086B0CB90334DB880D6A552EE5C 2x, https://d20zyr0oabjxc2.cloudfront.net/variants/media/raw_images/smugbug/2024/11/20241102192835.752-Solsticeleft-198x198c.jpeg?signature=1B1DC1CF846C0136215676A48C3D74D4F514CB2E2CAAFAAB8A3771F76581D865 1x",/us/c/reptiles/lizards/crested-geckos/2697617,,"https://d20zyr0oabjxc2.cloudfront.net/variants/media/raw_images/smugbug/2024/11/20241102192835.752-Solsticeleft-396x396c.jpeg?signature=1A28BC3A4FB57708F1CFCD2BC5FB897E869B4086B0CB90334DB880D6A552EE5C 2x, https://d20zyr0oabjxc2.cloudfront.net/variants/media/raw_images/smugbug/2024/11/20241102192835.752-Solsticeleft-198x198c.jpeg?signature=1B1DC1CF846C0136215676A48C3D74D4F514CB2E2CAAFAAB8A3771F76581D865 1x",#REF!
dalmatian,dalmatian,"https://d20zyr0oabjxc2.cloudfront.net/variants/media/raw_images/srmiller/2024/09/20240909174621.608-IMG_0786-396x396c.jpeg?signature=F6B85D94A3285F9A478CDC10830D32314776E2C3827FCC26199111F666FF2F1E 2x, https://d20zyr0oabjxc2.cloudfront.net/variants/media/raw_images/srmiller/2024/09/20240909174621.608-IMG_0786-198x198c.jpeg?signature=CCC66FB26FD3C6504E424BF249DFD308271E4705A6845987EE4BC81D63AA591D 1x",/us/c/reptiles/lizards/crested-geckos/2565918,,"https://d20zyr0oabjxc2.cloudfront.net/variants/media/raw_images/srmiller/2024/09/20240909174621.608-IMG_0786-396x396c.jpeg?signature=F6B85D94A3285F9A478CDC10830D32314776E2C3827FCC26199111F666FF2F1E 2x, https://d20zyr0oabjxc2.cloudfront.net/variants/media/raw_images/srmiller/2024/09/20240909174621.608-IMG_0786-198x198c.jpeg?signature=CCC66FB26FD3C6504E424BF249DFD308271E4705A6845987EE4BC81D63AA591D 1x",#REF!
RTB dalmatian +?,dalmatian,"https://d20zyr0oabjxc2.cloudfront.net/variants/media/raw_images/rbrickler/2024/10/20241012191933.822-IMG_7681-396x396c.jpeg?signature=C18BD8D8E2280D5DF535667F8C85C61B4849F9E317410B8DAE9AE560DDE247AB 2x, https://d20zyr0oabjxc2.cloudfront.net/variants/media/raw_images/rbrickler/2024/10/20241012191933.822-IMG_7681-198x198c.jpeg?signature=E6BF1389750D124B2F5495F4C6C00C3906008FF893815B2E2AE0608DFD9AC22B 1x",/us/c/reptiles/lizards/crested-geckos/2580262,,"https://d20zyr0oabjxc2.cloudfront.net/variants/media/raw_images/rbrickler/2024/10/20241012191933.822-IMG_7681-396x396c.jpeg?signature=C18BD8D8E2280D5DF535667F8C85C61B4849F9E317410B8DAE9AE560DDE247AB 2x, https://d20zyr0oabjxc2.cloudfront.net/variants/media/raw_images/rbrickler/2024/10/20241012191933.822-IMG_7681-198x198c.jpeg?signature=E6BF1389750D124B2F5495F4C6C00C3906008FF893815B2E2AE0608DFD9AC22B 1x",#REF!
50% OFF SALE! Super dalmatian Male,dalmatian,"https://d20zyr0oabjxc2.cloudfront.net/variants/media/raw_images/evolverreptiles/2024/10/20241024021208.914-DSC_0649-396x396c.jpeg?signature=448EFDF8A10975399E163A706BD925584D71B67BEFE4195A46A71A0B54E99FD0 2x, https://d20zyr0oabjxc2.cloudfront.net/variants/media/raw_images/evolverreptiles/2024/10/20241024021208.914-DSC_0649-198x198c.jpeg?signature=F448804691F823A43E6A0965852D0B42322167B70EA0FDA67351EA41F249811A 1x",/us/c/reptiles/lizards/crested-geckos/2015061,,"https://d20zyr0oabjxc2.cloudfront.net/variants/media/raw_images/evolverreptiles/2024/10/20241024021208.914-DSC_0649-396x396c.jpeg?signature=448EFDF8A10975399E163A706BD925584D71B67BEFE4195A46A71A0B54E99FD0 2x, https://d20zyr0oabjxc2.cloudfront.net/variants/media/raw_images/evolverreptiles/2024/10/20241024021208.914-DSC_0649-198x198c.jpeg?signature=F448804691F823A43E6A0965852D0B42322167B70EA0FDA67351EA41F249811A 1x",#REF!
Super dalmatian,dalmatian,"https://d20zyr0oabjxc2.cloudfront.net/variants/media/raw_images/jmarks/2023/12/20231226151417.345-IMG_2791-396x396c.jpeg?signature=4417690BE92E8287494DB64E7F7EB354404B944C1201AE6B8CBC35BB4C3C38B3 2x, https://d20zyr0oabjxc2.cloudfront.net/variants/media/raw_images/jmarks/2023/12/20231226151417.345-IMG_2791-198x198c.jpeg?signature=A843F0CBA891AE2C5D3B5F66FA5267F2AD5E38C3BBA0722E314227EC10761B24 1x",/us/c/reptiles/lizards/crested-geckos/2078322,,"https://d20zyr0oabjxc2.cloudfront.net/variants/media/raw_images/jmarks/2023/12/20231226151417.345-IMG_2791-396x396c.jpeg?signature=4417690BE92E8287494DB64E7F7EB354404B944C1201AE6B8CBC35BB4C3C38B3 2x, https://d20zyr0oabjxc2.cloudfront.net/variants/media/raw_images/jmarks/2023/12/20231226151417.345-IMG_2791-198x198c.jpeg?signature=A843F0CBA891AE2C5D3B5F66FA5267F2AD5E38C3BBA0722E314227EC10761B24 1x",
Yellow dalmatian,Yellow dalmatian,"https://d20zyr0oabjxc2.cloudfront.net/variants/media/raw_images/sarafina22/2024/10/20241006040343.326-1000012505-396x396c.jpeg?signature=7E6227D64C74D744A852A12BC513C96A989EE666BE22C4DE376E10E054C61E7C 2x, https://d20zyr0oabjxc2.cloudfront.net/variants/media/raw_images/sarafina22/2024/10/20241006040343.326-1000012505-198x198c.jpeg?signature=8787F7C71BAD4132749079D9EC95FD8E760AA404D6E1A5FEC8F2E8E8ADA7F584 1x",/us/c/reptiles/lizards/crested-geckos/2631135,,"https://d20zyr0oabjxc2.cloudfront.net/variants/media/raw_images/sarafina22/2024/10/20241006040343.326-1000012505-396x396c.jpeg?signature=7E6227D64C74D744A852A12BC513C96A989EE666BE22C4DE376E10E054C61E7C 2x, https://d20zyr0oabjxc2.cloudfront.net/variants/media/raw_images/sarafina22/2024/10/20241006040343.326-1000012505-198x198c.jpeg?signature=8787F7C71BAD4132749079D9EC95FD8E760AA404D6E1A5FEC8F2E8E8ADA7F584 1x",
Red Softscale Phantom dalmatian,Red dalmatian,"https://d20zyr0oabjxc2.cloudfront.net/variants/media/raw_images/mikesexotics/2024/06/20240610225427.910-CrestedGecko51-4-396x396c.jpeg?signature=6FB7C6C4A1E609AD83B63A16DADEC01B8784A641DEBCDB56A19AF69787B2B8DE 2x, https://d20zyr0oabjxc2.cloudfront.net/variants/media/raw_images/mikesexotics/2024/06/20240610225427.910-CrestedGecko51-4-198x198c.jpeg?signature=23E9626CF3642AF65C60851C74C6944A7375110033C5BDBA7BC903DC08A1DC9C 1x",/us/c/reptiles/lizards/crested-geckos/2370331,,"https://d20zyr0oabjxc2.cloudfront.net/variants/media/raw_images/mikesexotics/2024/06/20240610225427.910-CrestedGecko51-4-396x396c.jpeg?signature=6FB7C6C4A1E609AD83B63A16DADEC01B8784A641DEBCDB56A19AF69787B2B8DE 2x, https://d20zyr0oabjxc2.cloudfront.net/variants/media/raw_images/mikesexotics/2024/06/20240610225427.910-CrestedGecko51-4-198x198c.jpeg?signature=23E9626CF3642AF65C60851C74C6944A7375110033C5BDBA7BC903DC08A1DC9C 1x",
Pink/Red Phantom Red Spot dalmatian,Pink/Red Red dalmatian,"https://d20zyr0oabjxc2.cloudfront.net/variants/media/raw_images/mikesexotics/2024/06/20240610224659.627-CrestedGecko12-3-396x396c.jpeg?signature=3DBCDA614069A3ED8B40572FB52ED67BD01767D87EF0495A3BE9F2142C9EE4E0 2x, https://d20zyr0oabjxc2.cloudfront.net/variants/media/raw_images/mikesexotics/2024/06/20240610224659.627-CrestedGecko12-3-198x198c.jpeg?signature=5DBAA222C4D6E89E1017E3B374974BB67E7A43CB31E82A5F5AD1D105B282B994 1x",/us/c/reptiles/lizards/crested-geckos/2370315,,"https://d20zyr0oabjxc2.cloudfront.net/variants/media/raw_images/mikesexotics/2024/06/20240610224659.627-CrestedGecko12-3-396x396c.jpeg?signature=3DBCDA614069A3ED8B40572FB52ED67BD01767D87EF0495A3BE9F2142C9EE4E0 2x, https://d20zyr0oabjxc2.cloudfront.net/variants/media/raw_images/mikesexotics/2024/06/20240610224659.627-CrestedGecko12-3-198x198c.jpeg?signature=5DBAA222C4D6E89E1017E3B374974BB67E7A43CB31E82A5F5AD1D105B282B994 1x",
Mardi Gras dalmatian,dalmatian,"https://d20zyr0oabjxc2.cloudfront.net/variants/media/raw_images/fringemorphs/2024/11/20241101214335.479-Crave-396x396c.jpeg?signature=5287F07163BF56CAFDE3E9829B2E7E19627864967FB00B1B745E617216C0FD47 2x, https://d20zyr0oabjxc2.cloudfront.net/variants/media/raw_images/fringemorphs/2024/11/20241101214335.479-Crave-198x198c.jpeg?signature=2A2CB1732F916A7A9F9ABB44EAA01D6309327985DD64687F4A41473D4097C09D 1x",/us/c/reptiles/lizards/crested-geckos/2695388,,"https://d20zyr0oabjxc2.cloudfront.net/variants/media/raw_images/fringemorphs/2024/11/20241101214335.479-Crave-396x396c.jpeg?signature=5287F07163BF56CAFDE3E9829B2E7E19627864967FB00B1B745E617216C0FD47 2x, https://d20zyr0oabjxc2.cloudfront.net/variants/media/raw_images/fringemorphs/2024/11/20241101214335.479-Crave-198x198c.jpeg?signature=2A2CB1732F916A7A9F9ABB44EAA01D6309327985DD64687F4A41473D4097C09D 1x",
50% OFF SALE! Super dalmatian Female,dalmatian,"https://d20zyr0oabjxc2.cloudfront.net/variants/media/raw_images/evolverreptiles/2024/10/20241024013921.385-DSC_06301-396x396c.jpeg?signature=FC7E09D2C58DC2942CB80B30BF660AF70E7A53328A671E0FFD77D4E8B4F4832B 2x, https://d20zyr0oabjxc2.cloudfront.net/variants/media/raw_images/evolverreptiles/2024/10/20241024013921.385-DSC_06301-198x198c.jpeg?signature=D5A16E06BDC09B5270DC2AC3E52795A828F9B87F7632B5B1A7894D24FC971828 1x",/us/c/reptiles/lizards/crested-geckos/2673141,,"https://d20zyr0oabjxc2.cloudfront.net/variants/media/raw_images/evolverreptiles/2024/10/20241024013921.385-DSC_06301-396x396c.jpeg?signature=FC7E09D2C58DC2942CB80B30BF660AF70E7A53328A671E0FFD77D4E8B4F4832B 2x, https://d20zyr0oabjxc2.cloudfront.net/variants/media/raw_images/evolverreptiles/2024/10/20241024013921.385-DSC_06301-198x198c.jpeg?signature=D5A16E06BDC09B5270DC2AC3E52795A828F9B87F7632B5B1A7894D24FC971828 1x",
Red Confetti dalmatian 2023,Red dalmatian,"https://d20zyr0oabjxc2.cloudfront.net/variants/media/raw_images/jayceep/2024/04/20240423205508.431-IMG_0491-396x396c.jpeg?signature=37B2B2B118E8299830637A09AD53CF0C671DCFB38C2A4131A8DE7AA302F03F4A 2x, https://d20zyr0oabjxc2.cloudfront.net/variants/media/raw_images/jayceep/2024/04/20240423205508.431-IMG_0491-198x198c.jpeg?signature=1B861172AB5627A0355F26B4B732D24B89F35B9F36105447EBDF9B6E317D9733 1x",/us/c/reptiles/lizards/crested-geckos/2290190,,"https://d20zyr0oabjxc2.cloudfront.net/variants/media/raw_images/jayceep/2024/04/20240423205508.431-IMG_0491-396x396c.jpeg?signature=37B2B2B118E8299830637A09AD53CF0C671DCFB38C2A4131A8DE7AA302F03F4A 2x, https://d20zyr0oabjxc2.cloudfront.net/variants/media/raw_images/jayceep/2024/04/20240423205508.431-IMG_0491-198x198c.jpeg?signature=1B861172AB5627A0355F26B4B732D24B89F35B9F36105447EBDF9B6E317D9733 1x",
50% OFF SALE! Super dalmatian Male,dalmatian,"https://d20zyr0oabjxc2.cloudfront.net/variants/media/raw_images/evolverreptiles/2024/10/20241025004632.281-DSC_0742-396x396c.jpeg?signature=684FD1DA86924ACF1B598985A206D1C19911B2C11AD208E13343827688C23FB2 2x, https://d20zyr0oabjxc2.cloudfront.net/variants/media/raw_images/evolverreptiles/2024/10/20241025004632.281-DSC_0742-198x198c.jpeg?signature=F243A9E57A692D47A1A346DA1E2440075DE7F90C1C3262B0B506DFEF38205FFB 1x",/us/c/reptiles/lizards/crested-geckos/2246747,,"https://d20zyr0oabjxc2.cloudfront.net/variants/media/raw_images/evolverreptiles/2024/10/20241025004632.281-DSC_0742-396x396c.jpeg?signature=684FD1DA86924ACF1B598985A206D1C19911B2C11AD208E13343827688C23FB2 2x, https://d20zyr0oabjxc2.cloudfront.net/variants/media/raw_images/evolverreptiles/2024/10/20241025004632.281-DSC_0742-198x198c.jpeg?signature=F243A9E57A692D47A1A346DA1E2440075DE7F90C1C3262B0B506DFEF38205FFB 1x",
50% OFF SALE! Ink Spot Super dalmatian Male,dalmatian,"https://d20zyr0oabjxc2.cloudfront.net/variants/media/raw_images/evolverreptiles/2024/10/20241023232101.538-DSC_0516-396x396c.jpeg?signature=3A87EEF2C0284C557402E32FF757859F208EB5775CD063F2DCC5E88ECCE930F5 2x, https://d20zyr0oabjxc2.cloudfront.net/variants/media/raw_images/evolverreptiles/2024/10/20241023232101.538-DSC_0516-198x198c.jpeg?signature=C6913F10EB6AAEE0201E955AFD37867F326A58C4B4AA7E8D5D624653A1703A99 1x",/us/c/reptiles/lizards/crested-geckos/2217659,,"https://d20zyr0oabjxc2.cloudfront.net/variants/media/raw_images/evolverreptiles/2024/10/20241023232101.538-DSC_0516-396x396c.jpeg?signature=3A87EEF2C0284C557402E32FF757859F208EB5775CD063F2DCC5E88ECCE930F5 2x, https://d20zyr0oabjxc2.cloudfront.net/variants/media/raw_images/evolverreptiles/2024/10/20241023232101.538-DSC_0516-198x198c.jpeg?signature=C6913F10EB6AAEE0201E955AFD37867F326A58C4B4AA7E8D5D624653A1703A99 1x",
2023 Super dalmatian Ink Blot Holdback Release,dalmatian,"https://d20zyr0oabjxc2.cloudfront.net/variants/media/raw_images/dbcb-exotics/2024/07/20240723032958.360-cg23-396x396c.jpeg?signature=8CDF8007B452355B487967C6A7700E885A05E23A17BA37AC91FECF00FFF91771 2x, https://d20zyr0oabjxc2.cloudfront.net/variants/media/raw_images/dbcb-exotics/2024/07/20240723032958.360-cg23-198x198c.jpeg?signature=4CDC2A71D03F8F493E5C21F4B5AD1E0429D5640CBB9060DFE51E4FE353A95150 1x",/us/c/reptiles/lizards/crested-geckos/2279825,,"https://d20zyr0oabjxc2.cloudfront.net/variants/media/raw_images/dbcb-exotics/2024/07/20240723032958.360-cg23-396x396c.jpeg?signature=8CDF8007B452355B487967C6A7700E885A05E23A17BA37AC91FECF00FFF91771 2x, https://d20zyr0oabjxc2.cloudfront.net/variants/media/raw_images/dbcb-exotics/2024/07/20240723032958.360-cg23-198x198c.jpeg?signature=4CDC2A71D03F8F493E5C21F4B5AD1E0429D5640CBB9060DFE51E4FE353A95150 1x",
Female Super dalmatian 15.1g,dalmatian,"https://d20zyr0oabjxc2.cloudfront.net/variants/media/raw_images/royalcrestedgeckos/2024/11/20241101174033.979-IMG_4124-396x396c.jpeg?signature=AB6A3141E439BEEE30E9B0A49F09EE02686E7C443D7291147DDB28342BA76825 2x, https://d20zyr0oabjxc2.cloudfront.net/variants/media/raw_images/royalcrestedgeckos/2024/11/20241101174033.979-IMG_4124-198x198c.jpeg?signature=2388816F3938C20692836B95708DC3268481034FC955660A450F57A8DD7AE961 1x",/us/c/reptiles/lizards/crested-geckos/2694638,,"https://d20zyr0oabjxc2.cloudfront.net/variants/media/raw_images/royalcrestedgeckos/2024/11/20241101174033.979-IMG_4124-396x396c.jpeg?signature=AB6A3141E439BEEE30E9B0A49F09EE02686E7C443D7291147DDB28342BA76825 2x, https://d20zyr0oabjxc2.cloudfront.net/variants/media/raw_images/royalcrestedgeckos/2024/11/20241101174033.979-IMG_4124-198x198c.jpeg?signature=2388816F3938C20692836B95708DC3268481034FC955660A450F57A8DD7AE961 1x",
Male Super dalmatian 7.3g,dalmatian,"https://d20zyr0oabjxc2.cloudfront.net/variants/media/raw_images/royalcrestedgeckos/2024/11/20241101173537.825-IMG_4105-396x396c.jpeg?signature=2ACA3873F57AD8DB3589F2668595D67F53AA53BAFDEBA18898D97A25E457265A 2x, https://d20zyr0oabjxc2.cloudfront.net/variants/media/raw_images/royalcrestedgeckos/2024/11/20241101173537.825-IMG_4105-198x198c.jpeg?signature=E4A5FC2493B28968947852A390A6A09811F5D57D6D4A13A980469E891A3F7CDD 1x",/us/c/reptiles/lizards/crested-geckos/2694635,,"https://d20zyr0oabjxc2.cloudfront.net/variants/media/raw_images/royalcrestedgeckos/2024/11/20241101173537.825-IMG_4105-396x396c.jpeg?signature=2ACA3873F57AD8DB3589F2668595D67F53AA53BAFDEBA18898D97A25E457265A 2x, https://d20zyr0oabjxc2.cloudfront.net/variants/media/raw_images/royalcrestedgeckos/2024/11/20241101173537.825-IMG_4105-198x198c.jpeg?signature=E4A5FC2493B28968947852A390A6A09811F5D57D6D4A13A980469E891A3F7CDD 1x",
Female Super dalmatian 9.3g,dalmatian,"https://d20zyr0oabjxc2.cloudfront.net/variants/media/raw_images/royalcrestedgeckos/2024/11/20241101173217.59-IMG_4099-396x396c.jpeg?signature=65071CDCA19E941086235CD51A3AC851744A231DB320FA64AFB5B3A131B5A4BD 2x, https://d20zyr0oabjxc2.cloudfront.net/variants/media/raw_images/royalcrestedgeckos/2024/11/20241101173217.59-IMG_4099-198x198c.jpeg?signature=EBE6BD56826EF0ABF8625782FAA8195C8C112A49CC63F0063DA28CFEC3BEC452 1x",/us/c/reptiles/lizards/crested-geckos/2694627,,"https://d20zyr0oabjxc2.cloudfront.net/variants/media/raw_images/royalcrestedgeckos/2024/11/20241101173217.59-IMG_4099-396x396c.jpeg?signature=65071CDCA19E941086235CD51A3AC851744A231DB320FA64AFB5B3A131B5A4BD 2x, https://d20zyr0oabjxc2.cloudfront.net/variants/media/raw_images/royalcrestedgeckos/2024/11/20241101173217.59-IMG_4099-198x198c.jpeg?signature=EBE6BD56826EF0ABF8625782FAA8195C8C112A49CC63F0063DA28CFEC3BEC452 1x",
Male Super dalmatian 10.8g,dalmatian,"https://d20zyr0oabjxc2.cloudfront.net/variants/media/raw_images/royalcrestedgeckos/2024/11/20241101172741.223-IMG_4096-396x396c.jpeg?signature=539C19411B46A1171BD735EABF993E5009906F6AD1B07B4652EC5EF73BE3C634 2x, https://d20zyr0oabjxc2.cloudfront.net/variants/media/raw_images/royalcrestedgeckos/2024/11/20241101172741.223-IMG_4096-198x198c.jpeg?signature=5BB3FA944C81C2FC57B27AC3679E96E6C9DBC8F5F6D119F84D674FA89DC2E9E5 1x",/us/c/reptiles/lizards/crested-geckos/2694608,,"https://d20zyr0oabjxc2.cloudfront.net/variants/media/raw_images/royalcrestedgeckos/2024/11/20241101172741.223-IMG_4096-396x396c.jpeg?signature=539C19411B46A1171BD735EABF993E5009906F6AD1B07B4652EC5EF73BE3C634 2x, https://d20zyr0oabjxc2.cloudfront.net/variants/media/raw_images/royalcrestedgeckos/2024/11/20241101172741.223-IMG_4096-198x198c.jpeg?signature=5BB3FA944C81C2FC57B27AC3679E96E6C9DBC8F5F6D119F84D674FA89DC2E9E5 1x",
Male Super dalmatian 13.3g,dalmatian,"https://d20zyr0oabjxc2.cloudfront.net/variants/media/raw_images/royalcrestedgeckos/2024/11/20241101172238.271-IMG_4091-396x396c.jpeg?signature=069421F208060C685CC0CA108B95721823977C03134E228307581EBC990AF99B 2x, https://d20zyr0oabjxc2.cloudfront.net/variants/media/raw_images/royalcrestedgeckos/2024/11/20241101172238.271-IMG_4091-198x198c.jpeg?signature=BD974CCC37E64D67C0F9F504AACEF0C283D1B1E4C5537EE3BF6761C45ABF6C23 1x",/us/c/reptiles/lizards/crested-geckos/2694586,,"https://d20zyr0oabjxc2.cloudfront.net/variants/media/raw_images/royalcrestedgeckos/2024/11/20241101172238.271-IMG_4091-396x396c.jpeg?signature=069421F208060C685CC0CA108B95721823977C03134E228307581EBC990AF99B 2x, https://d20zyr0oabjxc2.cloudfront.net/variants/media/raw_images/royalcrestedgeckos/2024/11/20241101172238.271-IMG_4091-198x198c.jpeg?signature=BD974CCC37E64D67C0F9F504AACEF0C283D1B1E4C5537EE3BF6761C45ABF6C23 1x",
Female Super dalmatian 12.5g,dalmatian,"https://d20zyr0oabjxc2.cloudfront.net/variants/media/raw_images/royalcrestedgeckos/2024/11/20241101170946.112-IMG_4088-396x396c.jpeg?signature=83249D617F3B6AA26DC65EE615F7386B2F5A34BBF9A7801CF8576007B0E97928 2x, https://d20zyr0oabjxc2.cloudfront.net/variants/media/raw_images/royalcrestedgeckos/2024/11/20241101170946.112-IMG_4088-198x198c.jpeg?signature=1F56A85CC332EFB305F3AE49A94E5F8F6668688384BACC1C5726BBA9A4DADA3D 1x",/us/c/reptiles/lizards/crested-geckos/2694416,,"https://d20zyr0oabjxc2.cloudfront.net/variants/media/raw_images/royalcrestedgeckos/2024/11/20241101170946.112-IMG_4088-396x396c.jpeg?signature=83249D617F3B6AA26DC65EE615F7386B2F5A34BBF9A7801CF8576007B0E97928 2x, https://d20zyr0oabjxc2.cloudfront.net/variants/media/raw_images/royalcrestedgeckos/2024/11/20241101170946.112-IMG_4088-198x198c.jpeg?signature=1F56A85CC332EFB305F3AE49A94E5F8F6668688384BACC1C5726BBA9A4DADA3D 1x",
Male Super dalmatian 7.6g,dalmatian,"https://d20zyr0oabjxc2.cloudfront.net/variants/media/raw_images/royalcrestedgeckos/2024/11/20241101165341.181-IMG_4132-396x396c.jpeg?signature=A62FE5FAFE0FA2B69FD02FA19EB37FD706B17CCE8FD04FC14361BDB218535FE5 2x, https://d20zyr0oabjxc2.cloudfront.net/variants/media/raw_images/royalcrestedgeckos/2024/11/20241101165341.181-IMG_4132-198x198c.jpeg?signature=D4056B7EF468853147D0748FBB31BF3CF7F887CD7E9E7EE24E928887A4E684BB 1x",/us/c/reptiles/lizards/crested-geckos/2694328,,"https://d20zyr0oabjxc2.cloudfront.net/variants/media/raw_images/royalcrestedgeckos/2024/11/20241101165341.181-IMG_4132-396x396c.jpeg?signature=A62FE5FAFE0FA2B69FD02FA19EB37FD706B17CCE8FD04FC14361BDB218535FE5 2x, https://d20zyr0oabjxc2.cloudfront.net/variants/media/raw_images/royalcrestedgeckos/2024/11/20241101165341.181-IMG_4132-198x198c.jpeg?signature=D4056B7EF468853147D0748FBB31BF3CF7F887CD7E9E7EE24E928887A4E684BB 1x",
50% OFF SALE! Red Spot Super dalmatian Male,Red dalmatian,"https://d20zyr0oabjxc2.cloudfront.net/variants/media/raw_images/evolverreptiles/2024/10/20241022233103.34-DSC_0405-396x396c.jpeg?signature=097D720328A9B0834C60C9C9AF325F6382D17ACF6501DD576F26219809033239 2x, https://d20zyr0oabjxc2.cloudfront.net/variants/media/raw_images/evolverreptiles/2024/10/20241022233103.34-DSC_0405-198x198c.jpeg?signature=8B99E21DEE6AB5E9D5BA474FC435F91C24395FD39989828D610BBBB93FDF68D2 1x",/us/c/reptiles/lizards/crested-geckos/2003338,,"https://d20zyr0oabjxc2.cloudfront.net/variants/media/raw_images/evolverreptiles/2024/10/20241022233103.34-DSC_0405-396x396c.jpeg?signature=097D720328A9B0834C60C9C9AF325F6382D17ACF6501DD576F26219809033239 2x, https://d20zyr0oabjxc2.cloudfront.net/variants/media/raw_images/evolverreptiles/2024/10/20241022233103.34-DSC_0405-198x198c.jpeg?signature=8B99E21DEE6AB5E9D5BA474FC435F91C24395FD39989828D610BBBB93FDF68D2 1x",
50% OFF SALE! Super dalmatian Female,dalmatian,"https://d20zyr0oabjxc2.cloudfront.net/variants/media/raw_images/evolverreptiles/2024/10/20241022221604.740-DSC_0367-396x396c.jpeg?signature=CA51CD39CC5BC9A3A4BE6856F37EF7E441FFE9261E366298CB7C3D03B8CA5660 2x, https://d20zyr0oabjxc2.cloudfront.net/variants/media/raw_images/evolverreptiles/2024/10/20241022221604.740-DSC_0367-198x198c.jpeg?signature=3C6334F4D6C48DFFB9EA382DC8552CD41B077C1CFD7712F8030D238315CACCCE 1x",/us/c/reptiles/lizards/crested-geckos/2669897,,"https://d20zyr0oabjxc2.cloudfront.net/variants/media/raw_images/evolverreptiles/2024/10/20241022221604.740-DSC_0367-396x396c.jpeg?signature=CA51CD39CC5BC9A3A4BE6856F37EF7E441FFE9261E366298CB7C3D03B8CA5660 2x, https://d20zyr0oabjxc2.cloudfront.net/variants/media/raw_images/evolverreptiles/2024/10/20241022221604.740-DSC_0367-198x198c.jpeg?signature=3C6334F4D6C48DFFB9EA382DC8552CD41B077C1CFD7712F8030D238315CACCCE 1x",
dalmatian,dalmatian,"https://d20zyr0oabjxc2.cloudfront.net/variants/media/raw_images/kcgeckos/2024/08/20240823173716.530-IMG_0741-396x396c.jpeg?signature=B567120B59A5D4BE2EED50D1775C987437A5A6FB9797CCE99BC7F4117A91C86E 2x, https://d20zyr0oabjxc2.cloudfront.net/variants/media/raw_images/kcgeckos/2024/08/20240823173716.530-IMG_0741-198x198c.jpeg?signature=7F16D2C733D7DBD359564E9029883CC2D9F748D14E2EFB56E1B9FA17AE9CE781 1x",/us/c/reptiles/lizards/crested-geckos/2118379,,"https://d20zyr0oabjxc2.cloudfront.net/variants/media/raw_images/kcgeckos/2024/08/20240823173716.530-IMG_0741-396x396c.jpeg?signature=B567120B59A5D4BE2EED50D1775C987437A5A6FB9797CCE99BC7F4117A91C86E 2x, https://d20zyr0oabjxc2.cloudfront.net/variants/media/raw_images/kcgeckos/2024/08/20240823173716.530-IMG_0741-198x198c.jpeg?signature=7F16D2C733D7DBD359564E9029883CC2D9F748D14E2EFB56E1B9FA17AE9CE781 1x",
Adult Male Patternless dalmatian,dalmatian,"https://d20zyr0oabjxc2.cloudfront.net/variants/media/raw_images/wild_cargo_pets/2024/11/20241101144344.83-1000017390-396x396c.jpeg?signature=B0A27C839878EE23D4FA338DE6529901D9DC96D1AD85F1B64CE9151189CABA75 2x, https://d20zyr0oabjxc2.cloudfront.net/variants/media/raw_images/wild_cargo_pets/2024/11/20241101144344.83-1000017390-198x198c.jpeg?signature=96B8A7C9ADBCD5CB7FF2CA0B036D0E0A3BC1436D094B9D02B673EE60E5AEE156 1x",/us/c/reptiles/lizards/crested-geckos/2694056,,"https://d20zyr0oabjxc2.cloudfront.net/variants/media/raw_images/wild_cargo_pets/2024/11/20241101144344.83-1000017390-396x396c.jpeg?signature=B0A27C839878EE23D4FA338DE6529901D9DC96D1AD85F1B64CE9151189CABA75 2x, https://d20zyr0oabjxc2.cloudfront.net/variants/media/raw_images/wild_cargo_pets/2024/11/20241101144344.83-1000017390-198x198c.jpeg?signature=96B8A7C9ADBCD5CB7FF2CA0B036D0E0A3BC1436D094B9D02B673EE60E5AEE156 1x",
Ceylon White (Light Phantom Inkspot dalmatian),dalmatian),"https://d20zyr0oabjxc2.cloudfront.net/variants/media/raw_images/ecgeckoes/2024/09/20240908064447.585-IMG_4297-396x396c.jpeg?signature=17475BA7CA45E3845561EECA0DAC35D36D47173D8BD432281219A8BA327CCF97 2x, https://d20zyr0oabjxc2.cloudfront.net/variants/media/raw_images/ecgeckoes/2024/09/20240908064447.585-IMG_4297-198x198c.jpeg?signature=64AC60C7CB45DD8C7F8776A109355E1B2ACAD44F18B5C0D92A7F6D94890B2B26 1x",/us/c/reptiles/lizards/crested-geckos/2562449,,"https://d20zyr0oabjxc2.cloudfront.net/variants/media/raw_images/ecgeckoes/2024/09/20240908064447.585-IMG_4297-396x396c.jpeg?signature=17475BA7CA45E3845561EECA0DAC35D36D47173D8BD432281219A8BA327CCF97 2x, https://d20zyr0oabjxc2.cloudfront.net/variants/media/raw_images/ecgeckoes/2024/09/20240908064447.585-IMG_4297-198x198c.jpeg?signature=64AC60C7CB45DD8C7F8776A109355E1B2ACAD44F18B5C0D92A7F6D94890B2B26 1x",
Red Spot Super dalmatian Spatterline Holdback Release,Red dalmatian,"https://d20zyr0oabjxc2.cloudfront.net/variants/media/raw_images/mgorsuch84/2024/09/20240908023153.129-568B17D2-0702-4710-B-396x396c.jpeg?signature=56D2F1AFBDEECC0461B081FA5EF95B9D171F566E752E8DCE1750261C84A1E113 2x, https://d20zyr0oabjxc2.cloudfront.net/variants/media/raw_images/mgorsuch84/2024/09/20240908023153.129-568B17D2-0702-4710-B-198x198c.jpeg?signature=211E0821F87EEA43679234FEE2C36BE5D1A0AFDE76A66E880CD409EB80B14EE4 1x",/us/c/reptiles/lizards/crested-geckos/2562212,,"https://d20zyr0oabjxc2.cloudfront.net/variants/media/raw_images/mgorsuch84/2024/09/20240908023153.129-568B17D2-0702-4710-B-396x396c.jpeg?signature=56D2F1AFBDEECC0461B081FA5EF95B9D171F566E752E8DCE1750261C84A1E113 2x, https://d20zyr0oabjxc2.cloudfront.net/variants/media/raw_images/mgorsuch84/2024/09/20240908023153.129-568B17D2-0702-4710-B-198x198c.jpeg?signature=211E0821F87EEA43679234FEE2C36BE5D1A0AFDE76A66E880CD409EB80B14EE4 1x",
Ink Spot Super dalmatian,dalmatian,"https://d20zyr0oabjxc2.cloudfront.net/variants/media/raw_images/fringemorphs/2024/09/20240920004813.799-Rolo-396x396c.jpeg?signature=FA72BC2E7E90600C0C9D6F691166F78F29D1D87F4B31185E0B6BC54053A67467 2x, https://d20zyr0oabjxc2.cloudfront.net/variants/media/raw_images/fringemorphs/2024/09/20240920004813.799-Rolo-198x198c.jpeg?signature=CA06F2DF00D1DAAE8BA008E6E4A1500A85AC713C39ADAAD6F4BE9C7A7483154A 1x",/us/c/reptiles/lizards/crested-geckos/2359642,,"https://d20zyr0oabjxc2.cloudfront.net/variants/media/raw_images/fringemorphs/2024/09/20240920004813.799-Rolo-396x396c.jpeg?signature=FA72BC2E7E90600C0C9D6F691166F78F29D1D87F4B31185E0B6BC54053A67467 2x, https://d20zyr0oabjxc2.cloudfront.net/variants/media/raw_images/fringemorphs/2024/09/20240920004813.799-Rolo-198x198c.jpeg?signature=CA06F2DF00D1DAAE8BA008E6E4A1500A85AC713C39ADAAD6F4BE9C7A7483154A 1x",
Mardi Gras Super dalmatian,dalmatian,"https://d20zyr0oabjxc2.cloudfront.net/variants/media/raw_images/fringemorphs/2024/09/20240920004038.792-Sprinkles-396x396c.jpeg?signature=B6D4E606FF9EF554B17DEDD8FC3DBF3C2B6F0DA762AE7F4C73A3856FA46BE4F1 2x, https://d20zyr0oabjxc2.cloudfront.net/variants/media/raw_images/fringemorphs/2024/09/20240920004038.792-Sprinkles-198x198c.jpeg?signature=B0160EE405321AE0938321A5ABD86EEE3D4CAE3A791C367377E61AA832468C3F 1x",/us/c/reptiles/lizards/crested-geckos/2497706,,"https://d20zyr0oabjxc2.cloudfront.net/variants/media/raw_images/fringemorphs/2024/09/20240920004038.792-Sprinkles-396x396c.jpeg?signature=B6D4E606FF9EF554B17DEDD8FC3DBF3C2B6F0DA762AE7F4C73A3856FA46BE4F1 2x, https://d20zyr0oabjxc2.cloudfront.net/variants/media/raw_images/fringemorphs/2024/09/20240920004038.792-Sprinkles-198x198c.jpeg?signature=B0160EE405321AE0938321A5ABD86EEE3D4CAE3A791C367377E61AA832468C3F 1x",
Mardi Gras Super dalmatian,dalmatian,"https://d20zyr0oabjxc2.cloudfront.net/variants/media/raw_images/fringemorphs/2024/09/20240920003950.640-Spot-396x396c.jpeg?signature=F6C275AE83CBD9A5A9B53601EF1D2D9E1873C19BFD501AEB5F24A47D504D3A16 2x, https://d20zyr0oabjxc2.cloudfront.net/variants/media/raw_images/fringemorphs/2024/09/20240920003950.640-Spot-198x198c.jpeg?signature=D57A5BD5F630E1BF3143B923F6F6DB08752A0F13EA4FB065D5F034B8C6417483 1x",/us/c/reptiles/lizards/crested-geckos/2497715,,"https://d20zyr0oabjxc2.cloudfront.net/variants/media/raw_images/fringemorphs/2024/09/20240920003950.640-Spot-396x396c.jpeg?signature=F6C275AE83CBD9A5A9B53601EF1D2D9E1873C19BFD501AEB5F24A47D504D3A16 2x, https://d20zyr0oabjxc2.cloudfront.net/variants/media/raw_images/fringemorphs/2024/09/20240920003950.640-Spot-198x198c.jpeg?signature=D57A5BD5F630E1BF3143B923F6F6DB08752A0F13EA4FB065D5F034B8C6417483 1x",
Mardi Gras Super dalmatian,dalmatian,"https://d20zyr0oabjxc2.cloudfront.net/variants/media/raw_images/fringemorphs/2024/09/20240920004459.774-Proxy-396x396c.jpeg?signature=8D847D8AF36AACA67893C2546BF986862E5C5761D6972632412C9DCDE496723B 2x, https://d20zyr0oabjxc2.cloudfront.net/variants/media/raw_images/fringemorphs/2024/09/20240920004459.774-Proxy-198x198c.jpeg?signature=000B4537A63AFB23364F8669B6D5559EB9AB32F36C08282CA2C5B0B0B76919CA 1x",/us/c/reptiles/lizards/crested-geckos/2146836,,"https://d20zyr0oabjxc2.cloudfront.net/variants/media/raw_images/fringemorphs/2024/09/20240920004459.774-Proxy-396x396c.jpeg?signature=8D847D8AF36AACA67893C2546BF986862E5C5761D6972632412C9DCDE496723B 2x, https://d20zyr0oabjxc2.cloudfront.net/variants/media/raw_images/fringemorphs/2024/09/20240920004459.774-Proxy-198x198c.jpeg?signature=000B4537A63AFB23364F8669B6D5559EB9AB32F36C08282CA2C5B0B0B76919CA 1x",
Super dalmatian,dalmatian,"https://d20zyr0oabjxc2.cloudfront.net/variants/media/raw_images/fringemorphs/2024/09/20240920004827.739-Anunnaki-396x396c.jpeg?signature=C6F5A9D6AA129AB4D87AFE7A33570B8F575C7AF153D2DCAB5DAEC6BC14E505C4 2x, https://d20zyr0oabjxc2.cloudfront.net/variants/media/raw_images/fringemorphs/2024/09/20240920004827.739-Anunnaki-198x198c.jpeg?signature=BB3B5AD6468EFD45D7FD7A14050A60B1469CCEAC4F14A4709076A372237A9E4B 1x",/us/c/reptiles/lizards/crested-geckos/2467156,,"https://d20zyr0oabjxc2.cloudfront.net/variants/media/raw_images/fringemorphs/2024/09/20240920004827.739-Anunnaki-396x396c.jpeg?signature=C6F5A9D6AA129AB4D87AFE7A33570B8F575C7AF153D2DCAB5DAEC6BC14E505C4 2x, https://d20zyr0oabjxc2.cloudfront.net/variants/media/raw_images/fringemorphs/2024/09/20240920004827.739-Anunnaki-198x198c.jpeg?signature=BB3B5AD6468EFD45D7FD7A14050A60B1469CCEAC4F14A4709076A372237A9E4B 1x",
50% OFF SALE! A Little Bit Of Everything Super dalmatian Male,dalmatian,"https://d20zyr0oabjxc2.cloudfront.net/variants/media/raw_images/evolverreptiles/2024/09/20240920232710.395-LogoLicious_20240920-396x396c.jpeg?signature=9C670769A5BB179D7CB2F7BA2FA9D8F54FF19C96605DCC7BD477C38FB287C770 2x, https://d20zyr0oabjxc2.cloudfront.net/variants/media/raw_images/evolverreptiles/2024/09/20240920232710.395-LogoLicious_20240920-198x198c.jpeg?signature=8C959B052F4625879591CD2D1567ECE2F2A96CA33AAC64185E93290E9BE3F526 1x",/us/c/reptiles/lizards/crested-geckos/1890807,,"https://d20zyr0oabjxc2.cloudfront.net/variants/media/raw_images/evolverreptiles/2024/09/20240920232710.395-LogoLicious_20240920-396x396c.jpeg?signature=9C670769A5BB179D7CB2F7BA2FA9D8F54FF19C96605DCC7BD477C38FB287C770 2x, https://d20zyr0oabjxc2.cloudfront.net/variants/media/raw_images/evolverreptiles/2024/09/20240920232710.395-LogoLicious_20240920-198x198c.jpeg?signature=8C959B052F4625879591CD2D1567ECE2F2A96CA33AAC64185E93290E9BE3F526 1x",
🧱Brick Red dalmatian🧱,Red dalmatian🧱,"https://d20zyr0oabjxc2.cloudfront.net/variants/media/raw_images/ariste/2024/07/20240727232353.99-1000001127-396x396c.jpeg?signature=6F3B146AAD3A1AE00D5FED9032F156073DEF9E04ABD9D87A1BFB17B7DAEC527D 2x, https://d20zyr0oabjxc2.cloudfront.net/variants/media/raw_images/ariste/2024/07/20240727232353.99-1000001127-198x198c.jpeg?signature=2757CBC48FADBC40C765D45A8068AADDE3191BEA35579AD176AD1F93093627AB 1x",/us/c/reptiles/lizards/crested-geckos/2457760,,"https://d20zyr0oabjxc2.cloudfront.net/variants/media/raw_images/ariste/2024/07/20240727232353.99-1000001127-396x396c.jpeg?signature=6F3B146AAD3A1AE00D5FED9032F156073DEF9E04ABD9D87A1BFB17B7DAEC527D 2x, https://d20zyr0oabjxc2.cloudfront.net/variants/media/raw_images/ariste/2024/07/20240727232353.99-1000001127-198x198c.jpeg?signature=2757CBC48FADBC40C765D45A8068AADDE3191BEA35579AD176AD1F93093627AB 1x",
dalmatian Pos Male,dalmatian,"https://d20zyr0oabjxc2.cloudfront.net/variants/media/raw_images/ensoreptiles/2024/09/20240929141925.816-D39A9CDC-A6AE-41C8-B-396x396c.jpeg?signature=939C9A8FC52E82EF3955A8F1F6F5E31358B51DE8B432EC28DD1D3896E749937B 2x, https://d20zyr0oabjxc2.cloudfront.net/variants/media/raw_images/ensoreptiles/2024/09/20240929141925.816-D39A9CDC-A6AE-41C8-B-198x198c.jpeg?signature=43CED9CC9D4B3C0984F6090FFC0BF3581373E900C2CA7535BF5BC555F4210133 1x",/us/c/reptiles/lizards/crested-geckos/2329106,,"https://d20zyr0oabjxc2.cloudfront.net/variants/media/raw_images/ensoreptiles/2024/09/20240929141925.816-D39A9CDC-A6AE-41C8-B-396x396c.jpeg?signature=939C9A8FC52E82EF3955A8F1F6F5E31358B51DE8B432EC28DD1D3896E749937B 2x, https://d20zyr0oabjxc2.cloudfront.net/variants/media/raw_images/ensoreptiles/2024/09/20240929141925.816-D39A9CDC-A6AE-41C8-B-198x198c.jpeg?signature=43CED9CC9D4B3C0984F6090FFC0BF3581373E900C2CA7535BF5BC555F4210133 1x",
dalmatian/Oil Spot,dalmatian/Oil,"https://d20zyr0oabjxc2.cloudfront.net/variants/media/raw_images/steve_o/2024/10/20241009214942.715-1000009273-396x396c.jpeg?signature=AE9C2D2C877B84D73FE52C6FA6776CA0C7C3C4468D2A644595F3682372811444 2x, https://d20zyr0oabjxc2.cloudfront.net/variants/media/raw_images/steve_o/2024/10/20241009214942.715-1000009273-198x198c.jpeg?signature=B15EAF3F06F5F5827E3F2648EE09558E21CB586C2FA7131928B4B41A4A8D14ED 1x",/us/c/reptiles/lizards/crested-geckos/2628554,,"https://d20zyr0oabjxc2.cloudfront.net/variants/media/raw_images/steve_o/2024/10/20241009214942.715-1000009273-396x396c.jpeg?signature=AE9C2D2C877B84D73FE52C6FA6776CA0C7C3C4468D2A644595F3682372811444 2x, https://d20zyr0oabjxc2.cloudfront.net/variants/media/raw_images/steve_o/2024/10/20241009214942.715-1000009273-198x198c.jpeg?signature=B15EAF3F06F5F5827E3F2648EE09558E21CB586C2FA7131928B4B41A4A8D14ED 1x",
Ink Spot dalmatian,dalmatian,"https://d20zyr0oabjxc2.cloudfront.net/variants/media/raw_images/let-squalls/2024/08/20240824024332.437-IMG_6928-396x396c.jpeg?signature=6F93EE85C7213EAECA451B9E79F176DCFC978C8C4E06A35C8DA4F39D7C836816 2x, https://d20zyr0oabjxc2.cloudfront.net/variants/media/raw_images/let-squalls/2024/08/20240824024332.437-IMG_6928-198x198c.jpeg?signature=02137048BC6B858581E3D4F7D5EA528B5E2D516E2E03657A04B204CD424AFD1D 1x",/us/c/reptiles/lizards/crested-geckos/2496228,,"https://d20zyr0oabjxc2.cloudfront.net/variants/media/raw_images/let-squalls/2024/08/20240824024332.437-IMG_6928-396x396c.jpeg?signature=6F93EE85C7213EAECA451B9E79F176DCFC978C8C4E06A35C8DA4F39D7C836816 2x, https://d20zyr0oabjxc2.cloudfront.net/variants/media/raw_images/let-squalls/2024/08/20240824024332.437-IMG_6928-198x198c.jpeg?signature=02137048BC6B858581E3D4F7D5EA528B5E2D516E2E03657A04B204CD424AFD1D 1x",
Mardi Gras dalmatian,dalmatian,"https://d20zyr0oabjxc2.cloudfront.net/variants/media/raw_images/fringemorphs/2024/09/20240919215333.233-designidea-396x396c.jpeg?signature=638493A270D3FD90B699322F7CD7FFC4D6B21C8688FE5A7FE58686D88D52228E 2x, https://d20zyr0oabjxc2.cloudfront.net/variants/media/raw_images/fringemorphs/2024/09/20240919215333.233-designidea-198x198c.jpeg?signature=0F81E68021CDE84236D5566A78FE605A16D3B5FFDDEF77E47B8AFBA19F9FF43A 1x",/us/c/reptiles/lizards/crested-geckos/2497717,,"https://d20zyr0oabjxc2.cloudfront.net/variants/media/raw_images/fringemorphs/2024/09/20240919215333.233-designidea-396x396c.jpeg?signature=638493A270D3FD90B699322F7CD7FFC4D6B21C8688FE5A7FE58686D88D52228E 2x, https://d20zyr0oabjxc2.cloudfront.net/variants/media/raw_images/fringemorphs/2024/09/20240919215333.233-designidea-198x198c.jpeg?signature=0F81E68021CDE84236D5566A78FE605A16D3B5FFDDEF77E47B8AFBA19F9FF43A 1x",
✌️Proven dalmatian Pair✌️,dalmatian,"https://d20zyr0oabjxc2.cloudfront.net/variants/media/raw_images/ariste/2024/08/20240802001054.839-1000001207-396x396c.jpeg?signature=74065D126C070B396F1034B66AB79D3D9EE72205BF293556B8BE8B646C3CC84B 2x, https://d20zyr0oabjxc2.cloudfront.net/variants/media/raw_images/ariste/2024/08/20240802001054.839-1000001207-198x198c.jpeg?signature=08060C80BA9D870DA84A63C2F29BAD4EC7D30AE3E8051C0DA62E3C9279A66DB1 1x",/us/c/reptiles/lizards/crested-geckos/2469358,,"https://d20zyr0oabjxc2.cloudfront.net/variants/media/raw_images/ariste/2024/08/20240802001054.839-1000001207-396x396c.jpeg?signature=74065D126C070B396F1034B66AB79D3D9EE72205BF293556B8BE8B646C3CC84B 2x, https://d20zyr0oabjxc2.cloudfront.net/variants/media/raw_images/ariste/2024/08/20240802001054.839-1000001207-198x198c.jpeg?signature=08060C80BA9D870DA84A63C2F29BAD4EC7D30AE3E8051C0DA62E3C9279A66DB1 1x",
Super dalmatian,dalmatian,"https://d20zyr0oabjxc2.cloudfront.net/variants/media/raw_images/the_derpy_gecko/2024/10/20241007214646.688-IMG_6769-396x396c.jpeg?signature=258988AD6B9087F3CE1E9B96B16ACA43C5C520B722690C5EF237C50BF6AA0EC2 2x, https://d20zyr0oabjxc2.cloudfront.net/variants/media/raw_images/the_derpy_gecko/2024/10/20241007214646.688-IMG_6769-198x198c.jpeg?signature=E1583E1FE7E6EFD08923A0EBB3820CF9F36A50D8E6AA244D1FBF703741DA7D30 1x",/us/c/reptiles/lizards/crested-geckos/2634918,,"https://d20zyr0oabjxc2.cloudfront.net/variants/media/raw_images/the_derpy_gecko/2024/10/20241007214646.688-IMG_6769-396x396c.jpeg?signature=258988AD6B9087F3CE1E9B96B16ACA43C5C520B722690C5EF237C50BF6AA0EC2 2x, https://d20zyr0oabjxc2.cloudfront.net/variants/media/raw_images/the_derpy_gecko/2024/10/20241007214646.688-IMG_6769-198x198c.jpeg?signature=E1583E1FE7E6EFD08923A0EBB3820CF9F36A50D8E6AA244D1FBF703741DA7D30 1x",
Mardis Gras dalmatian,dalmatian,"https://d20zyr0oabjxc2.cloudfront.net/variants/media/raw_images/keiylad97/2024/10/20241007195356.862-0AD5E27C-415B-48A7-B-396x396c.jpeg?signature=E14D340C04923705E574D8C38A1636C770A25DD93F90D4515F150D3C1C4C2911 2x, https://d20zyr0oabjxc2.cloudfront.net/variants/media/raw_images/keiylad97/2024/10/20241007195356.862-0AD5E27C-415B-48A7-B-198x198c.jpeg?signature=F82CED78D1480047E6994EC95BB07DCD167531CE3193633E8A70C76F175E35A6 1x",/us/c/reptiles/lizards/crested-geckos/2151654,,"https://d20zyr0oabjxc2.cloudfront.net/variants/media/raw_images/keiylad97/2024/10/20241007195356.862-0AD5E27C-415B-48A7-B-396x396c.jpeg?signature=E14D340C04923705E574D8C38A1636C770A25DD93F90D4515F150D3C1C4C2911 2x, https://d20zyr0oabjxc2.cloudfront.net/variants/media/raw_images/keiylad97/2024/10/20241007195356.862-0AD5E27C-415B-48A7-B-198x198c.jpeg?signature=F82CED78D1480047E6994EC95BB07DCD167531CE3193633E8A70C76F175E35A6 1x",
Yellow dalmatian,Yellow dalmatian,"https://d20zyr0oabjxc2.cloudfront.net/variants/media/raw_images/keiylad97/2024/10/20241007192147.235-CDFF603B-E27C-4120-8-396x396c.jpeg?signature=36C374C8AD9EAE30AA4C8201A115E3F132B85CF7572C1DDBE65E74C5A69FDCDD 2x, https://d20zyr0oabjxc2.cloudfront.net/variants/media/raw_images/keiylad97/2024/10/20241007192147.235-CDFF603B-E27C-4120-8-198x198c.jpeg?signature=83B659B705BE5A2DCDDD3CA3C470615669A74C3ADD584ED3323381F45C5AC60C 1x",/us/c/reptiles/lizards/crested-geckos/2253452,,"https://d20zyr0oabjxc2.cloudfront.net/variants/media/raw_images/keiylad97/2024/10/20241007192147.235-CDFF603B-E27C-4120-8-396x396c.jpeg?signature=36C374C8AD9EAE30AA4C8201A115E3F132B85CF7572C1DDBE65E74C5A69FDCDD 2x, https://d20zyr0oabjxc2.cloudfront.net/variants/media/raw_images/keiylad97/2024/10/20241007192147.235-CDFF603B-E27C-4120-8-198x198c.jpeg?signature=83B659B705BE5A2DCDDD3CA3C470615669A74C3ADD584ED3323381F45C5AC60C 1x",
Inkspot dalmatian,dalmatian,"https://d20zyr0oabjxc2.cloudfront.net/variants/media/raw_images/keiylad97/2024/10/20241007200817.752-96138DD7-3E0B-4BBC-9-396x396c.jpeg?signature=DA360897186AC9DA5479D25DD1F051834494927AA51ADC6623E1C40469D099ED 2x, https://d20zyr0oabjxc2.cloudfront.net/variants/media/raw_images/keiylad97/2024/10/20241007200817.752-96138DD7-3E0B-4BBC-9-198x198c.jpeg?signature=417E0CF5DFCEC3A5EC7B9BE5933187A510B4BB68D865BF7B4E2DDB2649DED4B2 1x",/us/c/reptiles/lizards/crested-geckos/2151671,,"https://d20zyr0oabjxc2.cloudfront.net/variants/media/raw_images/keiylad97/2024/10/20241007200817.752-96138DD7-3E0B-4BBC-9-396x396c.jpeg?signature=DA360897186AC9DA5479D25DD1F051834494927AA51ADC6623E1C40469D099ED 2x, https://d20zyr0oabjxc2.cloudfront.net/variants/media/raw_images/keiylad97/2024/10/20241007200817.752-96138DD7-3E0B-4BBC-9-198x198c.jpeg?signature=417E0CF5DFCEC3A5EC7B9BE5933187A510B4BB68D865BF7B4E2DDB2649DED4B2 1x",
Red Phantom dalmatian,Red dalmatian,"https://d20zyr0oabjxc2.cloudfront.net/variants/media/raw_images/stayshag/2024/10/20241004194249.541-IMG_0098-396x396c.jpeg?signature=F0D780506C0C44355AFE216F18FDED7A7B5C010D1B8E0FF277E3C61095ED4F8C 2x, https://d20zyr0oabjxc2.cloudfront.net/variants/media/raw_images/stayshag/2024/10/20241004194249.541-IMG_0098-198x198c.jpeg?signature=5DD82DC9C0191A051B378D3F6D549BA5E82B31799CBDF9EE34F9AF6DFA27DAE8 1x",/us/c/reptiles/lizards/crested-geckos/2407445,,"https://d20zyr0oabjxc2.cloudfront.net/variants/media/raw_images/stayshag/2024/10/20241004194249.541-IMG_0098-396x396c.jpeg?signature=F0D780506C0C44355AFE216F18FDED7A7B5C010D1B8E0FF277E3C61095ED4F8C 2x, https://d20zyr0oabjxc2.cloudfront.net/variants/media/raw_images/stayshag/2024/10/20241004194249.541-IMG_0098-198x198c.jpeg?signature=5DD82DC9C0191A051B378D3F6D549BA5E82B31799CBDF9EE34F9AF6DFA27DAE8 1x",
Red Phantom dalmatian,Red dalmatian,"https://d20zyr0oabjxc2.cloudfront.net/variants/media/raw_images/stayshag/2024/10/20241004193616.262-IMG_0085-396x396c.jpeg?signature=813676D87FC8BA6FEF00C96A05C5C88F168A9E624990F2F8738F6A12C528C3EA 2x, https://d20zyr0oabjxc2.cloudfront.net/variants/media/raw_images/stayshag/2024/10/20241004193616.262-IMG_0085-198x198c.jpeg?signature=24D2E4A7439B852314D81BC7A83FA01F0D7534A3DBEDB87DEF8D56997EB641FB 1x",/us/c/reptiles/lizards/crested-geckos/2407446,,"https://d20zyr0oabjxc2.cloudfront.net/variants/media/raw_images/stayshag/2024/10/20241004193616.262-IMG_0085-396x396c.jpeg?signature=813676D87FC8BA6FEF00C96A05C5C88F168A9E624990F2F8738F6A12C528C3EA 2x, https://d20zyr0oabjxc2.cloudfront.net/variants/media/raw_images/stayshag/2024/10/20241004193616.262-IMG_0085-198x198c.jpeg?signature=24D2E4A7439B852314D81BC7A83FA01F0D7534A3DBEDB87DEF8D56997EB641FB 1x",
50% OFF SALE! Red Spot dalmatian Male,Red dalmatian,"https://d20zyr0oabjxc2.cloudfront.net/variants/media/raw_images/evolverreptiles/2024/09/20240921015811.451-LogoLicious_20240920-396x396c.jpeg?signature=014FCE93FB42361B6FCA4A9A4B5685A9B9E912DC260A70434CFAE1979A00A968 2x, https://d20zyr0oabjxc2.cloudfront.net/variants/media/raw_images/evolverreptiles/2024/09/20240921015811.451-LogoLicious_20240920-198x198c.jpeg?signature=96185DA6F888D59F1B7F3D8FC30DDB17004055C57E21C074D5F154C51F760001 1x",/us/c/reptiles/lizards/crested-geckos/2217950,,"https://d20zyr0oabjxc2.cloudfront.net/variants/media/raw_images/evolverreptiles/2024/09/20240921015811.451-LogoLicious_20240920-396x396c.jpeg?signature=014FCE93FB42361B6FCA4A9A4B5685A9B9E912DC260A70434CFAE1979A00A968 2x, https://d20zyr0oabjxc2.cloudfront.net/variants/media/raw_images/evolverreptiles/2024/09/20240921015811.451-LogoLicious_20240920-198x198c.jpeg?signature=96185DA6F888D59F1B7F3D8FC30DDB17004055C57E21C074D5F154C51F760001 1x",
50% OFF SALE! Super dalmatian Male,dalmatian,"https://d20zyr0oabjxc2.cloudfront.net/variants/media/raw_images/evolverreptiles/2024/10/20241026004646.672-DSC_0933-396x396c.jpeg?signature=68532779C4AD8EB463786B42AE17D2C3DC69B9C6731EAF896BA9DE0C01BCBF00 2x, https://d20zyr0oabjxc2.cloudfront.net/variants/media/raw_images/evolverreptiles/2024/10/20241026004646.672-DSC_0933-198x198c.jpeg?signature=CC6A3D50A732BCBEB282426163711DFECB5FB407D0A496BD44A1F5F83F04FA04 1x",/us/c/reptiles/lizards/crested-geckos/2469473,,"https://d20zyr0oabjxc2.cloudfront.net/variants/media/raw_images/evolverreptiles/2024/10/20241026004646.672-DSC_0933-396x396c.jpeg?signature=68532779C4AD8EB463786B42AE17D2C3DC69B9C6731EAF896BA9DE0C01BCBF00 2x, https://d20zyr0oabjxc2.cloudfront.net/variants/media/raw_images/evolverreptiles/2024/10/20241026004646.672-DSC_0933-198x198c.jpeg?signature=CC6A3D50A732BCBEB282426163711DFECB5FB407D0A496BD44A1F5F83F04FA04 1x",
"""Scamp"" RTB Red Base Red Spot dalmatian",Red Red dalmatian,"https://d20zyr0oabjxc2.cloudfront.net/variants/media/raw_images/kiwiscreatures/2024/10/20241031155350.502-1000031112-396x396c.jpeg?signature=14BB6B3D177D2415D6CFFC996AEFE2CE468ED7C9D204B51F67B6B5D27A420B98 2x, https://d20zyr0oabjxc2.cloudfront.net/variants/media/raw_images/kiwiscreatures/2024/10/20241031155350.502-1000031112-198x198c.jpeg?signature=36BC640D82930BE96C19A139B87D17346FC25D51F56BC4165FE7B693B7F51D2A 1x",/us/c/reptiles/lizards/crested-geckos/2691812,,"https://d20zyr0oabjxc2.cloudfront.net/variants/media/raw_images/kiwiscreatures/2024/10/20241031155350.502-1000031112-396x396c.jpeg?signature=14BB6B3D177D2415D6CFFC996AEFE2CE468ED7C9D204B51F67B6B5D27A420B98 2x, https://d20zyr0oabjxc2.cloudfront.net/variants/media/raw_images/kiwiscreatures/2024/10/20241031155350.502-1000031112-198x198c.jpeg?signature=36BC640D82930BE96C19A139B87D17346FC25D51F56BC4165FE7B693B7F51D2A 1x",
2020 Proven dalmatian! Possible Lilly And Gargoyle For Higher Bids! Must Read,dalmatian!,"https://d20zyr0oabjxc2.cloudfront.net/variants/media/raw_images/adelaide12/2024/10/20241031153811.728-IMG_9737-396x396c.jpeg?signature=A6B54D49608197F1E50D1185FC3C37BCE6E7CA38D485137F1356EA1F67DE9818 2x, https://d20zyr0oabjxc2.cloudfront.net/variants/media/raw_images/adelaide12/2024/10/20241031153811.728-IMG_9737-198x198c.jpeg?signature=A7FDA13DC9B700614F44CBBB938E1B280E28B5ACDEF3CEB5C58C986469E0E2E1 1x",/us/c/reptiles/lizards/crested-geckos/2691760,,"https://d20zyr0oabjxc2.cloudfront.net/variants/media/raw_images/adelaide12/2024/10/20241031153811.728-IMG_9737-396x396c.jpeg?signature=A6B54D49608197F1E50D1185FC3C37BCE6E7CA38D485137F1356EA1F67DE9818 2x, https://d20zyr0oabjxc2.cloudfront.net/variants/media/raw_images/adelaide12/2024/10/20241031153811.728-IMG_9737-198x198c.jpeg?signature=A7FDA13DC9B700614F44CBBB938E1B280E28B5ACDEF3CEB5C58C986469E0E2E1 1x",
Dark dalmatian,Dark dalmatian,"https://d20zyr0oabjxc2.cloudfront.net/variants/media/raw_images/alistanimals/2024/07/20240705172533.821-1000008384-396x396c.jpeg?signature=7C4C50ECBD4A5D977615347B5228E6E6651C97A6B4899BC4D36837712868679C 2x, https://d20zyr0oabjxc2.cloudfront.net/variants/media/raw_images/alistanimals/2024/07/20240705172533.821-1000008384-198x198c.jpeg?signature=F489178244E8B474C840B86680107B9AB8903F521C204CEA71217A376BBDA17A 1x",/us/c/reptiles/lizards/crested-geckos/2182439,,"https://d20zyr0oabjxc2.cloudfront.net/variants/media/raw_images/alistanimals/2024/07/20240705172533.821-1000008384-396x396c.jpeg?signature=7C4C50ECBD4A5D977615347B5228E6E6651C97A6B4899BC4D36837712868679C 2x, https://d20zyr0oabjxc2.cloudfront.net/variants/media/raw_images/alistanimals/2024/07/20240705172533.821-1000008384-198x198c.jpeg?signature=F489178244E8B474C840B86680107B9AB8903F521C204CEA71217A376BBDA17A 1x",
50% OFF - Phantom + Super dalmatian + Soft Scale + Whiteout + Portholes - BlackJack Harry/Halloween Lineage,dalmatian,"https://d20zyr0oabjxc2.cloudfront.net/variants/media/raw_images/acr/2024/07/20240718144720.41-0524-M2_47g-2-396x396c.jpeg?signature=C926AB79AD29D7806DACE8F66ADAABA561B594C8923EF163578F306ECC4250D8 2x, https://d20zyr0oabjxc2.cloudfront.net/variants/media/raw_images/acr/2024/07/20240718144720.41-0524-M2_47g-2-198x198c.jpeg?signature=F49D563EE7F5850AB25185871D51AE496A0A713DBE3D5D17AF20F7EE88CD6448 1x",/us/c/reptiles/lizards/crested-geckos/2439314,,"https://d20zyr0oabjxc2.cloudfront.net/variants/media/raw_images/acr/2024/07/20240718144720.41-0524-M2_47g-2-396x396c.jpeg?signature=C926AB79AD29D7806DACE8F66ADAABA561B594C8923EF163578F306ECC4250D8 2x, https://d20zyr0oabjxc2.cloudfront.net/variants/media/raw_images/acr/2024/07/20240718144720.41-0524-M2_47g-2-198x198c.jpeg?signature=F49D563EE7F5850AB25185871D51AE496A0A713DBE3D5D17AF20F7EE88CD6448 1x",
50% OFF - 39g Red dalmatian Female - ACR Chips X Dragons Den Lineage,Red dalmatian,"https://d20zyr0oabjxc2.cloudfront.net/variants/media/raw_images/acr/2024/07/20240718140944.671-0524-F9_39g-2-396x396c.jpeg?signature=B2562253E78F74405A145C253F15E98B70EA6562C09179E697B828DFD12DF5A4 2x, https://d20zyr0oabjxc2.cloudfront.net/variants/media/raw_images/acr/2024/07/20240718140944.671-0524-F9_39g-2-198x198c.jpeg?signature=A9DBB95ADB665DB3FE010164C341E449A21BAFF37F511B9DC611A0999B080372 1x",/us/c/reptiles/lizards/crested-geckos/2439178,,"https://d20zyr0oabjxc2.cloudfront.net/variants/media/raw_images/acr/2024/07/20240718140944.671-0524-F9_39g-2-396x396c.jpeg?signature=B2562253E78F74405A145C253F15E98B70EA6562C09179E697B828DFD12DF5A4 2x, https://d20zyr0oabjxc2.cloudfront.net/variants/media/raw_images/acr/2024/07/20240718140944.671-0524-F9_39g-2-198x198c.jpeg?signature=A9DBB95ADB665DB3FE010164C341E449A21BAFF37F511B9DC611A0999B080372 1x",
FREE SHIPPING Proven Orange dalmatian Girl,dalmatian,"https://d20zyr0oabjxc2.cloudfront.net/variants/media/raw_images/carebugs/2024/10/20241031130128.136-IMG_4887-396x396c.jpeg?signature=BE8070E83561CB1E32BB1CE680B2E6E0D5C8D0C497A227A1C68CC33FAAA19BF6 2x, https://d20zyr0oabjxc2.cloudfront.net/variants/media/raw_images/carebugs/2024/10/20241031130128.136-IMG_4887-198x198c.jpeg?signature=D465D517E3A3DA3753FDAE0A3A1A975065237465A9D7E101A2EDAE6F9167C5C7 1x",/us/c/reptiles/lizards/crested-geckos/2691472,,"https://d20zyr0oabjxc2.cloudfront.net/variants/media/raw_images/carebugs/2024/10/20241031130128.136-IMG_4887-396x396c.jpeg?signature=BE8070E83561CB1E32BB1CE680B2E6E0D5C8D0C497A227A1C68CC33FAAA19BF6 2x, https://d20zyr0oabjxc2.cloudfront.net/variants/media/raw_images/carebugs/2024/10/20241031130128.136-IMG_4887-198x198c.jpeg?signature=D465D517E3A3DA3753FDAE0A3A1A975065237465A9D7E101A2EDAE6F9167C5C7 1x",
Super dalmatian,dalmatian,"https://d20zyr0oabjxc2.cloudfront.net/variants/media/raw_images/jenmai418/2024/08/20240804144846.946-IMG_1739-396x396c.jpeg?signature=9658A4A1FB1A5FB555BCE5FB032AC05AABC1954A9518D343F62E18615B8C0E7A 2x, https://d20zyr0oabjxc2.cloudfront.net/variants/media/raw_images/jenmai418/2024/08/20240804144846.946-IMG_1739-198x198c.jpeg?signature=411953C2B19C74454AECFBA95EEA041EDA1C966AD8ECCBC25C54F6191BFF9FB6 1x",/us/c/reptiles/lizards/crested-geckos/2313600,,"https://d20zyr0oabjxc2.cloudfront.net/variants/media/raw_images/jenmai418/2024/08/20240804144846.946-IMG_1739-396x396c.jpeg?signature=9658A4A1FB1A5FB555BCE5FB032AC05AABC1954A9518D343F62E18615B8C0E7A 2x, https://d20zyr0oabjxc2.cloudfront.net/variants/media/raw_images/jenmai418/2024/08/20240804144846.946-IMG_1739-198x198c.jpeg?signature=411953C2B19C74454AECFBA95EEA041EDA1C966AD8ECCBC25C54F6191BFF9FB6 1x",
Red Confetti dalmatian Proven Breeder,Red dalmatian,"https://d20zyr0oabjxc2.cloudfront.net/variants/media/raw_images/jenmai418/2024/10/20241026174543.302-ACAC4FA2-E50D-460B-A-396x396c.jpeg?signature=DEB7E70840EA182BC035DD89436EAA7F0CDEA8724DF8DC2F81623E7EF3D96B60 2x, https://d20zyr0oabjxc2.cloudfront.net/variants/media/raw_images/jenmai418/2024/10/20241026174543.302-ACAC4FA2-E50D-460B-A-198x198c.jpeg?signature=88D1CF7E5D0D0AC11DE54B71616874DB3563519975705CBD093445E9E9EF25BA 1x",/us/c/reptiles/lizards/crested-geckos/2314092,,"https://d20zyr0oabjxc2.cloudfront.net/variants/media/raw_images/jenmai418/2024/10/20241026174543.302-ACAC4FA2-E50D-460B-A-396x396c.jpeg?signature=DEB7E70840EA182BC035DD89436EAA7F0CDEA8724DF8DC2F81623E7EF3D96B60 2x, https://d20zyr0oabjxc2.cloudfront.net/variants/media/raw_images/jenmai418/2024/10/20241026174543.302-ACAC4FA2-E50D-460B-A-198x198c.jpeg?signature=88D1CF7E5D0D0AC11DE54B71616874DB3563519975705CBD093445E9E9EF25BA 1x",
Beautiful Tricolor dalmatian,dalmatian,"https://d20zyr0oabjxc2.cloudfront.net/variants/media/raw_images/rodneyandheather/2024/08/20240815221407.627-1000015932-396x396c.jpeg?signature=A1DECF1C2CBB81745C4EBFCCA3B76F9A1DF48B331BEDEADFDA8B079B8CDA409B 2x, https://d20zyr0oabjxc2.cloudfront.net/variants/media/raw_images/rodneyandheather/2024/08/20240815221407.627-1000015932-198x198c.jpeg?signature=F59BAFF8D37C062E07D8F9BB6155224042368DD1124162ECD9A32A9FD5DFE67B 1x",/us/c/reptiles/lizards/crested-geckos/2502225,,"https://d20zyr0oabjxc2.cloudfront.net/variants/media/raw_images/rodneyandheather/2024/08/20240815221407.627-1000015932-396x396c.jpeg?signature=A1DECF1C2CBB81745C4EBFCCA3B76F9A1DF48B331BEDEADFDA8B079B8CDA409B 2x, https://d20zyr0oabjxc2.cloudfront.net/variants/media/raw_images/rodneyandheather/2024/08/20240815221407.627-1000015932-198x198c.jpeg?signature=F59BAFF8D37C062E07D8F9BB6155224042368DD1124162ECD9A32A9FD5DFE67B 1x",
dalmatian,dalmatian,"https://d20zyr0oabjxc2.cloudfront.net/variants/media/raw_images/callalilycresteds/2024/05/20240517131926.125-IMG_2482-396x396c.jpeg?signature=806FB42C52BE2763FAA1B83A58802E530245CBBB669567FCE2485E9D9DDC1A92 2x, https://d20zyr0oabjxc2.cloudfront.net/variants/media/raw_images/callalilycresteds/2024/05/20240517131926.125-IMG_2482-198x198c.jpeg?signature=8F336F982C4E922D8C8CB8C192D02EDF22538DD0BC73083ABED52E99C7F5DD24 1x",/us/c/reptiles/lizards/crested-geckos/2212958,,"https://d20zyr0oabjxc2.cloudfront.net/variants/media/raw_images/callalilycresteds/2024/05/20240517131926.125-IMG_2482-396x396c.jpeg?signature=806FB42C52BE2763FAA1B83A58802E530245CBBB669567FCE2485E9D9DDC1A92 2x, https://d20zyr0oabjxc2.cloudfront.net/variants/media/raw_images/callalilycresteds/2024/05/20240517131926.125-IMG_2482-198x198c.jpeg?signature=8F336F982C4E922D8C8CB8C192D02EDF22538DD0BC73083ABED52E99C7F5DD24 1x",
Red dalmatian,Red dalmatian,"https://d20zyr0oabjxc2.cloudfront.net/variants/media/raw_images/starrynightgeckos/2024/07/20240727013038.586-IMG_5979-396x396c.jpeg?signature=622A3924935DC2DB1BD964BD9EF4464A9EE7100F05BD5E8B612956B0740A7D3A 2x, https://d20zyr0oabjxc2.cloudfront.net/variants/media/raw_images/starrynightgeckos/2024/07/20240727013038.586-IMG_5979-198x198c.jpeg?signature=A834FB8029906D47C7888AF52907C50DAB911D42254C44C093CB1B0095D46DA5 1x",/us/c/reptiles/lizards/crested-geckos/2456494,,"https://d20zyr0oabjxc2.cloudfront.net/variants/media/raw_images/starrynightgeckos/2024/07/20240727013038.586-IMG_5979-396x396c.jpeg?signature=622A3924935DC2DB1BD964BD9EF4464A9EE7100F05BD5E8B612956B0740A7D3A 2x, https://d20zyr0oabjxc2.cloudfront.net/variants/media/raw_images/starrynightgeckos/2024/07/20240727013038.586-IMG_5979-198x198c.jpeg?signature=A834FB8029906D47C7888AF52907C50DAB911D42254C44C093CB1B0095D46DA5 1x",
Ink Blot dalmatian,dalmatian,"https://d20zyr0oabjxc2.cloudfront.net/variants/media/raw_images/acopp423/2024/08/20240819204934.541-1000014182-396x396c.jpeg?signature=19F883FE890E61B931036D6B63FF9088D8565B6FD7AA7C97E3E0D672EC4F6E7C 2x, https://d20zyr0oabjxc2.cloudfront.net/variants/media/raw_images/acopp423/2024/08/20240819204934.541-1000014182-198x198c.jpeg?signature=CA1C7E10A440AB1E3BB37967FBA9CAC4FFB3555BE4220710C682CE1306B4880A 1x",/us/c/reptiles/lizards/crested-geckos/2510451,,"https://d20zyr0oabjxc2.cloudfront.net/variants/media/raw_images/acopp423/2024/08/20240819204934.541-1000014182-396x396c.jpeg?signature=19F883FE890E61B931036D6B63FF9088D8565B6FD7AA7C97E3E0D672EC4F6E7C 2x, https://d20zyr0oabjxc2.cloudfront.net/variants/media/raw_images/acopp423/2024/08/20240819204934.541-1000014182-198x198c.jpeg?signature=CA1C7E10A440AB1E3BB37967FBA9CAC4FFB3555BE4220710C682CE1306B4880A 1x",
Red dalmatian,Red dalmatian,"https://d20zyr0oabjxc2.cloudfront.net/variants/media/raw_images/dogspokergame/2024/08/20240801001902.507-IMG_2492-396x396c.jpeg?signature=A0DDDE9FE3992E13822026C4E1D95DA79BFCE5EB6F701520C8E655C2560B5081 2x, https://d20zyr0oabjxc2.cloudfront.net/variants/media/raw_images/dogspokergame/2024/08/20240801001902.507-IMG_2492-198x198c.jpeg?signature=C28ADD661EB7771F9B53334ED4D2CDCC24971355DC08D5DAC53649545E9DB280 1x",/us/c/reptiles/lizards/crested-geckos/2466820,,"https://d20zyr0oabjxc2.cloudfront.net/variants/media/raw_images/dogspokergame/2024/08/20240801001902.507-IMG_2492-396x396c.jpeg?signature=A0DDDE9FE3992E13822026C4E1D95DA79BFCE5EB6F701520C8E655C2560B5081 2x, https://d20zyr0oabjxc2.cloudfront.net/variants/media/raw_images/dogspokergame/2024/08/20240801001902.507-IMG_2492-198x198c.jpeg?signature=C28ADD661EB7771F9B53334ED4D2CDCC24971355DC08D5DAC53649545E9DB280 1x",
Orange dalmatian,dalmatian,"https://d20zyr0oabjxc2.cloudfront.net/variants/media/raw_images/hesstonjacobsen/2024/05/20240509033427.349-Gwyn8-396x396c.jpeg?signature=7958886488E97DA0DF72334702CCF0D3E931315FE3F7E54D909B6B9C8DEE15C1 2x, https://d20zyr0oabjxc2.cloudfront.net/variants/media/raw_images/hesstonjacobsen/2024/05/20240509033427.349-Gwyn8-198x198c.jpeg?signature=02A89AC9C34CD7C38AB27B46B8DA61918F53413AC0BAD53D1D8AF03D2DA46D3C 1x",/us/c/reptiles/lizards/crested-geckos/2318109,,"https://d20zyr0oabjxc2.cloudfront.net/variants/media/raw_images/hesstonjacobsen/2024/05/20240509033427.349-Gwyn8-396x396c.jpeg?signature=7958886488E97DA0DF72334702CCF0D3E931315FE3F7E54D909B6B9C8DEE15C1 2x, https://d20zyr0oabjxc2.cloudfront.net/variants/media/raw_images/hesstonjacobsen/2024/05/20240509033427.349-Gwyn8-198x198c.jpeg?signature=02A89AC9C34CD7C38AB27B46B8DA61918F53413AC0BAD53D1D8AF03D2DA46D3C 1x",
dalmatian Yellow And Cream Color,dalmatian Yellow,"https://d20zyr0oabjxc2.cloudfront.net/variants/media/raw_images/lizards1dragons41/2024/03/20240331210032.260-1000000138-396x396c.jpeg?signature=D566704389F3FCD40D659680CEE9F31D859CB2D9DD36D7A2F6DB1FC9B9D11B4D 2x, https://d20zyr0oabjxc2.cloudfront.net/variants/media/raw_images/lizards1dragons41/2024/03/20240331210032.260-1000000138-198x198c.jpeg?signature=71DA614C921259866D0D6594B5388D79214BAB3F034241F892EF7EE4B919AF68 1x",/us/c/reptiles/lizards/crested-geckos/2253334,,"https://d20zyr0oabjxc2.cloudfront.net/variants/media/raw_images/lizards1dragons41/2024/03/20240331210032.260-1000000138-396x396c.jpeg?signature=D566704389F3FCD40D659680CEE9F31D859CB2D9DD36D7A2F6DB1FC9B9D11B4D 2x, https://d20zyr0oabjxc2.cloudfront.net/variants/media/raw_images/lizards1dragons41/2024/03/20240331210032.260-1000000138-198x198c.jpeg?signature=71DA614C921259866D0D6594B5388D79214BAB3F034241F892EF7EE4B919AF68 1x",
Super dalmatian Ink Spot Male,dalmatian,"https://d20zyr0oabjxc2.cloudfront.net/variants/media/raw_images/gecko133/2024/03/20240326192409.175-IMG_1256-396x396c.jpeg?signature=9F1A95D081E5E09F7584B077E4B812F8CABACC2D2CF748D24D301C96930CEBA8 2x, https://d20zyr0oabjxc2.cloudfront.net/variants/media/raw_images/gecko133/2024/03/20240326192409.175-IMG_1256-198x198c.jpeg?signature=749B16A90C65674F78B818C1025709D6619AAB38815FEC11F9C5B94C0D41D23A 1x",/us/c/reptiles/lizards/crested-geckos/2245077,,"https://d20zyr0oabjxc2.cloudfront.net/variants/media/raw_images/gecko133/2024/03/20240326192409.175-IMG_1256-396x396c.jpeg?signature=9F1A95D081E5E09F7584B077E4B812F8CABACC2D2CF748D24D301C96930CEBA8 2x, https://d20zyr0oabjxc2.cloudfront.net/variants/media/raw_images/gecko133/2024/03/20240326192409.175-IMG_1256-198x198c.jpeg?signature=749B16A90C65674F78B818C1025709D6619AAB38815FEC11F9C5B94C0D41D23A 1x",
Super dalmatian Ink Spot,dalmatian,"https://d20zyr0oabjxc2.cloudfront.net/variants/media/raw_images/valleyrhacs/2024/05/20240511191633.936-IMG_1599-396x396c.jpeg?signature=7ADEB85B9ABBB9989E72698F572F9E194B826F4EFB34A2753F8F7E7E3443805A 2x, https://d20zyr0oabjxc2.cloudfront.net/variants/media/raw_images/valleyrhacs/2024/05/20240511191633.936-IMG_1599-198x198c.jpeg?signature=908A4C93F2C56C018C17878506E60B5DF84A6EE1C3DAA48285FA8917A361D788 1x",/us/c/reptiles/lizards/crested-geckos/2218005,,"https://d20zyr0oabjxc2.cloudfront.net/variants/media/raw_images/valleyrhacs/2024/05/20240511191633.936-IMG_1599-396x396c.jpeg?signature=7ADEB85B9ABBB9989E72698F572F9E194B826F4EFB34A2753F8F7E7E3443805A 2x, https://d20zyr0oabjxc2.cloudfront.net/variants/media/raw_images/valleyrhacs/2024/05/20240511191633.936-IMG_1599-198x198c.jpeg?signature=908A4C93F2C56C018C17878506E60B5DF84A6EE1C3DAA48285FA8917A361D788 1x",
Proven Breeder Male dalmatian,dalmatian,"https://d20zyr0oabjxc2.cloudfront.net/variants/media/raw_images/johnsonherpetoculture/2023/07/20230725232900.494-20230725_192435-396x396c.jpeg?signature=E61E6471BD4528374E70DEA1E4D9AD38CE609B28711FD410C95FF243A65BE3D3 2x, https://d20zyr0oabjxc2.cloudfront.net/variants/media/raw_images/johnsonherpetoculture/2023/07/20230725232900.494-20230725_192435-198x198c.jpeg?signature=04BC82169A9275E168EEB991206E609C67F2727A78AF485084BAD6D58CE800C4 1x",/us/c/reptiles/lizards/crested-geckos/1729765,,"https://d20zyr0oabjxc2.cloudfront.net/variants/media/raw_images/johnsonherpetoculture/2023/07/20230725232900.494-20230725_192435-396x396c.jpeg?signature=E61E6471BD4528374E70DEA1E4D9AD38CE609B28711FD410C95FF243A65BE3D3 2x, https://d20zyr0oabjxc2.cloudfront.net/variants/media/raw_images/johnsonherpetoculture/2023/07/20230725232900.494-20230725_192435-198x198c.jpeg?signature=04BC82169A9275E168EEB991206E609C67F2727A78AF485084BAD6D58CE800C4 1x",
Yellow dalmatian RTB,Yellow dalmatian,"https://d20zyr0oabjxc2.cloudfront.net/variants/media/raw_images/hesstonjacobsen/2023/10/20231029234854.668-IMG_2215-396x396c.jpeg?signature=14037A2BDEBDE96CB3FB0E4E4B450F71D3B7F65EDD01C7EF138ADA62A24F7A26 2x, https://d20zyr0oabjxc2.cloudfront.net/variants/media/raw_images/hesstonjacobsen/2023/10/20231029234854.668-IMG_2215-198x198c.jpeg?signature=0A70025C053A17ECFC7E741FBFDE7373D08387801231638E601975AAC4727A7B 1x",/us/c/reptiles/lizards/crested-geckos/1971198,,"https://d20zyr0oabjxc2.cloudfront.net/variants/media/raw_images/hesstonjacobsen/2023/10/20231029234854.668-IMG_2215-396x396c.jpeg?signature=14037A2BDEBDE96CB3FB0E4E4B450F71D3B7F65EDD01C7EF138ADA62A24F7A26 2x, https://d20zyr0oabjxc2.cloudfront.net/variants/media/raw_images/hesstonjacobsen/2023/10/20231029234854.668-IMG_2215-198x198c.jpeg?signature=0A70025C053A17ECFC7E741FBFDE7373D08387801231638E601975AAC4727A7B 1x",
Proven RTB Red Spot dalmatian,Red dalmatian,"https://d20zyr0oabjxc2.cloudfront.net/variants/media/raw_images/deepgroveexotics/2023/09/20230912041542.225-1000001397-396x396c.jpeg?signature=F10DD9EF06556FD9AE74612ABBE5E682ED8778900EB44C95AF9A6502F762A221 2x, https://d20zyr0oabjxc2.cloudfront.net/variants/media/raw_images/deepgroveexotics/2023/09/20230912041542.225-1000001397-198x198c.jpeg?signature=887107B6FBAD4E07DC0B21C7E307B9D86B706B0F9E9346DF4A6846E9EFF9AFBE 1x",/us/c/reptiles/lizards/crested-geckos/1849938,,"https://d20zyr0oabjxc2.cloudfront.net/variants/media/raw_images/deepgroveexotics/2023/09/20230912041542.225-1000001397-396x396c.jpeg?signature=F10DD9EF06556FD9AE74612ABBE5E682ED8778900EB44C95AF9A6502F762A221 2x, https://d20zyr0oabjxc2.cloudfront.net/variants/media/raw_images/deepgroveexotics/2023/09/20230912041542.225-1000001397-198x198c.jpeg?signature=887107B6FBAD4E07DC0B21C7E307B9D86B706B0F9E9346DF4A6846E9EFF9AFBE 1x",
Red Super dalmatian Inkblot,Red dalmatian,"https://d20zyr0oabjxc2.cloudfront.net/variants/media/raw_images/bthorne1979/2024/01/20240115193504.463-0-396x396c.jpeg?signature=4205EB50E0B5C7E6B7F4F8BF361A0EE485D7F823B74FF783F43EE6913EE5CAD1 2x, https://d20zyr0oabjxc2.cloudfront.net/variants/media/raw_images/bthorne1979/2024/01/20240115193504.463-0-198x198c.jpeg?signature=E8F9F58138D3D905B2E54DA69AEB1EC1F7FC221377DFAC26701B25AC8F22C724 1x",/us/c/reptiles/lizards/crested-geckos/2112991,,"https://d20zyr0oabjxc2.cloudfront.net/variants/media/raw_images/bthorne1979/2024/01/20240115193504.463-0-396x396c.jpeg?signature=4205EB50E0B5C7E6B7F4F8BF361A0EE485D7F823B74FF783F43EE6913EE5CAD1 2x, https://d20zyr0oabjxc2.cloudfront.net/variants/media/raw_images/bthorne1979/2024/01/20240115193504.463-0-198x198c.jpeg?signature=E8F9F58138D3D905B2E54DA69AEB1EC1F7FC221377DFAC26701B25AC8F22C724 1x",
dalmatian,dalmatian,"https://d20zyr0oabjxc2.cloudfront.net/variants/media/raw_images/tc_scalesntails/2023/12/20231223132926.171-IMG_9579-396x396c.jpeg?signature=75CD187578EF43ADA4568264A45571E6A17E3C4FD7FF7F7BA87CEB2469831CE0 2x, https://d20zyr0oabjxc2.cloudfront.net/variants/media/raw_images/tc_scalesntails/2023/12/20231223132926.171-IMG_9579-198x198c.jpeg?signature=2974A56CCF7E0EFC7B00E2D00EC9B599FF5EE157B5046777EF382C90932166D2 1x",/us/c/reptiles/lizards/crested-geckos/2075419,,"https://d20zyr0oabjxc2.cloudfront.net/variants/media/raw_images/tc_scalesntails/2023/12/20231223132926.171-IMG_9579-396x396c.jpeg?signature=75CD187578EF43ADA4568264A45571E6A17E3C4FD7FF7F7BA87CEB2469831CE0 2x, https://d20zyr0oabjxc2.cloudfront.net/variants/media/raw_images/tc_scalesntails/2023/12/20231223132926.171-IMG_9579-198x198c.jpeg?signature=2974A56CCF7E0EFC7B00E2D00EC9B599FF5EE157B5046777EF382C90932166D2 1x",
Adult Male dalmatian,dalmatian,"https://d20zyr0oabjxc2.cloudfront.net/variants/media/raw_images/mgnzupi/2022/12/20221229000230.301-DD1C0765-574C-44B0-B-396x396c.jpeg?signature=D625132A64FAAFB5856DDADE3EAEEE88E7582DC12480F6BD8354C052482823F4 2x, https://d20zyr0oabjxc2.cloudfront.net/variants/media/raw_images/mgnzupi/2022/12/20221229000230.301-DD1C0765-574C-44B0-B-198x198c.jpeg?signature=8B2ECB14138F7C5B91BC0D975E3283FC664F750416A48858376C8627F9433B2B 1x",/us/c/reptiles/lizards/crested-geckos/1373105,,"https://d20zyr0oabjxc2.cloudfront.net/variants/media/raw_images/mgnzupi/2022/12/20221229000230.301-DD1C0765-574C-44B0-B-396x396c.jpeg?signature=D625132A64FAAFB5856DDADE3EAEEE88E7582DC12480F6BD8354C052482823F4 2x, https://d20zyr0oabjxc2.cloudfront.net/variants/media/raw_images/mgnzupi/2022/12/20221229000230.301-DD1C0765-574C-44B0-B-198x198c.jpeg?signature=8B2ECB14138F7C5B91BC0D975E3283FC664F750416A48858376C8627F9433B2B 1x",
Red dalmatian Ink Spots,Red dalmatian,"https://d20zyr0oabjxc2.cloudfront.net/variants/media/raw_images/johnsonherpetoculture/2023/07/20230725225302.208-20230725_184808-396x396c.jpeg?signature=FFE0A675D0B4B7F44BA17B29C27A3C2667A0966DABBDD3CC4F22FC88BAF774BA 2x, https://d20zyr0oabjxc2.cloudfront.net/variants/media/raw_images/johnsonherpetoculture/2023/07/20230725225302.208-20230725_184808-198x198c.jpeg?signature=4B4D011574843F833D68B31F79C0AB6A24F05C8AD5527A97613CE04CAFF73C51 1x",/us/c/reptiles/lizards/crested-geckos/1729690,,"https://d20zyr0oabjxc2.cloudfront.net/variants/media/raw_images/johnsonherpetoculture/2023/07/20230725225302.208-20230725_184808-396x396c.jpeg?signature=FFE0A675D0B4B7F44BA17B29C27A3C2667A0966DABBDD3CC4F22FC88BAF774BA 2x, https://d20zyr0oabjxc2.cloudfront.net/variants/media/raw_images/johnsonherpetoculture/2023/07/20230725225302.208-20230725_184808-198x198c.jpeg?signature=4B4D011574843F833D68B31F79C0AB6A24F05C8AD5527A97613CE04CAFF73C51 1x",
Sweet Little dalmatian,dalmatian,"https://d20zyr0oabjxc2.cloudfront.net/variants/media/raw_images/alyssabaczewski/2024/05/20240531181330.858-IMG_0243-396x396c.jpeg?signature=A833847D6728B2A85EE0E884A95014B0BB9FCA562A35FF6332ADCC699C52D087 2x, https://d20zyr0oabjxc2.cloudfront.net/variants/media/raw_images/alyssabaczewski/2024/05/20240531181330.858-IMG_0243-198x198c.jpeg?signature=B3497CB90C074593E1FA58A7340D00351EBDA83608B5BA74195EDD8CB15878E4 1x",/us/c/reptiles/lizards/crested-geckos/2352269,,"https://d20zyr0oabjxc2.cloudfront.net/variants/media/raw_images/alyssabaczewski/2024/05/20240531181330.858-IMG_0243-396x396c.jpeg?signature=A833847D6728B2A85EE0E884A95014B0BB9FCA562A35FF6332ADCC699C52D087 2x, https://d20zyr0oabjxc2.cloudfront.net/variants/media/raw_images/alyssabaczewski/2024/05/20240531181330.858-IMG_0243-198x198c.jpeg?signature=B3497CB90C074593E1FA58A7340D00351EBDA83608B5BA74195EDD8CB15878E4 1x",
Ink Spot dalmatian,dalmatian,"https://d20zyr0oabjxc2.cloudfront.net/variants/media/raw_images/valleyrhacs/2024/05/20240511191249.50-IMG_1598-396x396c.jpeg?signature=D10EFAC065976F290C5A8D52949D126D4FF1AD7ED7C3DE23AFF8DF8858D34A5F 2x, https://d20zyr0oabjxc2.cloudfront.net/variants/media/raw_images/valleyrhacs/2024/05/20240511191249.50-IMG_1598-198x198c.jpeg?signature=1EF2AA9152AD4FC2C5955C56EC79B8E32DB5CF421383AA87A5C40B8633321B59 1x",/us/c/reptiles/lizards/crested-geckos/2218042,,"https://d20zyr0oabjxc2.cloudfront.net/variants/media/raw_images/valleyrhacs/2024/05/20240511191249.50-IMG_1598-396x396c.jpeg?signature=D10EFAC065976F290C5A8D52949D126D4FF1AD7ED7C3DE23AFF8DF8858D34A5F 2x, https://d20zyr0oabjxc2.cloudfront.net/variants/media/raw_images/valleyrhacs/2024/05/20240511191249.50-IMG_1598-198x198c.jpeg?signature=1EF2AA9152AD4FC2C5955C56EC79B8E32DB5CF421383AA87A5C40B8633321B59 1x",
Super dalmatian Npv,dalmatian,"https://d20zyr0oabjxc2.cloudfront.net/variants/media/raw_images/mostly_just_geckos/2023/01/20230115171230.491-20221219_160352-396x396c.jpeg?signature=20C1C91D0B544047D1019B0BEA9D0B679BC1956C363A5DF0C044B1B90CA376CA 2x, https://d20zyr0oabjxc2.cloudfront.net/variants/media/raw_images/mostly_just_geckos/2023/01/20230115171230.491-20221219_160352-198x198c.jpeg?signature=D2CEDA076FD917B27CDDCC4456F62A7D38B2A1E063A3046528F952368468377D 1x",/ca/c/reptiles/lizards/crested-geckos/1401586,,"https://d20zyr0oabjxc2.cloudfront.net/variants/media/raw_images/mostly_just_geckos/2023/01/20230115171230.491-20221219_160352-396x396c.jpeg?signature=20C1C91D0B544047D1019B0BEA9D0B679BC1956C363A5DF0C044B1B90CA376CA 2x, https://d20zyr0oabjxc2.cloudfront.net/variants/media/raw_images/mostly_just_geckos/2023/01/20230115171230.491-20221219_160352-198x198c.jpeg?signature=D2CEDA076FD917B27CDDCC4456F62A7D38B2A1E063A3046528F952368468377D 1x",
Yellow dalmatian Crested Gecko,Yellow dalmatian,"https://d20zyr0oabjxc2.cloudfront.net/variants/media/raw_images/mgnzupi/2024/06/20240601052454.577-IMG_8148-396x396c.jpeg?signature=A983AEEDA1C47964F5D720394B63614087D81761FE188DC1C56D59D989598B38 2x, https://d20zyr0oabjxc2.cloudfront.net/variants/media/raw_images/mgnzupi/2024/06/20240601052454.577-IMG_8148-198x198c.jpeg?signature=E8ABCB6B591BDD4DA54058AD3845DC85DD18AA62C680A9AE72AE0ECB6A1006C5 1x",/us/c/reptiles/lizards/crested-geckos/2353199,,"https://d20zyr0oabjxc2.cloudfront.net/variants/media/raw_images/mgnzupi/2024/06/20240601052454.577-IMG_8148-396x396c.jpeg?signature=A983AEEDA1C47964F5D720394B63614087D81761FE188DC1C56D59D989598B38 2x, https://d20zyr0oabjxc2.cloudfront.net/variants/media/raw_images/mgnzupi/2024/06/20240601052454.577-IMG_8148-198x198c.jpeg?signature=E8ABCB6B591BDD4DA54058AD3845DC85DD18AA62C680A9AE72AE0ECB6A1006C5 1x",
Red And Black Spot dalmatian,Red dalmatian,"https://d20zyr0oabjxc2.cloudfront.net/variants/media/raw_images/silvabak/2024/06/20240602005425.312-IMG-3218-396x396c.jpeg?signature=E062007B718FDF21B81B91B9E5B52FD1AFD9CF143E4615986ED84CD8B80B3E55 2x, https://d20zyr0oabjxc2.cloudfront.net/variants/media/raw_images/silvabak/2024/06/20240602005425.312-IMG-3218-198x198c.jpeg?signature=6EAF250027974FCFDEC99E66B1BFF1BAEAFDC53E8B7CB16366A456701B56B81A 1x",/us/c/reptiles/lizards/crested-geckos/2275721,,"https://d20zyr0oabjxc2.cloudfront.net/variants/media/raw_images/silvabak/2024/06/20240602005425.312-IMG-3218-396x396c.jpeg?signature=E062007B718FDF21B81B91B9E5B52FD1AFD9CF143E4615986ED84CD8B80B3E55 2x, https://d20zyr0oabjxc2.cloudfront.net/variants/media/raw_images/silvabak/2024/06/20240602005425.312-IMG-3218-198x198c.jpeg?signature=6EAF250027974FCFDEC99E66B1BFF1BAEAFDC53E8B7CB16366A456701B56B81A 1x",
Buckskin dalmatian,dalmatian,"https://d20zyr0oabjxc2.cloudfront.net/variants/media/raw_images/soursuger/2024/08/20240830004044.794-1000006629-396x396c.jpeg?signature=3345B6F8D8C7F823FC79B4324C87458E2F77FD2EADDEC5B0B3A802728A79D078 2x, https://d20zyr0oabjxc2.cloudfront.net/variants/media/raw_images/soursuger/2024/08/20240830004044.794-1000006629-198x198c.jpeg?signature=98827A5BA1CAC2AECE6F6447B6FF6D7B06DB086D8E06EA869C30CD7859ADC35F 1x",/us/c/reptiles/lizards/crested-geckos/2368415,,"https://d20zyr0oabjxc2.cloudfront.net/variants/media/raw_images/soursuger/2024/08/20240830004044.794-1000006629-396x396c.jpeg?signature=3345B6F8D8C7F823FC79B4324C87458E2F77FD2EADDEC5B0B3A802728A79D078 2x, https://d20zyr0oabjxc2.cloudfront.net/variants/media/raw_images/soursuger/2024/08/20240830004044.794-1000006629-198x198c.jpeg?signature=98827A5BA1CAC2AECE6F6447B6FF6D7B06DB086D8E06EA869C30CD7859ADC35F 1x",
BOGO FREE Red Spot dalmatian,Red dalmatian,"https://d20zyr0oabjxc2.cloudfront.net/variants/media/raw_images/deepgroveexotics/2024/05/20240518210723.330-IMG020240414_212644-396x396c.jpeg?signature=FF1D9DD6390D4A38F3F12F93C99B966C92F52AD4981D77DFEB361E231394FDF6 2x, https://d20zyr0oabjxc2.cloudfront.net/variants/media/raw_images/deepgroveexotics/2024/05/20240518210723.330-IMG020240414_212644-198x198c.jpeg?signature=48C7CA4FD34C02101ED78910B51CA635258E01ED0129AAA1BB43AFE33CC05DC2 1x",/us/c/reptiles/lizards/crested-geckos/2331698,,"https://d20zyr0oabjxc2.cloudfront.net/variants/media/raw_images/deepgroveexotics/2024/05/20240518210723.330-IMG020240414_212644-396x396c.jpeg?signature=FF1D9DD6390D4A38F3F12F93C99B966C92F52AD4981D77DFEB361E231394FDF6 2x, https://d20zyr0oabjxc2.cloudfront.net/variants/media/raw_images/deepgroveexotics/2024/05/20240518210723.330-IMG020240414_212644-198x198c.jpeg?signature=48C7CA4FD34C02101ED78910B51CA635258E01ED0129AAA1BB43AFE33CC05DC2 1x",
dalmatian,dalmatian,"https://d20zyr0oabjxc2.cloudfront.net/variants/media/raw_images/satterfieldexotics/2024/08/20240820142008.600-IMG_4605-396x396c.jpeg?signature=33FFC2649BB4EBCDC69340E62E4A34CF652AD6046169DB6C142364481659662E 2x, https://d20zyr0oabjxc2.cloudfront.net/variants/media/raw_images/satterfieldexotics/2024/08/20240820142008.600-IMG_4605-198x198c.jpeg?signature=E0DCE26F129C285F12DF3BE75E39D9518BF5851095776630159AFC04EE1F8D8D 1x",/us/c/reptiles/lizards/crested-geckos/2326560,,"https://d20zyr0oabjxc2.cloudfront.net/variants/media/raw_images/satterfieldexotics/2024/08/20240820142008.600-IMG_4605-396x396c.jpeg?signature=33FFC2649BB4EBCDC69340E62E4A34CF652AD6046169DB6C142364481659662E 2x, https://d20zyr0oabjxc2.cloudfront.net/variants/media/raw_images/satterfieldexotics/2024/08/20240820142008.600-IMG_4605-198x198c.jpeg?signature=E0DCE26F129C285F12DF3BE75E39D9518BF5851095776630159AFC04EE1F8D8D 1x",
Dark Cream With dalmatian Spots,Dark dalmatian,"https://d20zyr0oabjxc2.cloudfront.net/variants/media/raw_images/megzpie07/2024/05/20240527215426.880-1000005354-396x396c.jpeg?signature=90A0F915401E5D8E19AEBCF49F3398B4B990755B3EDEB5F525CEAB32AE5EE4A9 2x, https://d20zyr0oabjxc2.cloudfront.net/variants/media/raw_images/megzpie07/2024/05/20240527215426.880-1000005354-198x198c.jpeg?signature=D0885A6E3C2CA7BFC112D6791667C48D28AB6611C65F15617C7B50337C9E7FAE 1x",/us/c/reptiles/lizards/crested-geckos/2345417,,"https://d20zyr0oabjxc2.cloudfront.net/variants/media/raw_images/megzpie07/2024/05/20240527215426.880-1000005354-396x396c.jpeg?signature=90A0F915401E5D8E19AEBCF49F3398B4B990755B3EDEB5F525CEAB32AE5EE4A9 2x, https://d20zyr0oabjxc2.cloudfront.net/variants/media/raw_images/megzpie07/2024/05/20240527215426.880-1000005354-198x198c.jpeg?signature=D0885A6E3C2CA7BFC112D6791667C48D28AB6611C65F15617C7B50337C9E7FAE 1x",
Red dalmatian,Red dalmatian,"https://d20zyr0oabjxc2.cloudfront.net/variants/media/raw_images/animal_amanda2/2024/05/20240501231320.168-915A5740-0972-436B-9-396x396c.jpeg?signature=B07C184DFBADF0323515A554B6DBF90829F9F2E0A7B1CCEE6E26CCAA41C06D06 2x, https://d20zyr0oabjxc2.cloudfront.net/variants/media/raw_images/animal_amanda2/2024/05/20240501231320.168-915A5740-0972-436B-9-198x198c.jpeg?signature=0D0A5836FE86AC67504B0B472C1FEFB2CA20383C2F6626CB59CE7933F2BB77DA 1x",/us/c/reptiles/lizards/crested-geckos/2308382,,"https://d20zyr0oabjxc2.cloudfront.net/variants/media/raw_images/animal_amanda2/2024/05/20240501231320.168-915A5740-0972-436B-9-396x396c.jpeg?signature=B07C184DFBADF0323515A554B6DBF90829F9F2E0A7B1CCEE6E26CCAA41C06D06 2x, https://d20zyr0oabjxc2.cloudfront.net/variants/media/raw_images/animal_amanda2/2024/05/20240501231320.168-915A5740-0972-436B-9-198x198c.jpeg?signature=0D0A5836FE86AC67504B0B472C1FEFB2CA20383C2F6626CB59CE7933F2BB77DA 1x",
Funky dalmatian Porthole Crested Gecko,dalmatian,"https://d20zyr0oabjxc2.cloudfront.net/variants/media/raw_images/mgnzupi/2024/03/20240317141634.834-IMG_7300-396x396c.jpeg?signature=5301E5FDFFCFB292E3E2B065F0776655562298DC31C435909189D836D382FAA1 2x, https://d20zyr0oabjxc2.cloudfront.net/variants/media/raw_images/mgnzupi/2024/03/20240317141634.834-IMG_7300-198x198c.jpeg?signature=475FD80B59EE0F7DAC5D3B9A81C08C359B955EE8065341463E98D8ADFC33796C 1x",/us/c/reptiles/lizards/crested-geckos/1553746,,"https://d20zyr0oabjxc2.cloudfront.net/variants/media/raw_images/mgnzupi/2024/03/20240317141634.834-IMG_7300-396x396c.jpeg?signature=5301E5FDFFCFB292E3E2B065F0776655562298DC31C435909189D836D382FAA1 2x, https://d20zyr0oabjxc2.cloudfront.net/variants/media/raw_images/mgnzupi/2024/03/20240317141634.834-IMG_7300-198x198c.jpeg?signature=475FD80B59EE0F7DAC5D3B9A81C08C359B955EE8065341463E98D8ADFC33796C 1x",
Ink Spot Super dalmatian,dalmatian,"https://d20zyr0oabjxc2.cloudfront.net/variants/media/raw_images/theshap/2024/03/20240301041138.577-ScreenShot2024-02--396x396c.jpeg?signature=5E11751CA18F06DB46A573FCF30EA155495131431068771AE49EAB600E9636B6 2x, https://d20zyr0oabjxc2.cloudfront.net/variants/media/raw_images/theshap/2024/03/20240301041138.577-ScreenShot2024-02--198x198c.jpeg?signature=AE55A020A14F42AFACC04D88B911DC7366B427A9619055DA49C2F0F928F3B65A 1x",/us/c/reptiles/lizards/crested-geckos/2078536,,"https://d20zyr0oabjxc2.cloudfront.net/variants/media/raw_images/theshap/2024/03/20240301041138.577-ScreenShot2024-02--396x396c.jpeg?signature=5E11751CA18F06DB46A573FCF30EA155495131431068771AE49EAB600E9636B6 2x, https://d20zyr0oabjxc2.cloudfront.net/variants/media/raw_images/theshap/2024/03/20240301041138.577-ScreenShot2024-02--198x198c.jpeg?signature=AE55A020A14F42AFACC04D88B911DC7366B427A9619055DA49C2F0F928F3B65A 1x",
Phantom Bicolor With dalmatian Spots,dalmatian,"https://d20zyr0oabjxc2.cloudfront.net/variants/media/raw_images/yayis_sales19/2024/06/20240616172551.269-IMG_7413-396x396c.jpeg?signature=01F610A4C61B959CA0495138BEA7073D3A3AC5283AD34427533ABED5BB164F26 2x, https://d20zyr0oabjxc2.cloudfront.net/variants/media/raw_images/yayis_sales19/2024/06/20240616172551.269-IMG_7413-198x198c.jpeg?signature=411296A8D050D808049B2B127720CDB804D5141CCD3F4075E52343BD621A0668 1x",/us/c/reptiles/lizards/crested-geckos/2380506,,"https://d20zyr0oabjxc2.cloudfront.net/variants/media/raw_images/yayis_sales19/2024/06/20240616172551.269-IMG_7413-396x396c.jpeg?signature=01F610A4C61B959CA0495138BEA7073D3A3AC5283AD34427533ABED5BB164F26 2x, https://d20zyr0oabjxc2.cloudfront.net/variants/media/raw_images/yayis_sales19/2024/06/20240616172551.269-IMG_7413-198x198c.jpeg?signature=411296A8D050D808049B2B127720CDB804D5141CCD3F4075E52343BD621A0668 1x",
Proven RTB Confetti Super dalmatian,dalmatian,"https://d20zyr0oabjxc2.cloudfront.net/variants/media/raw_images/deepgroveexotics/2024/05/20240518201641.881-IMG020240414_213416-396x396c.jpeg?signature=7E3A25CEE60B732B8718259E9A77B89B27BD233D1F4F0162A6C6194E0EDB1B94 2x, https://d20zyr0oabjxc2.cloudfront.net/variants/media/raw_images/deepgroveexotics/2024/05/20240518201641.881-IMG020240414_213416-198x198c.jpeg?signature=F227A1EBDBF381080DCC9A7948EEC72CDB3C6DF5F1D5AD25872A15CC23629114 1x",/us/c/reptiles/lizards/crested-geckos/2331632,,"https://d20zyr0oabjxc2.cloudfront.net/variants/media/raw_images/deepgroveexotics/2024/05/20240518201641.881-IMG020240414_213416-396x396c.jpeg?signature=7E3A25CEE60B732B8718259E9A77B89B27BD233D1F4F0162A6C6194E0EDB1B94 2x, https://d20zyr0oabjxc2.cloudfront.net/variants/media/raw_images/deepgroveexotics/2024/05/20240518201641.881-IMG020240414_213416-198x198c.jpeg?signature=F227A1EBDBF381080DCC9A7948EEC72CDB3C6DF5F1D5AD25872A15CC23629114 1x",
Yellow Phatom dalmatian Het Empty Back,Yellow dalmatian,"https://d20zyr0oabjxc2.cloudfront.net/variants/media/raw_images/triplegexotics/2024/06/20240602235707.944-IMG_1616-396x396c.jpeg?signature=3AF63D4034488F3303C1D8D71599ADE8940B2415E5D6C495B8C815FAD1C3A70A 2x, https://d20zyr0oabjxc2.cloudfront.net/variants/media/raw_images/triplegexotics/2024/06/20240602235707.944-IMG_1616-198x198c.jpeg?signature=AC795F6F00BEF78DF1705853B3D100DE2252FAB4C33F17D7EF239955C2FC4FB1 1x",/us/c/reptiles/lizards/crested-geckos/2356274,,"https://d20zyr0oabjxc2.cloudfront.net/variants/media/raw_images/triplegexotics/2024/06/20240602235707.944-IMG_1616-396x396c.jpeg?signature=3AF63D4034488F3303C1D8D71599ADE8940B2415E5D6C495B8C815FAD1C3A70A 2x, https://d20zyr0oabjxc2.cloudfront.net/variants/media/raw_images/triplegexotics/2024/06/20240602235707.944-IMG_1616-198x198c.jpeg?signature=AC795F6F00BEF78DF1705853B3D100DE2252FAB4C33F17D7EF239955C2FC4FB1 1x",
Patterned dalmatian Nice Head Crests,dalmatian,"https://d20zyr0oabjxc2.cloudfront.net/variants/media/raw_images/twillians1111/2024/08/20240824213357.428-IMG_4767-396x396c.jpeg?signature=D65721D705657B23BF91DEA486F23D400CDC008C435898FD53A3FB5F93A4592B 2x, https://d20zyr0oabjxc2.cloudfront.net/variants/media/raw_images/twillians1111/2024/08/20240824213357.428-IMG_4767-198x198c.jpeg?signature=DB55EEB732F51AAFC9CE121DF5C8A7B3AA6D690B50E70C4C4BBB6B8915D39768 1x",/us/c/reptiles/lizards/crested-geckos/2029217,,"https://d20zyr0oabjxc2.cloudfront.net/variants/media/raw_images/twillians1111/2024/08/20240824213357.428-IMG_4767-396x396c.jpeg?signature=D65721D705657B23BF91DEA486F23D400CDC008C435898FD53A3FB5F93A4592B 2x, https://d20zyr0oabjxc2.cloudfront.net/variants/media/raw_images/twillians1111/2024/08/20240824213357.428-IMG_4767-198x198c.jpeg?signature=DB55EEB732F51AAFC9CE121DF5C8A7B3AA6D690B50E70C4C4BBB6B8915D39768 1x",
Patternless dalmatian,dalmatian,"https://d20zyr0oabjxc2.cloudfront.net/variants/media/raw_images/snakes_in_the_boot/2024/05/20240517023102.469-IMG_3963-396x396c.jpeg?signature=89D66123DD0AC48787649459824D7C96112CAF3070417F3A3BAF43EB3A02F9A1 2x, https://d20zyr0oabjxc2.cloudfront.net/variants/media/raw_images/snakes_in_the_boot/2024/05/20240517023102.469-IMG_3963-198x198c.jpeg?signature=C5F6201166849B7927EFED7D3C70FBF5A497FA6DAB925AAF64FFFF04763A3252 1x",/us/c/reptiles/lizards/crested-geckos/2329421,,"https://d20zyr0oabjxc2.cloudfront.net/variants/media/raw_images/snakes_in_the_boot/2024/05/20240517023102.469-IMG_3963-396x396c.jpeg?signature=89D66123DD0AC48787649459824D7C96112CAF3070417F3A3BAF43EB3A02F9A1 2x, https://d20zyr0oabjxc2.cloudfront.net/variants/media/raw_images/snakes_in_the_boot/2024/05/20240517023102.469-IMG_3963-198x198c.jpeg?signature=C5F6201166849B7927EFED7D3C70FBF5A497FA6DAB925AAF64FFFF04763A3252 1x",
dalmatian,dalmatian,"https://d20zyr0oabjxc2.cloudfront.net/variants/media/raw_images/nateturenate/2024/08/20240818133813.373-IMG_7149-396x396c.jpeg?signature=BCED626D93D5A134BB183AA61196C4C3104773CA333F4BA393E79F37BA7CBFA3 2x, https://d20zyr0oabjxc2.cloudfront.net/variants/media/raw_images/nateturenate/2024/08/20240818133813.373-IMG_7149-198x198c.jpeg?signature=7AA63F9C3DEBA55CEA17837BE125EAA258659BEC1AAB6CC6AC9E0B6AF5EF1EB0 1x",/us/c/reptiles/lizards/crested-geckos/2239324,,"https://d20zyr0oabjxc2.cloudfront.net/variants/media/raw_images/nateturenate/2024/08/20240818133813.373-IMG_7149-396x396c.jpeg?signature=BCED626D93D5A134BB183AA61196C4C3104773CA333F4BA393E79F37BA7CBFA3 2x, https://d20zyr0oabjxc2.cloudfront.net/variants/media/raw_images/nateturenate/2024/08/20240818133813.373-IMG_7149-198x198c.jpeg?signature=7AA63F9C3DEBA55CEA17837BE125EAA258659BEC1AAB6CC6AC9E0B6AF5EF1EB0 1x",
Red Phantom dalmatian,Red dalmatian,"https://d20zyr0oabjxc2.cloudfront.net/variants/media/raw_images/jjay-geckos/2024/08/20240810235913.305-IMG_1559-396x396c.jpeg?signature=757BE0B93F68D67F8DCF645E955859AD649F094F3E0B508881DE1240AB187056 2x, https://d20zyr0oabjxc2.cloudfront.net/variants/media/raw_images/jjay-geckos/2024/08/20240810235913.305-IMG_1559-198x198c.jpeg?signature=A6F665B0DBF0C3E348B287B5498512EB8BB7134FC8B51E4232AE0B8726CD0D89 1x",/us/c/reptiles/lizards/crested-geckos/2490381,,"https://d20zyr0oabjxc2.cloudfront.net/variants/media/raw_images/jjay-geckos/2024/08/20240810235913.305-IMG_1559-396x396c.jpeg?signature=757BE0B93F68D67F8DCF645E955859AD649F094F3E0B508881DE1240AB187056 2x, https://d20zyr0oabjxc2.cloudfront.net/variants/media/raw_images/jjay-geckos/2024/08/20240810235913.305-IMG_1559-198x198c.jpeg?signature=A6F665B0DBF0C3E348B287B5498512EB8BB7134FC8B51E4232AE0B8726CD0D89 1x",
Spatterline dalmatian,dalmatian,"https://d20zyr0oabjxc2.cloudfront.net/variants/media/raw_images/alyssabaczewski/2024/05/20240531185145.362-IMG_0221-396x396c.jpeg?signature=D881EDDBD70BE28E3EAA29DA7608CD530FAA9285D258D5B7855C3902E789A7A4 2x, https://d20zyr0oabjxc2.cloudfront.net/variants/media/raw_images/alyssabaczewski/2024/05/20240531185145.362-IMG_0221-198x198c.jpeg?signature=9B3652A544FC417EBFD29ECCBFF6E6AD368927A316AD56B996573F5F5B52E825 1x",/us/c/reptiles/lizards/crested-geckos/2352347,,"https://d20zyr0oabjxc2.cloudfront.net/variants/media/raw_images/alyssabaczewski/2024/05/20240531185145.362-IMG_0221-396x396c.jpeg?signature=D881EDDBD70BE28E3EAA29DA7608CD530FAA9285D258D5B7855C3902E789A7A4 2x, https://d20zyr0oabjxc2.cloudfront.net/variants/media/raw_images/alyssabaczewski/2024/05/20240531185145.362-IMG_0221-198x198c.jpeg?signature=9B3652A544FC417EBFD29ECCBFF6E6AD368927A316AD56B996573F5F5B52E825 1x",
BOGO FREE Red Spot dalmatian,Red dalmatian,"https://d20zyr0oabjxc2.cloudfront.net/variants/media/raw_images/deepgroveexotics/2024/05/20240518205931.754-IMG020240516_141814-396x396c.jpeg?signature=39090D7C5C041D19A263373C7EFF58C1538F937ED77C511E0CCDE67ED42C096D 2x, https://d20zyr0oabjxc2.cloudfront.net/variants/media/raw_images/deepgroveexotics/2024/05/20240518205931.754-IMG020240516_141814-198x198c.jpeg?signature=A1CE3332139DD701352620CC4305302B4F6A9BAEF1222785BF7ECC2D4D54C470 1x",/us/c/reptiles/lizards/crested-geckos/2331686,,"https://d20zyr0oabjxc2.cloudfront.net/variants/media/raw_images/deepgroveexotics/2024/05/20240518205931.754-IMG020240516_141814-396x396c.jpeg?signature=39090D7C5C041D19A263373C7EFF58C1538F937ED77C511E0CCDE67ED42C096D 2x, https://d20zyr0oabjxc2.cloudfront.net/variants/media/raw_images/deepgroveexotics/2024/05/20240518205931.754-IMG020240516_141814-198x198c.jpeg?signature=A1CE3332139DD701352620CC4305302B4F6A9BAEF1222785BF7ECC2D4D54C470 1x",
Orange Phantom dalmatian,dalmatian,"https://d20zyr0oabjxc2.cloudfront.net/variants/media/raw_images/carolyn411/2024/08/20240806003245.914-1000019814-396x396c.jpeg?signature=FBB00B6E08E9FE954F3C1B7D2C2032ADC76B3F5845DABEBF9946363C3CF72DE6 2x, https://d20zyr0oabjxc2.cloudfront.net/variants/media/raw_images/carolyn411/2024/08/20240806003245.914-1000019814-198x198c.jpeg?signature=2343822EB7AFBEC7FD13C08A163CD39E180603E69584EDD662E37FF8AAB0F2B2 1x",/us/c/reptiles/lizards/crested-geckos/2406768,,"https://d20zyr0oabjxc2.cloudfront.net/variants/media/raw_images/carolyn411/2024/08/20240806003245.914-1000019814-396x396c.jpeg?signature=FBB00B6E08E9FE954F3C1B7D2C2032ADC76B3F5845DABEBF9946363C3CF72DE6 2x, https://d20zyr0oabjxc2.cloudfront.net/variants/media/raw_images/carolyn411/2024/08/20240806003245.914-1000019814-198x198c.jpeg?signature=2343822EB7AFBEC7FD13C08A163CD39E180603E69584EDD662E37FF8AAB0F2B2 1x",
Red Spot dalmatian,Red dalmatian,"https://d20zyr0oabjxc2.cloudfront.net/variants/media/raw_images/alyssabaczewski/2024/05/20240531184659.668-IMG_0255-396x396c.jpeg?signature=99DA346953A8747F1BEF05C328652BA0F0799D5A977EC7849EC6039978F95147 2x, https://d20zyr0oabjxc2.cloudfront.net/variants/media/raw_images/alyssabaczewski/2024/05/20240531184659.668-IMG_0255-198x198c.jpeg?signature=8EDEC7831FC1317667416E5621FBBD92C86217326A7B8C0B52EF4920FD2CF89E 1x",/us/c/reptiles/lizards/crested-geckos/2352316,,"https://d20zyr0oabjxc2.cloudfront.net/variants/media/raw_images/alyssabaczewski/2024/05/20240531184659.668-IMG_0255-396x396c.jpeg?signature=99DA346953A8747F1BEF05C328652BA0F0799D5A977EC7849EC6039978F95147 2x, https://d20zyr0oabjxc2.cloudfront.net/variants/media/raw_images/alyssabaczewski/2024/05/20240531184659.668-IMG_0255-198x198c.jpeg?signature=8EDEC7831FC1317667416E5621FBBD92C86217326A7B8C0B52EF4920FD2CF89E 1x",
Super dalmatian Male,dalmatian,"https://d20zyr0oabjxc2.cloudfront.net/variants/media/raw_images/nateturenate/2024/03/20240322212904.216-432709136_3135121280-396x396c.jpeg?signature=2174B03B851374736205A3B90ECF3D0B18D7F4630D124203D8AF8E0732F9DED7 2x, https://d20zyr0oabjxc2.cloudfront.net/variants/media/raw_images/nateturenate/2024/03/20240322212904.216-432709136_3135121280-198x198c.jpeg?signature=1ECBB46AECF3E749E3881140C853B354FD5680EEAEABC5F703374CBF93E3AF74 1x",/us/c/reptiles/lizards/crested-geckos/2238374,,"https://d20zyr0oabjxc2.cloudfront.net/variants/media/raw_images/nateturenate/2024/03/20240322212904.216-432709136_3135121280-396x396c.jpeg?signature=2174B03B851374736205A3B90ECF3D0B18D7F4630D124203D8AF8E0732F9DED7 2x, https://d20zyr0oabjxc2.cloudfront.net/variants/media/raw_images/nateturenate/2024/03/20240322212904.216-432709136_3135121280-198x198c.jpeg?signature=1ECBB46AECF3E749E3881140C853B354FD5680EEAEABC5F703374CBF93E3AF74 1x",
dalmatian,dalmatian,"https://d20zyr0oabjxc2.cloudfront.net/variants/media/raw_images/satterfieldexotics/2024/08/20240820141037.606-IMG_4587-396x396c.jpeg?signature=F718F223223515F3E8A5AB4485AD4C2F41111F7F1C510DC86DB324F3335A87A1 2x, https://d20zyr0oabjxc2.cloudfront.net/variants/media/raw_images/satterfieldexotics/2024/08/20240820141037.606-IMG_4587-198x198c.jpeg?signature=C3DAF9005A54E046779D487FB27E85E9CE19BFA25694F2CF3A0815373584FCE9 1x",/us/c/reptiles/lizards/crested-geckos/2326575,,"https://d20zyr0oabjxc2.cloudfront.net/variants/media/raw_images/satterfieldexotics/2024/08/20240820141037.606-IMG_4587-396x396c.jpeg?signature=F718F223223515F3E8A5AB4485AD4C2F41111F7F1C510DC86DB324F3335A87A1 2x, https://d20zyr0oabjxc2.cloudfront.net/variants/media/raw_images/satterfieldexotics/2024/08/20240820141037.606-IMG_4587-198x198c.jpeg?signature=C3DAF9005A54E046779D487FB27E85E9CE19BFA25694F2CF3A0815373584FCE9 1x",
FREE SHIPPING Oddball With Multicolored dalmatian Spots,Multicolored dalmatian,"https://d20zyr0oabjxc2.cloudfront.net/variants/media/raw_images/junglejen27/2024/07/20240731165452.622-IMG_8943-396x396c.jpeg?signature=B6AEADA82437D0950E5C299A35AD79FF79B62AA5CE50E2EC23272BD8F8F876F8 2x, https://d20zyr0oabjxc2.cloudfront.net/variants/media/raw_images/junglejen27/2024/07/20240731165452.622-IMG_8943-198x198c.jpeg?signature=81BEFACB1A0BB675DE1CFA5673CCD1C7D22192F73D046E8560E5D6D1FA4964CD 1x",/us/c/reptiles/lizards/crested-geckos/2465843,,"https://d20zyr0oabjxc2.cloudfront.net/variants/media/raw_images/junglejen27/2024/07/20240731165452.622-IMG_8943-396x396c.jpeg?signature=B6AEADA82437D0950E5C299A35AD79FF79B62AA5CE50E2EC23272BD8F8F876F8 2x, https://d20zyr0oabjxc2.cloudfront.net/variants/media/raw_images/junglejen27/2024/07/20240731165452.622-IMG_8943-198x198c.jpeg?signature=81BEFACB1A0BB675DE1CFA5673CCD1C7D22192F73D046E8560E5D6D1FA4964CD 1x",
Dark dalmatian,Dark dalmatian,"https://d20zyr0oabjxc2.cloudfront.net/variants/media/raw_images/kylies_cresties/2024/08/20240811225957.721-IMG_2891-396x396c.jpeg?signature=57AAF1F800AF5A3D73C342A1FDDAD37C3E39B2068E2CD5B69B7A92D6A34C960A 2x, https://d20zyr0oabjxc2.cloudfront.net/variants/media/raw_images/kylies_cresties/2024/08/20240811225957.721-IMG_2891-198x198c.jpeg?signature=F590F96DEFA38E7338B4CA8B22BFAAB871F8592A599FA5A830836BA8371F4D77 1x",/us/c/reptiles/lizards/crested-geckos/2492682,,"https://d20zyr0oabjxc2.cloudfront.net/variants/media/raw_images/kylies_cresties/2024/08/20240811225957.721-IMG_2891-396x396c.jpeg?signature=57AAF1F800AF5A3D73C342A1FDDAD37C3E39B2068E2CD5B69B7A92D6A34C960A 2x, https://d20zyr0oabjxc2.cloudfront.net/variants/media/raw_images/kylies_cresties/2024/08/20240811225957.721-IMG_2891-198x198c.jpeg?signature=F590F96DEFA38E7338B4CA8B22BFAAB871F8592A599FA5A830836BA8371F4D77 1x",
Rtb Female Ink Spot Super dalmatian,dalmatian,"https://d20zyr0oabjxc2.cloudfront.net/variants/media/raw_images/mgorsuch84/2024/09/20240904141808.513-6F6CE120-CA9B-4BDD-A-396x396c.jpeg?signature=9F43A4A8CAF9D43790489FD1BCA3DE03822A27FB9FF62B2C6F93A3D07B6E6842 2x, https://d20zyr0oabjxc2.cloudfront.net/variants/media/raw_images/mgorsuch84/2024/09/20240904141808.513-6F6CE120-CA9B-4BDD-A-198x198c.jpeg?signature=99FB1D8A3B2445BABD3B694677186DE09DB9723B7BBA8E9509F040D1A300C77F 1x",/us/c/reptiles/lizards/crested-geckos/2552371,,"https://d20zyr0oabjxc2.cloudfront.net/variants/media/raw_images/mgorsuch84/2024/09/20240904141808.513-6F6CE120-CA9B-4BDD-A-396x396c.jpeg?signature=9F43A4A8CAF9D43790489FD1BCA3DE03822A27FB9FF62B2C6F93A3D07B6E6842 2x, https://d20zyr0oabjxc2.cloudfront.net/variants/media/raw_images/mgorsuch84/2024/09/20240904141808.513-6F6CE120-CA9B-4BDD-A-198x198c.jpeg?signature=99FB1D8A3B2445BABD3B694677186DE09DB9723B7BBA8E9509F040D1A300C77F 1x",
Crazy dalmatian (Blot) Het Axanthic,dalmatian,"https://d20zyr0oabjxc2.cloudfront.net/variants/media/raw_images/cbrown24/2024/08/20240813173756.763-1000001947-396x396c.jpeg?signature=5AC8AB6C09D3E70445B3485FF32EE31AEC3B46287EED5FB91875D9FE3B65D6F6 2x, https://d20zyr0oabjxc2.cloudfront.net/variants/media/raw_images/cbrown24/2024/08/20240813173756.763-1000001947-198x198c.jpeg?signature=2B6124F9657D9E2C9F3A88EC7AAE9FBE8BAE3E44084F0C48F7DC37562D4F7E3E 1x",/us/c/reptiles/lizards/crested-geckos/2496627,,"https://d20zyr0oabjxc2.cloudfront.net/variants/media/raw_images/cbrown24/2024/08/20240813173756.763-1000001947-396x396c.jpeg?signature=5AC8AB6C09D3E70445B3485FF32EE31AEC3B46287EED5FB91875D9FE3B65D6F6 2x, https://d20zyr0oabjxc2.cloudfront.net/variants/media/raw_images/cbrown24/2024/08/20240813173756.763-1000001947-198x198c.jpeg?signature=2B6124F9657D9E2C9F3A88EC7AAE9FBE8BAE3E44084F0C48F7DC37562D4F7E3E 1x",
Yellow dalmatian Crested Gecko,Yellow dalmatian,"https://d20zyr0oabjxc2.cloudfront.net/variants/media/raw_images/geckogurus/2023/08/20230827185321.813-1000008269-396x396c.jpeg?signature=2FD5A86DC2B09BF3B7B4809B49571BE52E709095E17E897968F0FEAB37C4674F 2x, https://d20zyr0oabjxc2.cloudfront.net/variants/media/raw_images/geckogurus/2023/08/20230827185321.813-1000008269-198x198c.jpeg?signature=90D8C56F95C54DA09E8B727046260D7862EA093280A3832E29EE7B0845BB2DC6 1x",/us/c/reptiles/lizards/crested-geckos/1810622,,"https://d20zyr0oabjxc2.cloudfront.net/variants/media/raw_images/geckogurus/2023/08/20230827185321.813-1000008269-396x396c.jpeg?signature=2FD5A86DC2B09BF3B7B4809B49571BE52E709095E17E897968F0FEAB37C4674F 2x, https://d20zyr0oabjxc2.cloudfront.net/variants/media/raw_images/geckogurus/2023/08/20230827185321.813-1000008269-198x198c.jpeg?signature=90D8C56F95C54DA09E8B727046260D7862EA093280A3832E29EE7B0845BB2DC6 1x",
BOGO FREE Red Spot dalmatian,Red dalmatian,"https://d20zyr0oabjxc2.cloudfront.net/variants/media/raw_images/deepgroveexotics/2024/05/20240518210530.254-IMG020240414_212920-396x396c.jpeg?signature=AA24944622A6B86A056EA8B4E6E38D77C2EEE8E66AF5E7218E2C4DD99775C811 2x, https://d20zyr0oabjxc2.cloudfront.net/variants/media/raw_images/deepgroveexotics/2024/05/20240518210530.254-IMG020240414_212920-198x198c.jpeg?signature=6911DD36AFBA8D5BAB94D849DF27AC6BA6A79796920C521BDAF2CE257A2E92E7 1x",/us/c/reptiles/lizards/crested-geckos/2331695,,"https://d20zyr0oabjxc2.cloudfront.net/variants/media/raw_images/deepgroveexotics/2024/05/20240518210530.254-IMG020240414_212920-396x396c.jpeg?signature=AA24944622A6B86A056EA8B4E6E38D77C2EEE8E66AF5E7218E2C4DD99775C811 2x, https://d20zyr0oabjxc2.cloudfront.net/variants/media/raw_images/deepgroveexotics/2024/05/20240518210530.254-IMG020240414_212920-198x198c.jpeg?signature=6911DD36AFBA8D5BAB94D849DF27AC6BA6A79796920C521BDAF2CE257A2E92E7 1x",
BOGO FREE Red Spot dalmatian,Red dalmatian,"https://d20zyr0oabjxc2.cloudfront.net/variants/media/raw_images/deepgroveexotics/2024/05/20240518210238.461-IMG020240516_154629-396x396c.jpeg?signature=E6FB2830A3E6A35AF345FD12EABFE3CDDB5396308893B0B71523448655A1EADD 2x, https://d20zyr0oabjxc2.cloudfront.net/variants/media/raw_images/deepgroveexotics/2024/05/20240518210238.461-IMG020240516_154629-198x198c.jpeg?signature=C83AC8E724916C2AD1C8A2DCA8A1DD0E4E61516092059D56D35D8236CCD4456A 1x",/us/c/reptiles/lizards/crested-geckos/2331693,,"https://d20zyr0oabjxc2.cloudfront.net/variants/media/raw_images/deepgroveexotics/2024/05/20240518210238.461-IMG020240516_154629-396x396c.jpeg?signature=E6FB2830A3E6A35AF345FD12EABFE3CDDB5396308893B0B71523448655A1EADD 2x, https://d20zyr0oabjxc2.cloudfront.net/variants/media/raw_images/deepgroveexotics/2024/05/20240518210238.461-IMG020240516_154629-198x198c.jpeg?signature=C83AC8E724916C2AD1C8A2DCA8A1DD0E4E61516092059D56D35D8236CCD4456A 1x",
Ink Spot Super dalmatian,dalmatian,"https://d20zyr0oabjxc2.cloudfront.net/variants/media/raw_images/theshap/2023/12/20231226183032.511-ScreenShot2023-12--396x396c.jpeg?signature=FA9F63E9FBF0E4D15094B00280B619410D1DB0A0C9742DBA7F94FCB80D7FB508 2x, https://d20zyr0oabjxc2.cloudfront.net/variants/media/raw_images/theshap/2023/12/20231226183032.511-ScreenShot2023-12--198x198c.jpeg?signature=BC5AADBA56ECF57C4770C4121EAD2648CA7D4504B181B648C63C184403D6DECA 1x",/us/c/reptiles/lizards/crested-geckos/2078552,,"https://d20zyr0oabjxc2.cloudfront.net/variants/media/raw_images/theshap/2023/12/20231226183032.511-ScreenShot2023-12--396x396c.jpeg?signature=FA9F63E9FBF0E4D15094B00280B619410D1DB0A0C9742DBA7F94FCB80D7FB508 2x, https://d20zyr0oabjxc2.cloudfront.net/variants/media/raw_images/theshap/2023/12/20231226183032.511-ScreenShot2023-12--198x198c.jpeg?signature=BC5AADBA56ECF57C4770C4121EAD2648CA7D4504B181B648C63C184403D6DECA 1x",
Orange dalmatian Phantom NPV,dalmatian,"https://d20zyr0oabjxc2.cloudfront.net/variants/media/raw_images/carebugs/2024/08/20240826022652.334-DSC_5396-396x396c.jpeg?signature=435411B06E54A714B24A544A714A45D299EA8492F5FEB8D0649E30ACB7DCB3F7 2x, https://d20zyr0oabjxc2.cloudfront.net/variants/media/raw_images/carebugs/2024/08/20240826022652.334-DSC_5396-198x198c.jpeg?signature=0DA57B04963ED9DA859903A302BCA6006E7B5D1C09FC38AD52C673544BC481A3 1x",/us/c/reptiles/lizards/crested-geckos/2526487,,"https://d20zyr0oabjxc2.cloudfront.net/variants/media/raw_images/carebugs/2024/08/20240826022652.334-DSC_5396-396x396c.jpeg?signature=435411B06E54A714B24A544A714A45D299EA8492F5FEB8D0649E30ACB7DCB3F7 2x, https://d20zyr0oabjxc2.cloudfront.net/variants/media/raw_images/carebugs/2024/08/20240826022652.334-DSC_5396-198x198c.jpeg?signature=0DA57B04963ED9DA859903A302BCA6006E7B5D1C09FC38AD52C673544BC481A3 1x",
Pay Dirt Offspring—Red Super dalmatian,Offspring—Red dalmatian,"https://d20zyr0oabjxc2.cloudfront.net/variants/media/raw_images/geckoworx/2024/04/20240421050112.940-FullSizeRender-396x396c.jpeg?signature=051D18E998AAB8F41881AAF03204A4D44346EB201FCEE4AEF25FD5B9D0F23345 2x, https://d20zyr0oabjxc2.cloudfront.net/variants/media/raw_images/geckoworx/2024/04/20240421050112.940-FullSizeRender-198x198c.jpeg?signature=4959DA5E7852D64F36B5C4680580E0BAA920E3FB8D64CCB1A8D20E3108DA6D00 1x",/us/c/reptiles/lizards/crested-geckos/2285476,,"https://d20zyr0oabjxc2.cloudfront.net/variants/media/raw_images/geckoworx/2024/04/20240421050112.940-FullSizeRender-396x396c.jpeg?signature=051D18E998AAB8F41881AAF03204A4D44346EB201FCEE4AEF25FD5B9D0F23345 2x, https://d20zyr0oabjxc2.cloudfront.net/variants/media/raw_images/geckoworx/2024/04/20240421050112.940-FullSizeRender-198x198c.jpeg?signature=4959DA5E7852D64F36B5C4680580E0BAA920E3FB8D64CCB1A8D20E3108DA6D00 1x",
Tiny dalmatian W/ Lots Of Potential!,dalmatian,"https://d20zyr0oabjxc2.cloudfront.net/variants/media/raw_images/alyssabaczewski/2024/05/20240531182745.542-IMG_0229-396x396c.jpeg?signature=AF6858E532616C5B9530D80354CDAC43392E1A97806D500740E9F835B28FE92F 2x, https://d20zyr0oabjxc2.cloudfront.net/variants/media/raw_images/alyssabaczewski/2024/05/20240531182745.542-IMG_0229-198x198c.jpeg?signature=E78025156878B27BEDEED39A3A29AF18C934A7FB5108B9D3C4F4CBF50922C432 1x",/us/c/reptiles/lizards/crested-geckos/2352298,,"https://d20zyr0oabjxc2.cloudfront.net/variants/media/raw_images/alyssabaczewski/2024/05/20240531182745.542-IMG_0229-396x396c.jpeg?signature=AF6858E532616C5B9530D80354CDAC43392E1A97806D500740E9F835B28FE92F 2x, https://d20zyr0oabjxc2.cloudfront.net/variants/media/raw_images/alyssabaczewski/2024/05/20240531182745.542-IMG_0229-198x198c.jpeg?signature=E78025156878B27BEDEED39A3A29AF18C934A7FB5108B9D3C4F4CBF50922C432 1x",
dalmatian,dalmatian,"https://d20zyr0oabjxc2.cloudfront.net/variants/media/raw_images/jenmai418/2024/08/20240809153210.700-IMG_1851-396x396c.jpeg?signature=CAE7DDA001F329CE04EDD50B952FB34DE28419A5D3EA01DAC4DC82D3B627E0A1 2x, https://d20zyr0oabjxc2.cloudfront.net/variants/media/raw_images/jenmai418/2024/08/20240809153210.700-IMG_1851-198x198c.jpeg?signature=6255D9C1ABDFC0A46A1DDB5613E4B5DA9C4CB5F186001873604A46DAE0FC5FBE 1x",/us/c/reptiles/lizards/crested-geckos/2487010,,"https://d20zyr0oabjxc2.cloudfront.net/variants/media/raw_images/jenmai418/2024/08/20240809153210.700-IMG_1851-396x396c.jpeg?signature=CAE7DDA001F329CE04EDD50B952FB34DE28419A5D3EA01DAC4DC82D3B627E0A1 2x, https://d20zyr0oabjxc2.cloudfront.net/variants/media/raw_images/jenmai418/2024/08/20240809153210.700-IMG_1851-198x198c.jpeg?signature=6255D9C1ABDFC0A46A1DDB5613E4B5DA9C4CB5F186001873604A46DAE0FC5FBE 1x",
dalmatian Crested Gecko,dalmatian,"https://d20zyr0oabjxc2.cloudfront.net/variants/media/raw_images/kylies_cresties/2024/08/20240811202850.134-IMG_2878-396x396c.jpeg?signature=7B7DC13209B6A49187F77ED7738139E6F6932215ABD2B2B9546E50C98A0E64FA 2x, https://d20zyr0oabjxc2.cloudfront.net/variants/media/raw_images/kylies_cresties/2024/08/20240811202850.134-IMG_2878-198x198c.jpeg?signature=23FDD091EE7F2AAE3247487B1FE0F01A4C37E65240BCE47752FDA23B2FD1B548 1x",/us/c/reptiles/lizards/crested-geckos/2492254,,"https://d20zyr0oabjxc2.cloudfront.net/variants/media/raw_images/kylies_cresties/2024/08/20240811202850.134-IMG_2878-396x396c.jpeg?signature=7B7DC13209B6A49187F77ED7738139E6F6932215ABD2B2B9546E50C98A0E64FA 2x, https://d20zyr0oabjxc2.cloudfront.net/variants/media/raw_images/kylies_cresties/2024/08/20240811202850.134-IMG_2878-198x198c.jpeg?signature=23FDD091EE7F2AAE3247487B1FE0F01A4C37E65240BCE47752FDA23B2FD1B548 1x",
Super dalmatian,dalmatian,"https://d20zyr0oabjxc2.cloudfront.net/variants/media/raw_images/r1ceg1rl/2024/06/20240629135316.13-Aplite12-396x396c.jpeg?signature=8FD28552F70AD3F5138A36B5F3D99BDDED8F73A2D04541887B5DD532A171A662 2x, https://d20zyr0oabjxc2.cloudfront.net/variants/media/raw_images/r1ceg1rl/2024/06/20240629135316.13-Aplite12-198x198c.jpeg?signature=5CA21C7E9F49AD5F2D7BA61926DFECB5302754B9758C0BE9F72D6EC28249B7B0 1x",/us/c/reptiles/lizards/crested-geckos/2403982,,"https://d20zyr0oabjxc2.cloudfront.net/variants/media/raw_images/r1ceg1rl/2024/06/20240629135316.13-Aplite12-396x396c.jpeg?signature=8FD28552F70AD3F5138A36B5F3D99BDDED8F73A2D04541887B5DD532A171A662 2x, https://d20zyr0oabjxc2.cloudfront.net/variants/media/raw_images/r1ceg1rl/2024/06/20240629135316.13-Aplite12-198x198c.jpeg?signature=5CA21C7E9F49AD5F2D7BA61926DFECB5302754B9758C0BE9F72D6EC28249B7B0 1x",
Red dalmatian,Red dalmatian,"https://d20zyr0oabjxc2.cloudfront.net/variants/media/raw_images/littlefoot297/2024/08/20240807001308.356-IMG_1885-396x396c.jpeg?signature=684E75C9428B59A2AE762A0E77A8AEE5AE379A113328E132A1B75F705C70B8DE 2x, https://d20zyr0oabjxc2.cloudfront.net/variants/media/raw_images/littlefoot297/2024/08/20240807001308.356-IMG_1885-198x198c.jpeg?signature=B7906350E814CB962A2597CB49FFE0290CB2981A45845C1414C3275D2502A55F 1x",/us/c/reptiles/lizards/crested-geckos/2479744,,"https://d20zyr0oabjxc2.cloudfront.net/variants/media/raw_images/littlefoot297/2024/08/20240807001308.356-IMG_1885-396x396c.jpeg?signature=684E75C9428B59A2AE762A0E77A8AEE5AE379A113328E132A1B75F705C70B8DE 2x, https://d20zyr0oabjxc2.cloudfront.net/variants/media/raw_images/littlefoot297/2024/08/20240807001308.356-IMG_1885-198x198c.jpeg?signature=B7906350E814CB962A2597CB49FFE0290CB2981A45845C1414C3275D2502A55F 1x",
Confetti Super dalmatian,dalmatian,"https://d20zyr0oabjxc2.cloudfront.net/variants/media/raw_images/mvalentinl/2024/09/20240928054522.409-IMG_2241-396x396c.jpeg?signature=F63F45863DD8125D847D94010AF5113A8425F73F7BEDF86084B00F0F4F83ECBA 2x, https://d20zyr0oabjxc2.cloudfront.net/variants/media/raw_images/mvalentinl/2024/09/20240928054522.409-IMG_2241-198x198c.jpeg?signature=8EB837531A2C1433B50B8607A22265F28F123CB645FB554662925ABF9FF4AE7E 1x",/us/c/reptiles/lizards/crested-geckos/2412436,,"https://d20zyr0oabjxc2.cloudfront.net/variants/media/raw_images/mvalentinl/2024/09/20240928054522.409-IMG_2241-396x396c.jpeg?signature=F63F45863DD8125D847D94010AF5113A8425F73F7BEDF86084B00F0F4F83ECBA 2x, https://d20zyr0oabjxc2.cloudfront.net/variants/media/raw_images/mvalentinl/2024/09/20240928054522.409-IMG_2241-198x198c.jpeg?signature=8EB837531A2C1433B50B8607A22265F28F123CB645FB554662925ABF9FF4AE7E 1x",
"Giuseppe, Adult Male, Dark Phantom, dalmatian, 9/1/23","Dark dalmatian,","https://d20zyr0oabjxc2.cloudfront.net/variants/media/raw_images/diyreptiles/2024/09/20240902135139.577-IMG_9386-396x396c.jpeg?signature=E4168DDD7F4B23929EB56384F00F8F1F1AFAB27B1E39431ECBC275F40A7EF952 2x, https://d20zyr0oabjxc2.cloudfront.net/variants/media/raw_images/diyreptiles/2024/09/20240902135139.577-IMG_9386-198x198c.jpeg?signature=EA1F18772ED5023B8B4AAFF725F8D7A1F77D11238D3A088A2777DB0321F51E39 1x",/us/c/reptiles/lizards/crested-geckos/2546487,,"https://d20zyr0oabjxc2.cloudfront.net/variants/media/raw_images/diyreptiles/2024/09/20240902135139.577-IMG_9386-396x396c.jpeg?signature=E4168DDD7F4B23929EB56384F00F8F1F1AFAB27B1E39431ECBC275F40A7EF952 2x, https://d20zyr0oabjxc2.cloudfront.net/variants/media/raw_images/diyreptiles/2024/09/20240902135139.577-IMG_9386-198x198c.jpeg?signature=EA1F18772ED5023B8B4AAFF725F8D7A1F77D11238D3A088A2777DB0321F51E39 1x",
Super dalmatian/Ink Spot Yellow,dalmatian/Ink Yellow,"https://d20zyr0oabjxc2.cloudfront.net/variants/media/raw_images/r1ceg1rl/2024/06/20240629104147.805-Citrine-396x396c.jpeg?signature=3FE11D7B6831CA740D806D69E58557BB479E036E7D836FEF47FB9288AD81737D 2x, https://d20zyr0oabjxc2.cloudfront.net/variants/media/raw_images/r1ceg1rl/2024/06/20240629104147.805-Citrine-198x198c.jpeg?signature=CDE33E7966EF5927FAAFEEBA58445A3B014367A298FE88BE483F172EAAF85597 1x",/us/c/reptiles/lizards/crested-geckos/2403838,,"https://d20zyr0oabjxc2.cloudfront.net/variants/media/raw_images/r1ceg1rl/2024/06/20240629104147.805-Citrine-396x396c.jpeg?signature=3FE11D7B6831CA740D806D69E58557BB479E036E7D836FEF47FB9288AD81737D 2x, https://d20zyr0oabjxc2.cloudfront.net/variants/media/raw_images/r1ceg1rl/2024/06/20240629104147.805-Citrine-198x198c.jpeg?signature=CDE33E7966EF5927FAAFEEBA58445A3B014367A298FE88BE483F172EAAF85597 1x",
Red Phantom POS.Super dalmatian,Red dalmatian,"https://d20zyr0oabjxc2.cloudfront.net/variants/media/raw_images/twhawk13/2024/09/20240904181803.944-IMG_2654-396x396c.jpeg?signature=0FD4CF713A2CFC5232226BF396B6BA3C90D5F563A5CD9829EC8BDEAEBAED27CC 2x, https://d20zyr0oabjxc2.cloudfront.net/variants/media/raw_images/twhawk13/2024/09/20240904181803.944-IMG_2654-198x198c.jpeg?signature=A5DEBD9DD0D7A66DFA9A22655F207B0C2D675FDB03C155585F47EB4AED6AF713 1x",/us/c/reptiles/lizards/crested-geckos/2553419,,"https://d20zyr0oabjxc2.cloudfront.net/variants/media/raw_images/twhawk13/2024/09/20240904181803.944-IMG_2654-396x396c.jpeg?signature=0FD4CF713A2CFC5232226BF396B6BA3C90D5F563A5CD9829EC8BDEAEBAED27CC 2x, https://d20zyr0oabjxc2.cloudfront.net/variants/media/raw_images/twhawk13/2024/09/20240904181803.944-IMG_2654-198x198c.jpeg?signature=A5DEBD9DD0D7A66DFA9A22655F207B0C2D675FDB03C155585F47EB4AED6AF713 1x",
"dalmatian Red Spots, Ink Spots, Red Base 2022",dalmatian Red Red,"https://d20zyr0oabjxc2.cloudfront.net/variants/media/raw_images/tabetha/2024/08/20240812163731.17-IMG_9589-396x396c.jpeg?signature=DD2B78DE07C4352CEDD20E143AF5785679571F3D055D6F63B8F2CB5711C8B56C 2x, https://d20zyr0oabjxc2.cloudfront.net/variants/media/raw_images/tabetha/2024/08/20240812163731.17-IMG_9589-198x198c.jpeg?signature=9F99F34689C4273421EF8AF570BEC56768629344978690CEBCD54290A6379562 1x",/us/c/reptiles/lizards/crested-geckos/2493910,,"https://d20zyr0oabjxc2.cloudfront.net/variants/media/raw_images/tabetha/2024/08/20240812163731.17-IMG_9589-396x396c.jpeg?signature=DD2B78DE07C4352CEDD20E143AF5785679571F3D055D6F63B8F2CB5711C8B56C 2x, https://d20zyr0oabjxc2.cloudfront.net/variants/media/raw_images/tabetha/2024/08/20240812163731.17-IMG_9589-198x198c.jpeg?signature=9F99F34689C4273421EF8AF570BEC56768629344978690CEBCD54290A6379562 1x",
42g Female Yellow Base Ink Spot dalmatian Deathstar Line,Yellow dalmatian,"https://d20zyr0oabjxc2.cloudfront.net/variants/media/raw_images/matrixexotics/2024/10/20241009051847.233-IMG_2049-396x396c.jpeg?signature=9D5090081FE5CD6502F4DB3EED27230C88B8C0D680F232DB2453188802C380F2 2x, https://d20zyr0oabjxc2.cloudfront.net/variants/media/raw_images/matrixexotics/2024/10/20241009051847.233-IMG_2049-198x198c.jpeg?signature=F2FD60E1741168E126D63351C1B7CFB3E187DEDCB51ED82102E6907EA194EC8E 1x",/us/c/reptiles/lizards/crested-geckos/2499421,,"https://d20zyr0oabjxc2.cloudfront.net/variants/media/raw_images/matrixexotics/2024/10/20241009051847.233-IMG_2049-396x396c.jpeg?signature=9D5090081FE5CD6502F4DB3EED27230C88B8C0D680F232DB2453188802C380F2 2x, https://d20zyr0oabjxc2.cloudfront.net/variants/media/raw_images/matrixexotics/2024/10/20241009051847.233-IMG_2049-198x198c.jpeg?signature=F2FD60E1741168E126D63351C1B7CFB3E187DEDCB51ED82102E6907EA194EC8E 1x",
Light Base Super dalmatian Ink Blot,dalmatian,"https://d20zyr0oabjxc2.cloudfront.net/variants/media/raw_images/junglejen27/2024/08/20240825182311.198-IMG_0276-396x396c.jpeg?signature=D0239D3E2B38F730051258AEABE9B691817D1133422E9B1228BD2C2AF7E6905B 2x, https://d20zyr0oabjxc2.cloudfront.net/variants/media/raw_images/junglejen27/2024/08/20240825182311.198-IMG_0276-198x198c.jpeg?signature=9AAD9FE73DDB37B830DC742A70C48F7F1261CA068AD45DDCA245A20323004605 1x",/us/c/reptiles/lizards/crested-geckos/2525145,,"https://d20zyr0oabjxc2.cloudfront.net/variants/media/raw_images/junglejen27/2024/08/20240825182311.198-IMG_0276-396x396c.jpeg?signature=D0239D3E2B38F730051258AEABE9B691817D1133422E9B1228BD2C2AF7E6905B 2x, https://d20zyr0oabjxc2.cloudfront.net/variants/media/raw_images/junglejen27/2024/08/20240825182311.198-IMG_0276-198x198c.jpeg?signature=9AAD9FE73DDB37B830DC742A70C48F7F1261CA068AD45DDCA245A20323004605 1x",
Yellow dalmatian Female,Yellow dalmatian,"https://d20zyr0oabjxc2.cloudfront.net/variants/media/raw_images/groovy_geckos/2024/08/20240822015258.162-DC052B80-6867-479F-9-396x396c.jpeg?signature=A7BC187285272D2F20F0D1AF62F49590C35D10EF28F38EF33F4C4671D4E72E2A 2x, https://d20zyr0oabjxc2.cloudfront.net/variants/media/raw_images/groovy_geckos/2024/08/20240822015258.162-DC052B80-6867-479F-9-198x198c.jpeg?signature=81FD0DA4A15EB16E5085A19575D8E69184BE6F9042A9EA03107B248FD700483E 1x",/us/c/reptiles/lizards/crested-geckos/2516115,,"https://d20zyr0oabjxc2.cloudfront.net/variants/media/raw_images/groovy_geckos/2024/08/20240822015258.162-DC052B80-6867-479F-9-396x396c.jpeg?signature=A7BC187285272D2F20F0D1AF62F49590C35D10EF28F38EF33F4C4671D4E72E2A 2x, https://d20zyr0oabjxc2.cloudfront.net/variants/media/raw_images/groovy_geckos/2024/08/20240822015258.162-DC052B80-6867-479F-9-198x198c.jpeg?signature=81FD0DA4A15EB16E5085A19575D8E69184BE6F9042A9EA03107B248FD700483E 1x",
Phantom Lilly White dalmatian,dalmatian,"https://d20zyr0oabjxc2.cloudfront.net/variants/media/raw_images/rodneyandheather/2024/10/20241022235837.318-1000014862-396x396c.jpeg?signature=6D546155FA3077A8CA0805F5024B041D8C5EC75C210612CB0688E35E18A97ECD 2x, https://d20zyr0oabjxc2.cloudfront.net/variants/media/raw_images/rodneyandheather/2024/10/20241022235837.318-1000014862-198x198c.jpeg?signature=00317B4EDC0767342A7686934B383EDE548CE6F2FF24647268B80FA920711FA2 1x",/us/c/reptiles/lizards/crested-geckos/2335550,,"https://d20zyr0oabjxc2.cloudfront.net/variants/media/raw_images/rodneyandheather/2024/10/20241022235837.318-1000014862-396x396c.jpeg?signature=6D546155FA3077A8CA0805F5024B041D8C5EC75C210612CB0688E35E18A97ECD 2x, https://d20zyr0oabjxc2.cloudfront.net/variants/media/raw_images/rodneyandheather/2024/10/20241022235837.318-1000014862-198x198c.jpeg?signature=00317B4EDC0767342A7686934B383EDE548CE6F2FF24647268B80FA920711FA2 1x",
Super dalmatian With Portholes And Red Spots - PPV,dalmatian Red,"https://d20zyr0oabjxc2.cloudfront.net/variants/media/raw_images/soulala0593/2024/08/20240803165328.876-IMG_3969.heic-396x396c.jpeg?signature=42EFD3BEAD5DFB0BF87CD9A334DDB3A5824B7E08CA31DF8A884F6D10DC9C4E26 2x, https://d20zyr0oabjxc2.cloudfront.net/variants/media/raw_images/soulala0593/2024/08/20240803165328.876-IMG_3969.heic-198x198c.jpeg?signature=F0DADF4B08288A6C0EF8B40F7ED9AA55FE50D7A1957CE791FBCA6212B690E88A 1x",/us/c/reptiles/lizards/crested-geckos/2472802,,"https://d20zyr0oabjxc2.cloudfront.net/variants/media/raw_images/soulala0593/2024/08/20240803165328.876-IMG_3969.heic-396x396c.jpeg?signature=42EFD3BEAD5DFB0BF87CD9A334DDB3A5824B7E08CA31DF8A884F6D10DC9C4E26 2x, https://d20zyr0oabjxc2.cloudfront.net/variants/media/raw_images/soulala0593/2024/08/20240803165328.876-IMG_3969.heic-198x198c.jpeg?signature=F0DADF4B08288A6C0EF8B40F7ED9AA55FE50D7A1957CE791FBCA6212B690E88A 1x",
Super dalmatian Crested Gecko,dalmatian,"https://d20zyr0oabjxc2.cloudfront.net/variants/media/raw_images/greenroom/2024/07/20240713233501.627-IMG_3446-396x396c.jpeg?signature=15E658E1FA04F23F989818742A9D3E4E3FFED5ABEAE049287DA5A1725B48B0B0 2x, https://d20zyr0oabjxc2.cloudfront.net/variants/media/raw_images/greenroom/2024/07/20240713233501.627-IMG_3446-198x198c.jpeg?signature=F5637A8ABBC65C160114CF1D8C2FE3D6C1977BC6C3C3D6653B0CD900851E6A8F 1x",/us/c/reptiles/lizards/crested-geckos/2430753,,"https://d20zyr0oabjxc2.cloudfront.net/variants/media/raw_images/greenroom/2024/07/20240713233501.627-IMG_3446-396x396c.jpeg?signature=15E658E1FA04F23F989818742A9D3E4E3FFED5ABEAE049287DA5A1725B48B0B0 2x, https://d20zyr0oabjxc2.cloudfront.net/variants/media/raw_images/greenroom/2024/07/20240713233501.627-IMG_3446-198x198c.jpeg?signature=F5637A8ABBC65C160114CF1D8C2FE3D6C1977BC6C3C3D6653B0CD900851E6A8F 1x",
BOGO FREE dalmatian,dalmatian,"https://d20zyr0oabjxc2.cloudfront.net/variants/media/raw_images/deepgroveexotics/2024/05/20240518214031.856-IMG020240516_142951-396x396c.jpeg?signature=0517632D9BA43062C37DDE0EC7D2A41379D4808B1EB8843A67C0D88857458D12 2x, https://d20zyr0oabjxc2.cloudfront.net/variants/media/raw_images/deepgroveexotics/2024/05/20240518214031.856-IMG020240516_142951-198x198c.jpeg?signature=EE65A9EE45153F0BC5092D628A908667F2475A5D41F6432E3D43946CBC3FED04 1x",/us/c/reptiles/lizards/crested-geckos/2331741,,"https://d20zyr0oabjxc2.cloudfront.net/variants/media/raw_images/deepgroveexotics/2024/05/20240518214031.856-IMG020240516_142951-396x396c.jpeg?signature=0517632D9BA43062C37DDE0EC7D2A41379D4808B1EB8843A67C0D88857458D12 2x, https://d20zyr0oabjxc2.cloudfront.net/variants/media/raw_images/deepgroveexotics/2024/05/20240518214031.856-IMG020240516_142951-198x198c.jpeg?signature=EE65A9EE45153F0BC5092D628A908667F2475A5D41F6432E3D43946CBC3FED04 1x",
AE Line Axanthic Phantom dalmatian,dalmatian,"https://d20zyr0oabjxc2.cloudfront.net/variants/media/raw_images/cbrown24/2024/08/20240809190622.475-1000001930-396x396c.jpeg?signature=1C66D165026DA9FC0FCF1190208FD03F91E300A6EFD6AEBD9A62976BD48592BD 2x, https://d20zyr0oabjxc2.cloudfront.net/variants/media/raw_images/cbrown24/2024/08/20240809190622.475-1000001930-198x198c.jpeg?signature=64860CDE7F7C4EE2F8F69DFB520457986B577B68B0F56BBA1AA9A489084C7524 1x",/us/c/reptiles/lizards/crested-geckos/2487427,,"https://d20zyr0oabjxc2.cloudfront.net/variants/media/raw_images/cbrown24/2024/08/20240809190622.475-1000001930-396x396c.jpeg?signature=1C66D165026DA9FC0FCF1190208FD03F91E300A6EFD6AEBD9A62976BD48592BD 2x, https://d20zyr0oabjxc2.cloudfront.net/variants/media/raw_images/cbrown24/2024/08/20240809190622.475-1000001930-198x198c.jpeg?signature=64860CDE7F7C4EE2F8F69DFB520457986B577B68B0F56BBA1AA9A489084C7524 1x",
Red And Black Ink Spot dalmatian,Red dalmatian,"https://d20zyr0oabjxc2.cloudfront.net/variants/media/raw_images/mellis88/2024/09/20240901230830.435-IMG_1584-396x396c.jpeg?signature=629074AB166F1EEB60772A9124634E48CB04AE5ACF9B32F30CFA154BBB33D693 2x, https://d20zyr0oabjxc2.cloudfront.net/variants/media/raw_images/mellis88/2024/09/20240901230830.435-IMG_1584-198x198c.jpeg?signature=CF29C62144D94B57A2F7249C16B83A093260D46CD0B323F8CE32D3D92C3DAF23 1x",/us/c/reptiles/lizards/crested-geckos/2545150,,"https://d20zyr0oabjxc2.cloudfront.net/variants/media/raw_images/mellis88/2024/09/20240901230830.435-IMG_1584-396x396c.jpeg?signature=629074AB166F1EEB60772A9124634E48CB04AE5ACF9B32F30CFA154BBB33D693 2x, https://d20zyr0oabjxc2.cloudfront.net/variants/media/raw_images/mellis88/2024/09/20240901230830.435-IMG_1584-198x198c.jpeg?signature=CF29C62144D94B57A2F7249C16B83A093260D46CD0B323F8CE32D3D92C3DAF23 1x",
Yellow dalmatian,Yellow dalmatian,"https://d20zyr0oabjxc2.cloudfront.net/variants/media/raw_images/raginreptilessupplyllc/2024/10/20241016201849.283-DSC_0454-396x396c.jpeg?signature=410DE02CE9E4644FD47ECEF7D15A507073003F6105D3DF8F5A67E43B52178802 2x, https://d20zyr0oabjxc2.cloudfront.net/variants/media/raw_images/raginreptilessupplyllc/2024/10/20241016201849.283-DSC_0454-198x198c.jpeg?signature=949A0776E35E3999CE6FF245956317B8BC40F6FA0898EA78CB8C6DE2F767BDD1 1x",/us/c/reptiles/lizards/crested-geckos/2542278,,"https://d20zyr0oabjxc2.cloudfront.net/variants/media/raw_images/raginreptilessupplyllc/2024/10/20241016201849.283-DSC_0454-396x396c.jpeg?signature=410DE02CE9E4644FD47ECEF7D15A507073003F6105D3DF8F5A67E43B52178802 2x, https://d20zyr0oabjxc2.cloudfront.net/variants/media/raw_images/raginreptilessupplyllc/2024/10/20241016201849.283-DSC_0454-198x198c.jpeg?signature=949A0776E35E3999CE6FF245956317B8BC40F6FA0898EA78CB8C6DE2F767BDD1 1x",
Light Based Super Ink Blot dalmatian,dalmatian,"https://d20zyr0oabjxc2.cloudfront.net/variants/media/raw_images/julguitar1/2024/08/20240804015723.781-IMG_5813-396x396c.jpeg?signature=4E09E9EE4DC3565E9ACEDB0AC9EF2A50D3DF284E6E585FD88A19FDC399EB2646 2x, https://d20zyr0oabjxc2.cloudfront.net/variants/media/raw_images/julguitar1/2024/08/20240804015723.781-IMG_5813-198x198c.jpeg?signature=4D9E1B02ED33CEE2F173D6FDDD14DFB618877CFDCAD4A4A384BA76067DBE4F0B 1x",/us/c/reptiles/lizards/crested-geckos/2473992,,"https://d20zyr0oabjxc2.cloudfront.net/variants/media/raw_images/julguitar1/2024/08/20240804015723.781-IMG_5813-396x396c.jpeg?signature=4E09E9EE4DC3565E9ACEDB0AC9EF2A50D3DF284E6E585FD88A19FDC399EB2646 2x, https://d20zyr0oabjxc2.cloudfront.net/variants/media/raw_images/julguitar1/2024/08/20240804015723.781-IMG_5813-198x198c.jpeg?signature=4D9E1B02ED33CEE2F173D6FDDD14DFB618877CFDCAD4A4A384BA76067DBE4F0B 1x",
Yellow Base Super Ink Spot/dalmatian 50% Pos Het Axantic,Yellow Spot/dalmatian,"https://d20zyr0oabjxc2.cloudfront.net/variants/media/raw_images/colli_cresteds/2024/07/20240715015553.615-IMG_8579-396x396c.jpeg?signature=48BA412BB4EE38EB062AF9D82D5E7C5F4CC1FC5A762ED345C534EE812C2BF146 2x, https://d20zyr0oabjxc2.cloudfront.net/variants/media/raw_images/colli_cresteds/2024/07/20240715015553.615-IMG_8579-198x198c.jpeg?signature=EB3ED53CC839B808810CE54D44ADC24FC75C8CA1A869766D5F1D6198D1C13017 1x",/us/c/reptiles/lizards/crested-geckos/2432512,,"https://d20zyr0oabjxc2.cloudfront.net/variants/media/raw_images/colli_cresteds/2024/07/20240715015553.615-IMG_8579-396x396c.jpeg?signature=48BA412BB4EE38EB062AF9D82D5E7C5F4CC1FC5A762ED345C534EE812C2BF146 2x, https://d20zyr0oabjxc2.cloudfront.net/variants/media/raw_images/colli_cresteds/2024/07/20240715015553.615-IMG_8579-198x198c.jpeg?signature=EB3ED53CC839B808810CE54D44ADC24FC75C8CA1A869766D5F1D6198D1C13017 1x",
Ink Spot dalmatian,dalmatian,"https://d20zyr0oabjxc2.cloudfront.net/variants/media/raw_images/elephantbw/2024/06/20240622012537.849-IMG_4230-396x396c.jpeg?signature=E8519A85460F7714B81A9D417DBC56AA532BE8ED575D783AF129B9C5611AB95B 2x, https://d20zyr0oabjxc2.cloudfront.net/variants/media/raw_images/elephantbw/2024/06/20240622012537.849-IMG_4230-198x198c.jpeg?signature=64531892D89BFAE51E7C92164F62B175BE5283846C1695FF9A7EA8FA49E511E1 1x",/us/c/reptiles/lizards/crested-geckos/2390571,,"https://d20zyr0oabjxc2.cloudfront.net/variants/media/raw_images/elephantbw/2024/06/20240622012537.849-IMG_4230-396x396c.jpeg?signature=E8519A85460F7714B81A9D417DBC56AA532BE8ED575D783AF129B9C5611AB95B 2x, https://d20zyr0oabjxc2.cloudfront.net/variants/media/raw_images/elephantbw/2024/06/20240622012537.849-IMG_4230-198x198c.jpeg?signature=64531892D89BFAE51E7C92164F62B175BE5283846C1695FF9A7EA8FA49E511E1 1x",
Female Red dalmatian Crested Gecko - Proven Breeder,Red dalmatian,"https://d20zyr0oabjxc2.cloudfront.net/variants/media/raw_images/katsaquatics/2024/03/20240317200639.957-IMG_6596-396x396c.jpeg?signature=293F45B32D433799F7202BD0E98E3B20B5738594E44E06BFD412509BEB37E046 2x, https://d20zyr0oabjxc2.cloudfront.net/variants/media/raw_images/katsaquatics/2024/03/20240317200639.957-IMG_6596-198x198c.jpeg?signature=94652CD09B50C50E83A53D3F5055654DA531C6770B330130E495A7DED673B259 1x",/us/c/reptiles/lizards/crested-geckos/1705217,,"https://d20zyr0oabjxc2.cloudfront.net/variants/media/raw_images/katsaquatics/2024/03/20240317200639.957-IMG_6596-396x396c.jpeg?signature=293F45B32D433799F7202BD0E98E3B20B5738594E44E06BFD412509BEB37E046 2x, https://d20zyr0oabjxc2.cloudfront.net/variants/media/raw_images/katsaquatics/2024/03/20240317200639.957-IMG_6596-198x198c.jpeg?signature=94652CD09B50C50E83A53D3F5055654DA531C6770B330130E495A7DED673B259 1x",
Female Red dalmatian Crested Gecko - Proven Breeder,Red dalmatian,"https://d20zyr0oabjxc2.cloudfront.net/variants/media/raw_images/katsaquatics/2024/03/20240317200639.957-IMG_6596-396x396c.jpeg?signature=293F45B32D433799F7202BD0E98E3B20B5738594E44E06BFD412509BEB37E046 2x, https://d20zyr0oabjxc2.cloudfront.net/variants/media/raw_images/katsaquatics/2024/03/20240317200639.957-IMG_6596-198x198c.jpeg?signature=94652CD09B50C50E83A53D3F5055654DA531C6770B330130E495A7DED673B259 1x",/us/c/reptiles/lizards/crested-geckos/1705217,,"https://d20zyr0oabjxc2.cloudfront.net/variants/media/raw_images/katsaquatics/2024/03/20240317200639.957-IMG_6596-396x396c.jpeg?signature=293F45B32D433799F7202BD0E98E3B20B5738594E44E06BFD412509BEB37E046 2x, https://d20zyr0oabjxc2.cloudfront.net/variants/media/raw_images/katsaquatics/2024/03/20240317200639.957-IMG_6596-198x198c.jpeg?signature=94652CD09B50C50E83A53D3F5055654DA531C6770B330130E495A7DED673B259 1x",
Red Base With dalmatian Spot And Red Spot,Red dalmatian Red,"https://d20zyr0oabjxc2.cloudfront.net/variants/media/raw_images/bdcrestology/2024/08/20240812133851.607-1000008566-396x396c.jpeg?signature=CC595330A3090A9434B3F5A018F8FA8AE3DB374A4EF80922E11725A62D43FBAA 2x, https://d20zyr0oabjxc2.cloudfront.net/variants/media/raw_images/bdcrestology/2024/08/20240812133851.607-1000008566-198x198c.jpeg?signature=4717A2F465972E0DB307AB4F0C7AD09CA101AC903FEAA5B7553CEDA38DC4C172 1x",/us/c/reptiles/lizards/crested-geckos/2455183,,"https://d20zyr0oabjxc2.cloudfront.net/variants/media/raw_images/bdcrestology/2024/08/20240812133851.607-1000008566-396x396c.jpeg?signature=CC595330A3090A9434B3F5A018F8FA8AE3DB374A4EF80922E11725A62D43FBAA 2x, https://d20zyr0oabjxc2.cloudfront.net/variants/media/raw_images/bdcrestology/2024/08/20240812133851.607-1000008566-198x198c.jpeg?signature=4717A2F465972E0DB307AB4F0C7AD09CA101AC903FEAA5B7553CEDA38DC4C172 1x",
dalmatian Cappuccino,dalmatian,"https://d20zyr0oabjxc2.cloudfront.net/variants/media/raw_images/lannislizards0907/2024/08/20240808011100.231-R0004048-396x396c.jpeg?signature=0BCBF52F05173686CF26E78A8E871B74F084BE3E00949C8F596BBC806D0523C7 2x, https://d20zyr0oabjxc2.cloudfront.net/variants/media/raw_images/lannislizards0907/2024/08/20240808011100.231-R0004048-198x198c.jpeg?signature=49856326B98A1C10D3810EDDE0FD86D4A2381069B9DE3481BE01E4F95E7DD871 1x",/us/c/reptiles/lizards/crested-geckos/2483023,,"https://d20zyr0oabjxc2.cloudfront.net/variants/media/raw_images/lannislizards0907/2024/08/20240808011100.231-R0004048-396x396c.jpeg?signature=0BCBF52F05173686CF26E78A8E871B74F084BE3E00949C8F596BBC806D0523C7 2x, https://d20zyr0oabjxc2.cloudfront.net/variants/media/raw_images/lannislizards0907/2024/08/20240808011100.231-R0004048-198x198c.jpeg?signature=49856326B98A1C10D3810EDDE0FD86D4A2381069B9DE3481BE01E4F95E7DD871 1x",
Phantom dalmatian,dalmatian,"https://d20zyr0oabjxc2.cloudfront.net/variants/media/raw_images/bugfarts/2024/03/20240323204228.718-DSC_0547-396x396c.jpeg?signature=8ADE83FE7CCFD915941743352E29754180DD2C350FE80DFF8AB342FE113BDBF0 2x, https://d20zyr0oabjxc2.cloudfront.net/variants/media/raw_images/bugfarts/2024/03/20240323204228.718-DSC_0547-198x198c.jpeg?signature=FC8F5FBD8DCF518C2242569CF39D0E95886DA7E22E1DE3AB6282059FABA390DA 1x",/us/c/reptiles/lizards/crested-geckos/1758431,,"https://d20zyr0oabjxc2.cloudfront.net/variants/media/raw_images/bugfarts/2024/03/20240323204228.718-DSC_0547-396x396c.jpeg?signature=8ADE83FE7CCFD915941743352E29754180DD2C350FE80DFF8AB342FE113BDBF0 2x, https://d20zyr0oabjxc2.cloudfront.net/variants/media/raw_images/bugfarts/2024/03/20240323204228.718-DSC_0547-198x198c.jpeg?signature=FC8F5FBD8DCF518C2242569CF39D0E95886DA7E22E1DE3AB6282059FABA390DA 1x",
CB dalmatian Crested Gecko,dalmatian,"https://d20zyr0oabjxc2.cloudfront.net/variants/media/raw_images/yellowboyexotics/2024/08/20240824190746.578-IMG_1648-396x396c.jpeg?signature=B3CA18554EF7501B3C3DBA0F50509C27215889F839C937000276E22406EBE16C 2x, https://d20zyr0oabjxc2.cloudfront.net/variants/media/raw_images/yellowboyexotics/2024/08/20240824190746.578-IMG_1648-198x198c.jpeg?signature=47CFDF015910E532467665BB86E5AA2BF0C0D04D45215C276E713F3F1C387BDF 1x",/us/c/reptiles/lizards/crested-geckos/2522819,,"https://d20zyr0oabjxc2.cloudfront.net/variants/media/raw_images/yellowboyexotics/2024/08/20240824190746.578-IMG_1648-396x396c.jpeg?signature=B3CA18554EF7501B3C3DBA0F50509C27215889F839C937000276E22406EBE16C 2x, https://d20zyr0oabjxc2.cloudfront.net/variants/media/raw_images/yellowboyexotics/2024/08/20240824190746.578-IMG_1648-198x198c.jpeg?signature=47CFDF015910E532467665BB86E5AA2BF0C0D04D45215C276E713F3F1C387BDF 1x",
dalmatian,dalmatian,"https://d20zyr0oabjxc2.cloudfront.net/variants/media/raw_images/alyssabaczewski/2024/05/20240531182059.32-IMG_0236-396x396c.jpeg?signature=6D5DA633077FDF1699B4555E043BF56AAA1648CABCF8B039DD93EC43AB203BB1 2x, https://d20zyr0oabjxc2.cloudfront.net/variants/media/raw_images/alyssabaczewski/2024/05/20240531182059.32-IMG_0236-198x198c.jpeg?signature=D0362B6BB0F7EC28AA0A7DAB0A9D3D0650EAC6878F7EA2A787C80F918AF05BC4 1x",/us/c/reptiles/lizards/crested-geckos/2352286,,"https://d20zyr0oabjxc2.cloudfront.net/variants/media/raw_images/alyssabaczewski/2024/05/20240531182059.32-IMG_0236-396x396c.jpeg?signature=6D5DA633077FDF1699B4555E043BF56AAA1648CABCF8B039DD93EC43AB203BB1 2x, https://d20zyr0oabjxc2.cloudfront.net/variants/media/raw_images/alyssabaczewski/2024/05/20240531182059.32-IMG_0236-198x198c.jpeg?signature=D0362B6BB0F7EC28AA0A7DAB0A9D3D0650EAC6878F7EA2A787C80F918AF05BC4 1x",
dalmatian,dalmatian,"https://d20zyr0oabjxc2.cloudfront.net/variants/media/raw_images/cassiescritters/2024/07/20240727172753.776-IMG_4185-396x396c.jpeg?signature=36D9D8712CF547CBE315552EA54C7DA8192C42438CA79278BBD1BD33E51FE879 2x, https://d20zyr0oabjxc2.cloudfront.net/variants/media/raw_images/cassiescritters/2024/07/20240727172753.776-IMG_4185-198x198c.jpeg?signature=D40F7B252665B64FD37AC5D7845C52EBB5BC4E2DCF45ADAD6FFABA2C75B5F2D0 1x",/us/c/reptiles/lizards/crested-geckos/2457218,,"https://d20zyr0oabjxc2.cloudfront.net/variants/media/raw_images/cassiescritters/2024/07/20240727172753.776-IMG_4185-396x396c.jpeg?signature=36D9D8712CF547CBE315552EA54C7DA8192C42438CA79278BBD1BD33E51FE879 2x, https://d20zyr0oabjxc2.cloudfront.net/variants/media/raw_images/cassiescritters/2024/07/20240727172753.776-IMG_4185-198x198c.jpeg?signature=D40F7B252665B64FD37AC5D7845C52EBB5BC4E2DCF45ADAD6FFABA2C75B5F2D0 1x",
Bi-color dalmatian,dalmatian,"https://d20zyr0oabjxc2.cloudfront.net/variants/media/raw_images/silvabak/2024/08/20240805183808.925-Scrappy1-396x396c.jpeg?signature=7BC8051676F862C931B9794978F396F9ADAACF9587F28B72E81BEBED7A93C1E9 2x, https://d20zyr0oabjxc2.cloudfront.net/variants/media/raw_images/silvabak/2024/08/20240805183808.925-Scrappy1-198x198c.jpeg?signature=D93CAD80F9EC8CFF2CFE02DAEFD4B9375ECAC679701B3971CCDDBEE23025BBE0 1x",/us/c/reptiles/lizards/crested-geckos/2278114,,"https://d20zyr0oabjxc2.cloudfront.net/variants/media/raw_images/silvabak/2024/08/20240805183808.925-Scrappy1-396x396c.jpeg?signature=7BC8051676F862C931B9794978F396F9ADAACF9587F28B72E81BEBED7A93C1E9 2x, https://d20zyr0oabjxc2.cloudfront.net/variants/media/raw_images/silvabak/2024/08/20240805183808.925-Scrappy1-198x198c.jpeg?signature=D93CAD80F9EC8CFF2CFE02DAEFD4B9375ECAC679701B3971CCDDBEE23025BBE0 1x",
Low Expression Tri Color dalmatian,dalmatian,"https://d20zyr0oabjxc2.cloudfront.net/variants/media/raw_images/valleyrhacs/2024/05/20240511190548.719-IMG_1597-396x396c.jpeg?signature=BFC7B60C06738BA7327DBBCE2BD3786A1E311AC5CD6BF9D8455C180819899E8B 2x, https://d20zyr0oabjxc2.cloudfront.net/variants/media/raw_images/valleyrhacs/2024/05/20240511190548.719-IMG_1597-198x198c.jpeg?signature=40C30370CECC22E94EA2055BADD1BFDEA4BB55389B9AB497812F7F2E3E38A933 1x",/us/c/reptiles/lizards/crested-geckos/2321372,,"https://d20zyr0oabjxc2.cloudfront.net/variants/media/raw_images/valleyrhacs/2024/05/20240511190548.719-IMG_1597-396x396c.jpeg?signature=BFC7B60C06738BA7327DBBCE2BD3786A1E311AC5CD6BF9D8455C180819899E8B 2x, https://d20zyr0oabjxc2.cloudfront.net/variants/media/raw_images/valleyrhacs/2024/05/20240511190548.719-IMG_1597-198x198c.jpeg?signature=40C30370CECC22E94EA2055BADD1BFDEA4BB55389B9AB497812F7F2E3E38A933 1x",
Super dalmatian,dalmatian,"https://d20zyr0oabjxc2.cloudfront.net/variants/media/raw_images/kylies_cresties/2024/09/20240902022847.765-IMG_3762-396x396c.jpeg?signature=F052E7C583C2E78546FEB91EAF62ABF9FB4853803681E8457C873933713549C2 2x, https://d20zyr0oabjxc2.cloudfront.net/variants/media/raw_images/kylies_cresties/2024/09/20240902022847.765-IMG_3762-198x198c.jpeg?signature=8DA021BB8BE2280581E1E87D273EBE94C0AE805B208BE616A670FBE86E329E7E 1x",/us/c/reptiles/lizards/crested-geckos/2545813,,"https://d20zyr0oabjxc2.cloudfront.net/variants/media/raw_images/kylies_cresties/2024/09/20240902022847.765-IMG_3762-396x396c.jpeg?signature=F052E7C583C2E78546FEB91EAF62ABF9FB4853803681E8457C873933713549C2 2x, https://d20zyr0oabjxc2.cloudfront.net/variants/media/raw_images/kylies_cresties/2024/09/20240902022847.765-IMG_3762-198x198c.jpeg?signature=8DA021BB8BE2280581E1E87D273EBE94C0AE805B208BE616A670FBE86E329E7E 1x",
Super dalmatian,dalmatian,"https://d20zyr0oabjxc2.cloudfront.net/variants/media/raw_images/pandasfauna/2024/04/20240407211924.144-IMG_1546-396x396c.jpeg?signature=9411B3FBC75F042A133F4694621EACB5EFABB2AE28C246B2AD5D680B97D65A90 2x, https://d20zyr0oabjxc2.cloudfront.net/variants/media/raw_images/pandasfauna/2024/04/20240407211924.144-IMG_1546-198x198c.jpeg?signature=F03313D49D761205EF5E4ECDE9BC902FB9638A63E7C9C37EAC3415E2936E4B3F 1x",/us/c/reptiles/lizards/crested-geckos/2264472,,"https://d20zyr0oabjxc2.cloudfront.net/variants/media/raw_images/pandasfauna/2024/04/20240407211924.144-IMG_1546-396x396c.jpeg?signature=9411B3FBC75F042A133F4694621EACB5EFABB2AE28C246B2AD5D680B97D65A90 2x, https://d20zyr0oabjxc2.cloudfront.net/variants/media/raw_images/pandasfauna/2024/04/20240407211924.144-IMG_1546-198x198c.jpeg?signature=F03313D49D761205EF5E4ECDE9BC902FB9638A63E7C9C37EAC3415E2936E4B3F 1x",
Red dalmatian,Red dalmatian,"https://d20zyr0oabjxc2.cloudfront.net/variants/media/raw_images/cassiescritters/2024/07/20240727180914.9-IMG_4203-396x396c.jpeg?signature=3524707A8D9DB97D519ACDEF15B8C59AEFD8FFFD801AC85A64CFD3A690E43D64 2x, https://d20zyr0oabjxc2.cloudfront.net/variants/media/raw_images/cassiescritters/2024/07/20240727180914.9-IMG_4203-198x198c.jpeg?signature=659A1F070C2BA5EBEAFD330E66B77C91503CDE1EFC1598D2E966C3C437DF0760 1x",/us/c/reptiles/lizards/crested-geckos/2457276,,"https://d20zyr0oabjxc2.cloudfront.net/variants/media/raw_images/cassiescritters/2024/07/20240727180914.9-IMG_4203-396x396c.jpeg?signature=3524707A8D9DB97D519ACDEF15B8C59AEFD8FFFD801AC85A64CFD3A690E43D64 2x, https://d20zyr0oabjxc2.cloudfront.net/variants/media/raw_images/cassiescritters/2024/07/20240727180914.9-IMG_4203-198x198c.jpeg?signature=659A1F070C2BA5EBEAFD330E66B77C91503CDE1EFC1598D2E966C3C437DF0760 1x",
Super dalmatian Crested Gecko,dalmatian,"https://d20zyr0oabjxc2.cloudfront.net/variants/media/raw_images/greenroom/2024/07/20240713232642.820-IMG_3429-396x396c.jpeg?signature=FAD5C6F916836655F2B068F686B19A75B9D3EB066C401294BEAED01412D3C3ED 2x, https://d20zyr0oabjxc2.cloudfront.net/variants/media/raw_images/greenroom/2024/07/20240713232642.820-IMG_3429-198x198c.jpeg?signature=86492BE935C5CDC73F4D96F4529A64FC0B901D4BC8FAC6DD505E68EE74765100 1x",/us/c/reptiles/lizards/crested-geckos/2430732,,"https://d20zyr0oabjxc2.cloudfront.net/variants/media/raw_images/greenroom/2024/07/20240713232642.820-IMG_3429-396x396c.jpeg?signature=FAD5C6F916836655F2B068F686B19A75B9D3EB066C401294BEAED01412D3C3ED 2x, https://d20zyr0oabjxc2.cloudfront.net/variants/media/raw_images/greenroom/2024/07/20240713232642.820-IMG_3429-198x198c.jpeg?signature=86492BE935C5CDC73F4D96F4529A64FC0B901D4BC8FAC6DD505E68EE74765100 1x",
Dark Phantom dalmatian,Dark dalmatian,"https://d20zyr0oabjxc2.cloudfront.net/variants/media/raw_images/silvabak/2024/04/20240417193359.451-IMG-8735-396x396c.jpeg?signature=7F3DDC45151C6D998602E18FA5F9507B7C8CD183037525E052DCF9CBCA1AA048 2x, https://d20zyr0oabjxc2.cloudfront.net/variants/media/raw_images/silvabak/2024/04/20240417193359.451-IMG-8735-198x198c.jpeg?signature=394C530DF338C3B73DA85EC399E3C3B0DD20D49365AA217188FB9AB011EA8C03 1x",/us/c/reptiles/lizards/crested-geckos/2278746,,"https://d20zyr0oabjxc2.cloudfront.net/variants/media/raw_images/silvabak/2024/04/20240417193359.451-IMG-8735-396x396c.jpeg?signature=7F3DDC45151C6D998602E18FA5F9507B7C8CD183037525E052DCF9CBCA1AA048 2x, https://d20zyr0oabjxc2.cloudfront.net/variants/media/raw_images/silvabak/2024/04/20240417193359.451-IMG-8735-198x198c.jpeg?signature=394C530DF338C3B73DA85EC399E3C3B0DD20D49365AA217188FB9AB011EA8C03 1x",
Crested Gecko. Dark Red dalmatian. Skittles Pox / Fruit Loop,Dark Red dalmatian.,"https://d20zyr0oabjxc2.cloudfront.net/variants/media/raw_images/powerman/2024/07/20240721154941.979-1000000940-396x396c.jpeg?signature=7F1BB962F6103AC8D4EF6BF7F2CFA3EF621EBAAD23966264A0F1BDC9B7A121F0 2x, https://d20zyr0oabjxc2.cloudfront.net/variants/media/raw_images/powerman/2024/07/20240721154941.979-1000000940-198x198c.jpeg?signature=82C7FF4E7513BAB5D13896A82766939D7CD9BFE63A0FF36EE85864D33B44F3C9 1x",/us/c/reptiles/lizards/crested-geckos/2445351,,"https://d20zyr0oabjxc2.cloudfront.net/variants/media/raw_images/powerman/2024/07/20240721154941.979-1000000940-396x396c.jpeg?signature=7F1BB962F6103AC8D4EF6BF7F2CFA3EF621EBAAD23966264A0F1BDC9B7A121F0 2x, https://d20zyr0oabjxc2.cloudfront.net/variants/media/raw_images/powerman/2024/07/20240721154941.979-1000000940-198x198c.jpeg?signature=82C7FF4E7513BAB5D13896A82766939D7CD9BFE63A0FF36EE85864D33B44F3C9 1x",
Female Red Patternless dalmatian,Red dalmatian,"https://d20zyr0oabjxc2.cloudfront.net/variants/media/raw_images/the_stellar_aesthetic/2024/06/20240628091331.941-IMG_2074-396x396c.jpeg?signature=413FA77020412903E4BD49CB208F1F197E0C5C681A02B28D291AA94507E2F077 2x, https://d20zyr0oabjxc2.cloudfront.net/variants/media/raw_images/the_stellar_aesthetic/2024/06/20240628091331.941-IMG_2074-198x198c.jpeg?signature=2E0BAAE94108019029BBCFD6597B27F013689E461EDDAC20CC33668E0887D17D 1x",/us/c/reptiles/lizards/crested-geckos/2402179,,"https://d20zyr0oabjxc2.cloudfront.net/variants/media/raw_images/the_stellar_aesthetic/2024/06/20240628091331.941-IMG_2074-396x396c.jpeg?signature=413FA77020412903E4BD49CB208F1F197E0C5C681A02B28D291AA94507E2F077 2x, https://d20zyr0oabjxc2.cloudfront.net/variants/media/raw_images/the_stellar_aesthetic/2024/06/20240628091331.941-IMG_2074-198x198c.jpeg?signature=2E0BAAE94108019029BBCFD6597B27F013689E461EDDAC20CC33668E0887D17D 1x",
Male Patterned dalmatian,dalmatian,"https://d20zyr0oabjxc2.cloudfront.net/variants/media/raw_images/kaysoscresteds/2024/07/20240714215925.116-IMG_3958-396x396c.jpeg?signature=51A8E22E8B437AEB5E090EFBC9FFC7251649CC75444770F3F96EC04D836E0920 2x, https://d20zyr0oabjxc2.cloudfront.net/variants/media/raw_images/kaysoscresteds/2024/07/20240714215925.116-IMG_3958-198x198c.jpeg?signature=FD19FD2AE6FC2BDCB29B22E0D755021E283248BC43DB9464B42F42E5E3C3942C 1x",/us/c/reptiles/lizards/crested-geckos/2327114,,"https://d20zyr0oabjxc2.cloudfront.net/variants/media/raw_images/kaysoscresteds/2024/07/20240714215925.116-IMG_3958-396x396c.jpeg?signature=51A8E22E8B437AEB5E090EFBC9FFC7251649CC75444770F3F96EC04D836E0920 2x, https://d20zyr0oabjxc2.cloudfront.net/variants/media/raw_images/kaysoscresteds/2024/07/20240714215925.116-IMG_3958-198x198c.jpeg?signature=FD19FD2AE6FC2BDCB29B22E0D755021E283248BC43DB9464B42F42E5E3C3942C 1x",
Yellow Base dalmatian,Yellow dalmatian,"https://d20zyr0oabjxc2.cloudfront.net/variants/media/raw_images/pandasfauna/2024/04/20240407210348.527-IMG_1550-396x396c.jpeg?signature=AED82AB8BC023E13AF73C2F14079D03B1A609EBEEBA7E7EFF865F2EFD3D03B7E 2x, https://d20zyr0oabjxc2.cloudfront.net/variants/media/raw_images/pandasfauna/2024/04/20240407210348.527-IMG_1550-198x198c.jpeg?signature=84E1677FE745B8215B0D2100C26467802A7DBA2BD211C9E55FEE8614FD00AE69 1x",/us/c/reptiles/lizards/crested-geckos/2264415,,"https://d20zyr0oabjxc2.cloudfront.net/variants/media/raw_images/pandasfauna/2024/04/20240407210348.527-IMG_1550-396x396c.jpeg?signature=AED82AB8BC023E13AF73C2F14079D03B1A609EBEEBA7E7EFF865F2EFD3D03B7E 2x, https://d20zyr0oabjxc2.cloudfront.net/variants/media/raw_images/pandasfauna/2024/04/20240407210348.527-IMG_1550-198x198c.jpeg?signature=84E1677FE745B8215B0D2100C26467802A7DBA2BD211C9E55FEE8614FD00AE69 1x",
"Dark Base, Chevron, dalmatian Spots",Dark dalmatian,"https://d20zyr0oabjxc2.cloudfront.net/variants/media/raw_images/bdcrestology/2024/08/20240812133214.95-1000008626-396x396c.jpeg?signature=F6EA4044BBF573B87461292F1F691C38BE60DBF1A53291589A7F637A70CB0AC0 2x, https://d20zyr0oabjxc2.cloudfront.net/variants/media/raw_images/bdcrestology/2024/08/20240812133214.95-1000008626-198x198c.jpeg?signature=2899B36E7F557D6AF30EE2ACDD0901AC4192858D70FCBE45D35D0F0C8673DA55 1x",/us/c/reptiles/lizards/crested-geckos/2307161,,"https://d20zyr0oabjxc2.cloudfront.net/variants/media/raw_images/bdcrestology/2024/08/20240812133214.95-1000008626-396x396c.jpeg?signature=F6EA4044BBF573B87461292F1F691C38BE60DBF1A53291589A7F637A70CB0AC0 2x, https://d20zyr0oabjxc2.cloudfront.net/variants/media/raw_images/bdcrestology/2024/08/20240812133214.95-1000008626-198x198c.jpeg?signature=2899B36E7F557D6AF30EE2ACDD0901AC4192858D70FCBE45D35D0F0C8673DA55 1x",
Yellow Phantom dalmatian Het Emptyback,Yellow dalmatian,"https://d20zyr0oabjxc2.cloudfront.net/variants/media/raw_images/triplegexotics/2024/08/20240830234754.120-IMG_2157-396x396c.jpeg?signature=96D96133297770E238ACE9F9CA57DF34DD48EDB7F8E04F9C981C0A4BE55A95F1 2x, https://d20zyr0oabjxc2.cloudfront.net/variants/media/raw_images/triplegexotics/2024/08/20240830234754.120-IMG_2157-198x198c.jpeg?signature=E707A4127D1A0CC1F3BF02E23A5AF82CA6CD768197EFAECD96259D948E914A1F 1x",/us/c/reptiles/lizards/crested-geckos/2539586,,"https://d20zyr0oabjxc2.cloudfront.net/variants/media/raw_images/triplegexotics/2024/08/20240830234754.120-IMG_2157-396x396c.jpeg?signature=96D96133297770E238ACE9F9CA57DF34DD48EDB7F8E04F9C981C0A4BE55A95F1 2x, https://d20zyr0oabjxc2.cloudfront.net/variants/media/raw_images/triplegexotics/2024/08/20240830234754.120-IMG_2157-198x198c.jpeg?signature=E707A4127D1A0CC1F3BF02E23A5AF82CA6CD768197EFAECD96259D948E914A1F 1x",
Super dalmatian Crested Gecko,dalmatian,"https://d20zyr0oabjxc2.cloudfront.net/variants/media/raw_images/greenroom/2024/07/20240713233306.401-IMG_3438-396x396c.jpeg?signature=248D3978CC501FFAA15DE235678C57C73B4C159C72A327C523C2D648AA787833 2x, https://d20zyr0oabjxc2.cloudfront.net/variants/media/raw_images/greenroom/2024/07/20240713233306.401-IMG_3438-198x198c.jpeg?signature=3BC5256567213B8B45C3ADB1EA01042368FFBE328C8E3B73F72452429999DE34 1x",/us/c/reptiles/lizards/crested-geckos/2430747,,"https://d20zyr0oabjxc2.cloudfront.net/variants/media/raw_images/greenroom/2024/07/20240713233306.401-IMG_3438-396x396c.jpeg?signature=248D3978CC501FFAA15DE235678C57C73B4C159C72A327C523C2D648AA787833 2x, https://d20zyr0oabjxc2.cloudfront.net/variants/media/raw_images/greenroom/2024/07/20240713233306.401-IMG_3438-198x198c.jpeg?signature=3BC5256567213B8B45C3ADB1EA01042368FFBE328C8E3B73F72452429999DE34 1x",
Red Super dalmatian,Red dalmatian,"https://d20zyr0oabjxc2.cloudfront.net/variants/media/raw_images/justins/2024/05/20240521034144.114-1000001399-396x396c.jpeg?signature=03D09ED1F333CDD86B094BD4192590AE410D46EEC32DD0E5071AA39FE52817F9 2x, https://d20zyr0oabjxc2.cloudfront.net/variants/media/raw_images/justins/2024/05/20240521034144.114-1000001399-198x198c.jpeg?signature=90469595E584FCCBEE1F2A7CEBAC94D6DD429B700DD4E77C77265ED4DCB44E07 1x",/us/c/reptiles/lizards/crested-geckos/2335136,,"https://d20zyr0oabjxc2.cloudfront.net/variants/media/raw_images/justins/2024/05/20240521034144.114-1000001399-396x396c.jpeg?signature=03D09ED1F333CDD86B094BD4192590AE410D46EEC32DD0E5071AA39FE52817F9 2x, https://d20zyr0oabjxc2.cloudfront.net/variants/media/raw_images/justins/2024/05/20240521034144.114-1000001399-198x198c.jpeg?signature=90469595E584FCCBEE1F2A7CEBAC94D6DD429B700DD4E77C77265ED4DCB44E07 1x",
Patterned dalmatian,dalmatian,"https://d20zyr0oabjxc2.cloudfront.net/variants/media/raw_images/twillians1111/2024/08/20240824214606.51-IMG_4775-396x396c.jpeg?signature=7E303D9111BB5CC058B40F7FFD7246684A1648100D066DC1868771ACAD961513 2x, https://d20zyr0oabjxc2.cloudfront.net/variants/media/raw_images/twillians1111/2024/08/20240824214606.51-IMG_4775-198x198c.jpeg?signature=03380CDDD0A37A89861CAC047116DA308823715FE96D971CA34BAD343BF5738D 1x",/us/c/reptiles/lizards/crested-geckos/2405998,,"https://d20zyr0oabjxc2.cloudfront.net/variants/media/raw_images/twillians1111/2024/08/20240824214606.51-IMG_4775-396x396c.jpeg?signature=7E303D9111BB5CC058B40F7FFD7246684A1648100D066DC1868771ACAD961513 2x, https://d20zyr0oabjxc2.cloudfront.net/variants/media/raw_images/twillians1111/2024/08/20240824214606.51-IMG_4775-198x198c.jpeg?signature=03380CDDD0A37A89861CAC047116DA308823715FE96D971CA34BAD343BF5738D 1x",
Super dalmatian Crested Gecko,dalmatian,"https://d20zyr0oabjxc2.cloudfront.net/variants/media/raw_images/greenroom/2024/07/20240713233051.489-IMG_3430-396x396c.jpeg?signature=23091CE9F5B0561D879EF48297AFBD7D8ADC7411DFBC60DFCBB4822255880E41 2x, https://d20zyr0oabjxc2.cloudfront.net/variants/media/raw_images/greenroom/2024/07/20240713233051.489-IMG_3430-198x198c.jpeg?signature=92833A9B03C5569E938B2078D46F417B892D47865CFF1979FB288C2982D12AF9 1x",/us/c/reptiles/lizards/crested-geckos/2430742,,"https://d20zyr0oabjxc2.cloudfront.net/variants/media/raw_images/greenroom/2024/07/20240713233051.489-IMG_3430-396x396c.jpeg?signature=23091CE9F5B0561D879EF48297AFBD7D8ADC7411DFBC60DFCBB4822255880E41 2x, https://d20zyr0oabjxc2.cloudfront.net/variants/media/raw_images/greenroom/2024/07/20240713233051.489-IMG_3430-198x198c.jpeg?signature=92833A9B03C5569E938B2078D46F417B892D47865CFF1979FB288C2982D12AF9 1x",
Red Phantom With dalmatian Spots And Portholes,Red dalmatian,"https://d20zyr0oabjxc2.cloudfront.net/variants/media/raw_images/twhawk13/2024/09/20240904171707.668-IMG_2657-396x396c.jpeg?signature=88F499295C80879943E329BC132E05D9AC1D19E763AA07F04EFB838BDDB9ADA9 2x, https://d20zyr0oabjxc2.cloudfront.net/variants/media/raw_images/twhawk13/2024/09/20240904171707.668-IMG_2657-198x198c.jpeg?signature=FCCC1270A0EABC940D0A7DFF07E306308B98C215C5A40107ADDE498E4B116CF6 1x",/us/c/reptiles/lizards/crested-geckos/2553138,,"https://d20zyr0oabjxc2.cloudfront.net/variants/media/raw_images/twhawk13/2024/09/20240904171707.668-IMG_2657-396x396c.jpeg?signature=88F499295C80879943E329BC132E05D9AC1D19E763AA07F04EFB838BDDB9ADA9 2x, https://d20zyr0oabjxc2.cloudfront.net/variants/media/raw_images/twhawk13/2024/09/20240904171707.668-IMG_2657-198x198c.jpeg?signature=FCCC1270A0EABC940D0A7DFF07E306308B98C215C5A40107ADDE498E4B116CF6 1x",
BOGO FREE dalmatian,dalmatian,"https://d20zyr0oabjxc2.cloudfront.net/variants/media/raw_images/deepgroveexotics/2024/05/20240518213555.38-IMG020240516_144057-396x396c.jpeg?signature=FB3876057D7EAA68AE1432948E67694359CE9817609A2DC2698F6015E17B3836 2x, https://d20zyr0oabjxc2.cloudfront.net/variants/media/raw_images/deepgroveexotics/2024/05/20240518213555.38-IMG020240516_144057-198x198c.jpeg?signature=E2EB2420535B0BF16309F407A0538123FD9D16FFCFDA1FDB9FB576E53255B456 1x",/us/c/reptiles/lizards/crested-geckos/2331730,,"https://d20zyr0oabjxc2.cloudfront.net/variants/media/raw_images/deepgroveexotics/2024/05/20240518213555.38-IMG020240516_144057-396x396c.jpeg?signature=FB3876057D7EAA68AE1432948E67694359CE9817609A2DC2698F6015E17B3836 2x, https://d20zyr0oabjxc2.cloudfront.net/variants/media/raw_images/deepgroveexotics/2024/05/20240518213555.38-IMG020240516_144057-198x198c.jpeg?signature=E2EB2420535B0BF16309F407A0538123FD9D16FFCFDA1FDB9FB576E53255B456 1x",
Proven Red Spot dalmatian,Red dalmatian,"https://d20zyr0oabjxc2.cloudfront.net/variants/media/raw_images/christians_reptiles/2024/08/20240825013706.420-IMG_9783-396x396c.jpeg?signature=206A97601EE518D692CB4DED414C8585A1EC3943F6C91972388C1FBCB0AE560C 2x, https://d20zyr0oabjxc2.cloudfront.net/variants/media/raw_images/christians_reptiles/2024/08/20240825013706.420-IMG_9783-198x198c.jpeg?signature=2C27E3A0237395941F64537244576EDB1A3A595A52B3A71F12C486E66613B718 1x",/us/c/reptiles/lizards/crested-geckos/2366150,,"https://d20zyr0oabjxc2.cloudfront.net/variants/media/raw_images/christians_reptiles/2024/08/20240825013706.420-IMG_9783-396x396c.jpeg?signature=206A97601EE518D692CB4DED414C8585A1EC3943F6C91972388C1FBCB0AE560C 2x, https://d20zyr0oabjxc2.cloudfront.net/variants/media/raw_images/christians_reptiles/2024/08/20240825013706.420-IMG_9783-198x198c.jpeg?signature=2C27E3A0237395941F64537244576EDB1A3A595A52B3A71F12C486E66613B718 1x",
Red dalmatian,Red dalmatian,"https://d20zyr0oabjxc2.cloudfront.net/variants/media/raw_images/dogspokergame/2024/08/20240801003524.310-IMG_2464-396x396c.jpeg?signature=864B720EE148BA120850CC3A8739865DFD9E2E6445E3FBE60C76434154EA68DB 2x, https://d20zyr0oabjxc2.cloudfront.net/variants/media/raw_images/dogspokergame/2024/08/20240801003524.310-IMG_2464-198x198c.jpeg?signature=BFE6D5DC2CAF3E54EBD6606614FD800ED357154C14E8CC14C3F3DF9799C4854F 1x",/us/c/reptiles/lizards/crested-geckos/2466895,,"https://d20zyr0oabjxc2.cloudfront.net/variants/media/raw_images/dogspokergame/2024/08/20240801003524.310-IMG_2464-396x396c.jpeg?signature=864B720EE148BA120850CC3A8739865DFD9E2E6445E3FBE60C76434154EA68DB 2x, https://d20zyr0oabjxc2.cloudfront.net/variants/media/raw_images/dogspokergame/2024/08/20240801003524.310-IMG_2464-198x198c.jpeg?signature=BFE6D5DC2CAF3E54EBD6606614FD800ED357154C14E8CC14C3F3DF9799C4854F 1x",
dalmatian,dalmatian,"https://d20zyr0oabjxc2.cloudfront.net/variants/media/raw_images/satterfieldexotics/2024/08/20240820142826.688-IMG_4607-396x396c.jpeg?signature=6D495C115D839B09B2E2D240FA8136AA32A73DDFC2AB01D38B8F81A279060E4D 2x, https://d20zyr0oabjxc2.cloudfront.net/variants/media/raw_images/satterfieldexotics/2024/08/20240820142826.688-IMG_4607-198x198c.jpeg?signature=F498C20D91E7525D4BA28E2B4D37E787053696E69ECA86D610A6B8274BAFEAE6 1x",/us/c/reptiles/lizards/crested-geckos/2512126,,"https://d20zyr0oabjxc2.cloudfront.net/variants/media/raw_images/satterfieldexotics/2024/08/20240820142826.688-IMG_4607-396x396c.jpeg?signature=6D495C115D839B09B2E2D240FA8136AA32A73DDFC2AB01D38B8F81A279060E4D 2x, https://d20zyr0oabjxc2.cloudfront.net/variants/media/raw_images/satterfieldexotics/2024/08/20240820142826.688-IMG_4607-198x198c.jpeg?signature=F498C20D91E7525D4BA28E2B4D37E787053696E69ECA86D610A6B8274BAFEAE6 1x",
dalmatian Male,dalmatian,"https://d20zyr0oabjxc2.cloudfront.net/variants/media/raw_images/andgeckos/2024/09/20240907151949.81-3E9B1A98-B237-4FFC-B-396x396c.jpeg?signature=C9AD9DB4DD6101DB53ECC5E31C5DC7FA9A6702E49819FA84A3FC39B6189C3B53 2x, https://d20zyr0oabjxc2.cloudfront.net/variants/media/raw_images/andgeckos/2024/09/20240907151949.81-3E9B1A98-B237-4FFC-B-198x198c.jpeg?signature=560907DC7C24CE3013CFA2C85229AB3FCAC39219C5BE78DC1E23F0AEEFF10B34 1x",/us/c/reptiles/lizards/crested-geckos/2312633,,"https://d20zyr0oabjxc2.cloudfront.net/variants/media/raw_images/andgeckos/2024/09/20240907151949.81-3E9B1A98-B237-4FFC-B-396x396c.jpeg?signature=C9AD9DB4DD6101DB53ECC5E31C5DC7FA9A6702E49819FA84A3FC39B6189C3B53 2x, https://d20zyr0oabjxc2.cloudfront.net/variants/media/raw_images/andgeckos/2024/09/20240907151949.81-3E9B1A98-B237-4FFC-B-198x198c.jpeg?signature=560907DC7C24CE3013CFA2C85229AB3FCAC39219C5BE78DC1E23F0AEEFF10B34 1x",
dalmatian Juvenile Female ,dalmatian,"https://d20zyr0oabjxc2.cloudfront.net/variants/media/raw_images/markn/2024/03/20240305143433.93-FB_IMG_1709648400166-396x396c.jpeg?signature=2012B47BC557F6432DB3EE117FF83393211D2F9EFEDD92155F5829CBC4D2076B 2x, https://d20zyr0oabjxc2.cloudfront.net/variants/media/raw_images/markn/2024/03/20240305143433.93-FB_IMG_1709648400166-198x198c.jpeg?signature=18F409CC2B05F5351B9CA254B85A5B8D413BD1FD64FF6B44C013B11DB6CC2AE5 1x",/us/c/reptiles/lizards/crested-geckos/2207369,,"https://d20zyr0oabjxc2.cloudfront.net/variants/media/raw_images/markn/2024/03/20240305143433.93-FB_IMG_1709648400166-396x396c.jpeg?signature=2012B47BC557F6432DB3EE117FF83393211D2F9EFEDD92155F5829CBC4D2076B 2x, https://d20zyr0oabjxc2.cloudfront.net/variants/media/raw_images/markn/2024/03/20240305143433.93-FB_IMG_1709648400166-198x198c.jpeg?signature=18F409CC2B05F5351B9CA254B85A5B8D413BD1FD64FF6B44C013B11DB6CC2AE5 1x",
"Olive dalmatian ""Egypt""",dalmatian,"https://d20zyr0oabjxc2.cloudfront.net/variants/media/raw_images/baileyg/2024/10/20241031064922.262-1000025598-396x396c.jpeg?signature=7DAE69B511A5B1077BF790E52296FA6B06DFC752E290BFD941C050867059B9BB 2x, https://d20zyr0oabjxc2.cloudfront.net/variants/media/raw_images/baileyg/2024/10/20241031064922.262-1000025598-198x198c.jpeg?signature=D239055F3629A97D0CBD52A2F3B39F55184DA162CFAA1EE1987FDC570EBACCD2 1x",/us/c/reptiles/lizards/crested-geckos/2691048,,"https://d20zyr0oabjxc2.cloudfront.net/variants/media/raw_images/baileyg/2024/10/20241031064922.262-1000025598-396x396c.jpeg?signature=7DAE69B511A5B1077BF790E52296FA6B06DFC752E290BFD941C050867059B9BB 2x, https://d20zyr0oabjxc2.cloudfront.net/variants/media/raw_images/baileyg/2024/10/20241031064922.262-1000025598-198x198c.jpeg?signature=D239055F3629A97D0CBD52A2F3B39F55184DA162CFAA1EE1987FDC570EBACCD2 1x",
RTB Male Super dalmatian Inkblot Red Spot,dalmatian Red,"https://d20zyr0oabjxc2.cloudfront.net/variants/media/raw_images/dbcb-exotics/2024/09/20240907045657.25-superdalmatianjr-396x396c.jpeg?signature=B57744F26DAE80E56D034D9FC1C80799EFF8C9DE45DF52F761C11D3678268300 2x, https://d20zyr0oabjxc2.cloudfront.net/variants/media/raw_images/dbcb-exotics/2024/09/20240907045657.25-superdalmatianjr-198x198c.jpeg?signature=463C84D9057F0D62965DB21BB7320DBD3AF0617679426F075F43FDEEBE6EE6FE 1x",/us/c/reptiles/lizards/crested-geckos/2560050,,"https://d20zyr0oabjxc2.cloudfront.net/variants/media/raw_images/dbcb-exotics/2024/09/20240907045657.25-superdalmatianjr-396x396c.jpeg?signature=B57744F26DAE80E56D034D9FC1C80799EFF8C9DE45DF52F761C11D3678268300 2x, https://d20zyr0oabjxc2.cloudfront.net/variants/media/raw_images/dbcb-exotics/2024/09/20240907045657.25-superdalmatianjr-198x198c.jpeg?signature=463C84D9057F0D62965DB21BB7320DBD3AF0617679426F075F43FDEEBE6EE6FE 1x",
Super dalmatian Crested Gecko #251,dalmatian,"https://d20zyr0oabjxc2.cloudfront.net/variants/media/raw_images/olympianexotics/2024/09/20240907042536.698-1000025056-396x396c.jpeg?signature=554FC6B4404E4619A5D20B074B995E1EED7CE19048ACB1379711EAE598664BAE 2x, https://d20zyr0oabjxc2.cloudfront.net/variants/media/raw_images/olympianexotics/2024/09/20240907042536.698-1000025056-198x198c.jpeg?signature=D5CE0A2B9D9AE2C34B7FE1876956346F1CDBFF6BF3D886950434C0745873B3A5 1x",/us/c/reptiles/lizards/crested-geckos/2559997,,"https://d20zyr0oabjxc2.cloudfront.net/variants/media/raw_images/olympianexotics/2024/09/20240907042536.698-1000025056-396x396c.jpeg?signature=554FC6B4404E4619A5D20B074B995E1EED7CE19048ACB1379711EAE598664BAE 2x, https://d20zyr0oabjxc2.cloudfront.net/variants/media/raw_images/olympianexotics/2024/09/20240907042536.698-1000025056-198x198c.jpeg?signature=D5CE0A2B9D9AE2C34B7FE1876956346F1CDBFF6BF3D886950434C0745873B3A5 1x",
Super dalmatian With Outstanding Ink Spots,dalmatian,"https://d20zyr0oabjxc2.cloudfront.net/variants/media/raw_images/watergirl/2024/10/20241004024420.919-IMG_3573-396x396c.jpeg?signature=55ECE114DBC82E870A8159BF8669BF58372E222B7CE91717E2DF3975516AE550 2x, https://d20zyr0oabjxc2.cloudfront.net/variants/media/raw_images/watergirl/2024/10/20241004024420.919-IMG_3573-198x198c.jpeg?signature=125806A2997477A27561BC9906DDFF4726CDED17B188E85788E61C2D75855082 1x",/us/c/reptiles/lizards/crested-geckos/2626892,,"https://d20zyr0oabjxc2.cloudfront.net/variants/media/raw_images/watergirl/2024/10/20241004024420.919-IMG_3573-396x396c.jpeg?signature=55ECE114DBC82E870A8159BF8669BF58372E222B7CE91717E2DF3975516AE550 2x, https://d20zyr0oabjxc2.cloudfront.net/variants/media/raw_images/watergirl/2024/10/20241004024420.919-IMG_3573-198x198c.jpeg?signature=125806A2997477A27561BC9906DDFF4726CDED17B188E85788E61C2D75855082 1x",
Great Super dalmatian,dalmatian,"https://d20zyr0oabjxc2.cloudfront.net/variants/media/raw_images/watergirl/2024/10/20241004020419.621-IMG_3483-396x396c.jpeg?signature=117BBD333BCE2C5F04FA4E6AF4E3D1ACE50B70B08DD755307BF378237D2D9FAB 2x, https://d20zyr0oabjxc2.cloudfront.net/variants/media/raw_images/watergirl/2024/10/20241004020419.621-IMG_3483-198x198c.jpeg?signature=705FF429417CE0A822A59E55A280CFDF929C08F84736466FD242733A27F9F096 1x",/us/c/reptiles/lizards/crested-geckos/2626721,,"https://d20zyr0oabjxc2.cloudfront.net/variants/media/raw_images/watergirl/2024/10/20241004020419.621-IMG_3483-396x396c.jpeg?signature=117BBD333BCE2C5F04FA4E6AF4E3D1ACE50B70B08DD755307BF378237D2D9FAB 2x, https://d20zyr0oabjxc2.cloudfront.net/variants/media/raw_images/watergirl/2024/10/20241004020419.621-IMG_3483-198x198c.jpeg?signature=705FF429417CE0A822A59E55A280CFDF929C08F84736466FD242733A27F9F096 1x",
dalmatian,dalmatian,"https://d20zyr0oabjxc2.cloudfront.net/variants/media/raw_images/malone1229/2024/10/20241009230028.228-IMG_4169-396x396c.jpeg?signature=AE94E0A4DB967AFEC5B4CCD0219221AB4BB5CC841FABBE33566BD130CF850672 2x, https://d20zyr0oabjxc2.cloudfront.net/variants/media/raw_images/malone1229/2024/10/20241009230028.228-IMG_4169-198x198c.jpeg?signature=AB0AE6A81FA4D5B2DF18CA7B5055C5851D1F698FFAC65EAC5517011AF8B17B59 1x",/us/c/reptiles/lizards/crested-geckos/2640285,,"https://d20zyr0oabjxc2.cloudfront.net/variants/media/raw_images/malone1229/2024/10/20241009230028.228-IMG_4169-396x396c.jpeg?signature=AE94E0A4DB967AFEC5B4CCD0219221AB4BB5CC841FABBE33566BD130CF850672 2x, https://d20zyr0oabjxc2.cloudfront.net/variants/media/raw_images/malone1229/2024/10/20241009230028.228-IMG_4169-198x198c.jpeg?signature=AB0AE6A81FA4D5B2DF18CA7B5055C5851D1F698FFAC65EAC5517011AF8B17B59 1x",
dalmatian,dalmatian,"https://d20zyr0oabjxc2.cloudfront.net/variants/media/raw_images/malone1229/2024/10/20241009225834.794-IMG_4161-396x396c.jpeg?signature=DC12DD5F9F99FD2C1C9CAA5F560F676D2E4F21F415EB10EB2DD551F4711575B6 2x, https://d20zyr0oabjxc2.cloudfront.net/variants/media/raw_images/malone1229/2024/10/20241009225834.794-IMG_4161-198x198c.jpeg?signature=9EAF138033B7FCB78789681DA1063C76B59614FFAC4289BA10182721E64A9176 1x",/us/c/reptiles/lizards/crested-geckos/2640278,,"https://d20zyr0oabjxc2.cloudfront.net/variants/media/raw_images/malone1229/2024/10/20241009225834.794-IMG_4161-396x396c.jpeg?signature=DC12DD5F9F99FD2C1C9CAA5F560F676D2E4F21F415EB10EB2DD551F4711575B6 2x, https://d20zyr0oabjxc2.cloudfront.net/variants/media/raw_images/malone1229/2024/10/20241009225834.794-IMG_4161-198x198c.jpeg?signature=9EAF138033B7FCB78789681DA1063C76B59614FFAC4289BA10182721E64A9176 1x",
"Meteorology, Red Phantom dalmatian With Portholes Male Crested Gecko",Red dalmatian,"https://d20zyr0oabjxc2.cloudfront.net/variants/media/raw_images/smugbug/2024/10/20241030211506.148-meteorologyright-396x396c.jpeg?signature=1D6292780289267D04E1617DBF0BEE5E6EEEE5C4E79576D5668E25E92FBFB27C 2x, https://d20zyr0oabjxc2.cloudfront.net/variants/media/raw_images/smugbug/2024/10/20241030211506.148-meteorologyright-198x198c.jpeg?signature=59640BA7A12A0B31C7E2A6B0C2679D5996A7239DB2E3EE8D37986100A1362D08 1x",/us/c/reptiles/lizards/crested-geckos/1996414,,"https://d20zyr0oabjxc2.cloudfront.net/variants/media/raw_images/smugbug/2024/10/20241030211506.148-meteorologyright-396x396c.jpeg?signature=1D6292780289267D04E1617DBF0BEE5E6EEEE5C4E79576D5668E25E92FBFB27C 2x, https://d20zyr0oabjxc2.cloudfront.net/variants/media/raw_images/smugbug/2024/10/20241030211506.148-meteorologyright-198x198c.jpeg?signature=59640BA7A12A0B31C7E2A6B0C2679D5996A7239DB2E3EE8D37986100A1362D08 1x",
Cappuccino dalmatian,dalmatian,"https://d20zyr0oabjxc2.cloudfront.net/variants/media/raw_images/crestopia_reptiles/2024/10/20241030204055.100-20241030_160934-396x396c.jpeg?signature=F9CB8D3CC2E49AFCD5529F274B6920B21A78A03E1CEF38027E8ACECDF4AEEA98 2x, https://d20zyr0oabjxc2.cloudfront.net/variants/media/raw_images/crestopia_reptiles/2024/10/20241030204055.100-20241030_160934-198x198c.jpeg?signature=1C9F3F79026943CCBB81CF818ABBCC0E367968B22AED66AFB5AC4EA2D7B8EE77 1x",/us/c/reptiles/lizards/crested-geckos/2689848,,"https://d20zyr0oabjxc2.cloudfront.net/variants/media/raw_images/crestopia_reptiles/2024/10/20241030204055.100-20241030_160934-396x396c.jpeg?signature=F9CB8D3CC2E49AFCD5529F274B6920B21A78A03E1CEF38027E8ACECDF4AEEA98 2x, https://d20zyr0oabjxc2.cloudfront.net/variants/media/raw_images/crestopia_reptiles/2024/10/20241030204055.100-20241030_160934-198x198c.jpeg?signature=1C9F3F79026943CCBB81CF818ABBCC0E367968B22AED66AFB5AC4EA2D7B8EE77 1x",
Yellow dalmatian Female,Yellow dalmatian,"https://d20zyr0oabjxc2.cloudfront.net/variants/media/raw_images/crestiesrlife/2024/07/20240717201110.73-IMG_4772-396x396c.jpeg?signature=2E65BBBB7BFBEE08424AC267030A340E934774B4808923916E762FE272C68A79 2x, https://d20zyr0oabjxc2.cloudfront.net/variants/media/raw_images/crestiesrlife/2024/07/20240717201110.73-IMG_4772-198x198c.jpeg?signature=9BCAAB0BFAEF37B80560FB21102F6606B273256CA454876B16330680B1AF0276 1x",/us/c/reptiles/lizards/crested-geckos/2437671,,"https://d20zyr0oabjxc2.cloudfront.net/variants/media/raw_images/crestiesrlife/2024/07/20240717201110.73-IMG_4772-396x396c.jpeg?signature=2E65BBBB7BFBEE08424AC267030A340E934774B4808923916E762FE272C68A79 2x, https://d20zyr0oabjxc2.cloudfront.net/variants/media/raw_images/crestiesrlife/2024/07/20240717201110.73-IMG_4772-198x198c.jpeg?signature=9BCAAB0BFAEF37B80560FB21102F6606B273256CA454876B16330680B1AF0276 1x",
Orange dalmatian,dalmatian,"https://d20zyr0oabjxc2.cloudfront.net/variants/media/raw_images/geckohaven/2024/07/20240726174237.289-KaBa1262234gm4-396x396c.jpeg?signature=7E72053CB7EC39A8A79420134B6EBCF879DFBAE321602AC475A8D59F89CD3E12 2x, https://d20zyr0oabjxc2.cloudfront.net/variants/media/raw_images/geckohaven/2024/07/20240726174237.289-KaBa1262234gm4-198x198c.jpeg?signature=04289C92786E97D72378AEA32DE341BDAE9F4D02AF5C528DCF1A95C0FFBAD905 1x",/us/c/reptiles/lizards/crested-geckos/2455604,,"https://d20zyr0oabjxc2.cloudfront.net/variants/media/raw_images/geckohaven/2024/07/20240726174237.289-KaBa1262234gm4-396x396c.jpeg?signature=7E72053CB7EC39A8A79420134B6EBCF879DFBAE321602AC475A8D59F89CD3E12 2x, https://d20zyr0oabjxc2.cloudfront.net/variants/media/raw_images/geckohaven/2024/07/20240726174237.289-KaBa1262234gm4-198x198c.jpeg?signature=04289C92786E97D72378AEA32DE341BDAE9F4D02AF5C528DCF1A95C0FFBAD905 1x",
Yellow Patternless dalmatian,Yellow dalmatian,"https://d20zyr0oabjxc2.cloudfront.net/variants/media/raw_images/geckohaven/2024/11/20241102184751.264-0H7A1996-396x396c.jpeg?signature=B14833DDDC691C5B6E8F0EC86CD17D89A1F614A609266A7ABA39D6FA24A776CC 2x, https://d20zyr0oabjxc2.cloudfront.net/variants/media/raw_images/geckohaven/2024/11/20241102184751.264-0H7A1996-198x198c.jpeg?signature=A66A291E3E7DE78F980BAA018CE79E77EEB13CB72F3BCE998DB95A7DE045CC00 1x",/us/c/reptiles/lizards/crested-geckos/2455568,,"https://d20zyr0oabjxc2.cloudfront.net/variants/media/raw_images/geckohaven/2024/11/20241102184751.264-0H7A1996-396x396c.jpeg?signature=B14833DDDC691C5B6E8F0EC86CD17D89A1F614A609266A7ABA39D6FA24A776CC 2x, https://d20zyr0oabjxc2.cloudfront.net/variants/media/raw_images/geckohaven/2024/11/20241102184751.264-0H7A1996-198x198c.jpeg?signature=A66A291E3E7DE78F980BAA018CE79E77EEB13CB72F3BCE998DB95A7DE045CC00 1x",
Super dalmatian Crested Gecko,dalmatian,"https://d20zyr0oabjxc2.cloudfront.net/variants/media/raw_images/olympianexotics/2023/08/20230805053544.916-superdalmatian32fa-396x396c.jpeg?signature=78CE1FEB3974ACCE2A6410F0E0B2480AC2B9763E3397C564A0FDE12C1C980E06 2x, https://d20zyr0oabjxc2.cloudfront.net/variants/media/raw_images/olympianexotics/2023/08/20230805053544.916-superdalmatian32fa-198x198c.jpeg?signature=A94A6C60929E78A0BE25120B23CBA1FD01AE22DB8E647FB38D7C2EA0499E2C1A 1x",/us/c/reptiles/lizards/crested-geckos/1754083,,"https://d20zyr0oabjxc2.cloudfront.net/variants/media/raw_images/olympianexotics/2023/08/20230805053544.916-superdalmatian32fa-396x396c.jpeg?signature=78CE1FEB3974ACCE2A6410F0E0B2480AC2B9763E3397C564A0FDE12C1C980E06 2x, https://d20zyr0oabjxc2.cloudfront.net/variants/media/raw_images/olympianexotics/2023/08/20230805053544.916-superdalmatian32fa-198x198c.jpeg?signature=A94A6C60929E78A0BE25120B23CBA1FD01AE22DB8E647FB38D7C2EA0499E2C1A 1x",
2024 Super dalmatian Crested Gecko,dalmatian,"https://d20zyr0oabjxc2.cloudfront.net/variants/media/raw_images/dbcb-exotics/2024/10/20241021191306.569-cg246-396x396c.jpeg?signature=FEC4BEF11262BADD5D3862B013A5849233E9FCDABD5E6400229720A55AA7DE94 2x, https://d20zyr0oabjxc2.cloudfront.net/variants/media/raw_images/dbcb-exotics/2024/10/20241021191306.569-cg246-198x198c.jpeg?signature=41FF4AF0F526E05B7B4F7BFD2942A1F831F98998E78AC199206A3F4D0C9468FD 1x",/us/c/reptiles/lizards/crested-geckos/2509663,,"https://d20zyr0oabjxc2.cloudfront.net/variants/media/raw_images/dbcb-exotics/2024/10/20241021191306.569-cg246-396x396c.jpeg?signature=FEC4BEF11262BADD5D3862B013A5849233E9FCDABD5E6400229720A55AA7DE94 2x, https://d20zyr0oabjxc2.cloudfront.net/variants/media/raw_images/dbcb-exotics/2024/10/20241021191306.569-cg246-198x198c.jpeg?signature=41FF4AF0F526E05B7B4F7BFD2942A1F831F98998E78AC199206A3F4D0C9468FD 1x",
2024 Super dalmatian Crested Gecko,dalmatian,"https://d20zyr0oabjxc2.cloudfront.net/variants/media/raw_images/dbcb-exotics/2024/10/20241021191130.516-cg245-396x396c.jpeg?signature=1E2C8764729D10495E880D79ABB215923029B2EFFB76571E56303995154DB216 2x, https://d20zyr0oabjxc2.cloudfront.net/variants/media/raw_images/dbcb-exotics/2024/10/20241021191130.516-cg245-198x198c.jpeg?signature=8E6A2259B3DBF08101635A1B2F71F957F2C744A0D45600F0E4C382BCC2D967E1 1x",/us/c/reptiles/lizards/crested-geckos/2509650,,"https://d20zyr0oabjxc2.cloudfront.net/variants/media/raw_images/dbcb-exotics/2024/10/20241021191130.516-cg245-396x396c.jpeg?signature=1E2C8764729D10495E880D79ABB215923029B2EFFB76571E56303995154DB216 2x, https://d20zyr0oabjxc2.cloudfront.net/variants/media/raw_images/dbcb-exotics/2024/10/20241021191130.516-cg245-198x198c.jpeg?signature=8E6A2259B3DBF08101635A1B2F71F957F2C744A0D45600F0E4C382BCC2D967E1 1x",
CR220 - Nice Yellow Based Super dalmatian - Female ***ON SALE! $425***,Yellow dalmatian,"https://d20zyr0oabjxc2.cloudfront.net/variants/media/raw_images/lacherps/2024/08/20240830154538.989-CR220PongoxStella-396x396c.jpeg?signature=A1EF4A0F2ABCC7CE885ECB58728C5081DB5AA5342D47C46AB12E275108077297 2x, https://d20zyr0oabjxc2.cloudfront.net/variants/media/raw_images/lacherps/2024/08/20240830154538.989-CR220PongoxStella-198x198c.jpeg?signature=02970A23DBF1FA496CC421EDCEAECDEFD82C087265915307FFBAC74B8F003C26 1x",/us/c/reptiles/lizards/crested-geckos/2398748,,"https://d20zyr0oabjxc2.cloudfront.net/variants/media/raw_images/lacherps/2024/08/20240830154538.989-CR220PongoxStella-396x396c.jpeg?signature=A1EF4A0F2ABCC7CE885ECB58728C5081DB5AA5342D47C46AB12E275108077297 2x, https://d20zyr0oabjxc2.cloudfront.net/variants/media/raw_images/lacherps/2024/08/20240830154538.989-CR220PongoxStella-198x198c.jpeg?signature=02970A23DBF1FA496CC421EDCEAECDEFD82C087265915307FFBAC74B8F003C26 1x",
Red Based Ink Spot dalmatian,Red dalmatian,"https://d20zyr0oabjxc2.cloudfront.net/variants/media/raw_images/asandg/2024/07/20240703161338.146-1000021757-396x396c.jpeg?signature=77B7C707BD9AA8B1E5D7D6EC4FF590BB3001909E345119289D50C814E41A2E5B 2x, https://d20zyr0oabjxc2.cloudfront.net/variants/media/raw_images/asandg/2024/07/20240703161338.146-1000021757-198x198c.jpeg?signature=3780671E834387F990CCEF9BEB653CE35CBDE3F1A18297543D454C1B6462C23F 1x",/us/c/reptiles/lizards/crested-geckos/2411840,,"https://d20zyr0oabjxc2.cloudfront.net/variants/media/raw_images/asandg/2024/07/20240703161338.146-1000021757-396x396c.jpeg?signature=77B7C707BD9AA8B1E5D7D6EC4FF590BB3001909E345119289D50C814E41A2E5B 2x, https://d20zyr0oabjxc2.cloudfront.net/variants/media/raw_images/asandg/2024/07/20240703161338.146-1000021757-198x198c.jpeg?signature=3780671E834387F990CCEF9BEB653CE35CBDE3F1A18297543D454C1B6462C23F 1x",
Proven Female Yellow dalmatian,Yellow dalmatian,"https://d20zyr0oabjxc2.cloudfront.net/variants/media/raw_images/meghanalvino/2024/10/20241003152328.370-20241003_110212-396x396c.jpeg?signature=5134364901A6728B51AA9A80FCF37ECD5DAA131DF17F38822C1821B21A3A9B78 2x, https://d20zyr0oabjxc2.cloudfront.net/variants/media/raw_images/meghanalvino/2024/10/20241003152328.370-20241003_110212-198x198c.jpeg?signature=310A0E6260E96EAA9E122E0438533E77CBCF7F4260099DF3485426FEF10415AB 1x",/us/c/reptiles/lizards/crested-geckos/2625241,,"https://d20zyr0oabjxc2.cloudfront.net/variants/media/raw_images/meghanalvino/2024/10/20241003152328.370-20241003_110212-396x396c.jpeg?signature=5134364901A6728B51AA9A80FCF37ECD5DAA131DF17F38822C1821B21A3A9B78 2x, https://d20zyr0oabjxc2.cloudfront.net/variants/media/raw_images/meghanalvino/2024/10/20241003152328.370-20241003_110212-198x198c.jpeg?signature=310A0E6260E96EAA9E122E0438533E77CBCF7F4260099DF3485426FEF10415AB 1x",
Yellow/Orange dalmatian Parti-colored Ink Spots,Yellow/Orange dalmatian Parti-colored,"https://d20zyr0oabjxc2.cloudfront.net/variants/media/raw_images/katerxw/2024/07/20240726055736.408-1000051193-396x396c.jpeg?signature=AD57F2739FAB7FA1356440E1C68948EDD76081D2F05B1F173971545749F46874 2x, https://d20zyr0oabjxc2.cloudfront.net/variants/media/raw_images/katerxw/2024/07/20240726055736.408-1000051193-198x198c.jpeg?signature=EBA0BF2365390832B5BAD5743842566F9A0285B231FDE784ADB832291BD8F6E0 1x",/us/c/reptiles/lizards/crested-geckos/2454882,,"https://d20zyr0oabjxc2.cloudfront.net/variants/media/raw_images/katerxw/2024/07/20240726055736.408-1000051193-396x396c.jpeg?signature=AD57F2739FAB7FA1356440E1C68948EDD76081D2F05B1F173971545749F46874 2x, https://d20zyr0oabjxc2.cloudfront.net/variants/media/raw_images/katerxw/2024/07/20240726055736.408-1000051193-198x198c.jpeg?signature=EBA0BF2365390832B5BAD5743842566F9A0285B231FDE784ADB832291BD8F6E0 1x",
Yellow dalmatian,Yellow dalmatian,"https://d20zyr0oabjxc2.cloudfront.net/variants/media/raw_images/katerxw/2024/07/20240726053601.538-1000051190-396x396c.jpeg?signature=F5A113E232CD5236516B7A2137F5C2CCF3C82E8D7528F8F810BCA805F8B0F1B6 2x, https://d20zyr0oabjxc2.cloudfront.net/variants/media/raw_images/katerxw/2024/07/20240726053601.538-1000051190-198x198c.jpeg?signature=2E4F5170E99F90F97FBF6E2D3D61591686A97D13E0AB717F0D97A5C70DE61803 1x",/us/c/reptiles/lizards/crested-geckos/2454872,,"https://d20zyr0oabjxc2.cloudfront.net/variants/media/raw_images/katerxw/2024/07/20240726053601.538-1000051190-396x396c.jpeg?signature=F5A113E232CD5236516B7A2137F5C2CCF3C82E8D7528F8F810BCA805F8B0F1B6 2x, https://d20zyr0oabjxc2.cloudfront.net/variants/media/raw_images/katerxw/2024/07/20240726053601.538-1000051190-198x198c.jpeg?signature=2E4F5170E99F90F97FBF6E2D3D61591686A97D13E0AB717F0D97A5C70DE61803 1x",
dalmatian,dalmatian,"https://d20zyr0oabjxc2.cloudfront.net/variants/media/raw_images/tlaexotics/2024/10/20241030000944.678-Piclabel-396x396c.jpeg?signature=3205CAD63B012CCBFC3961B2BEB90B200A31D7A5549C90731A79E686B1F825E5 2x, https://d20zyr0oabjxc2.cloudfront.net/variants/media/raw_images/tlaexotics/2024/10/20241030000944.678-Piclabel-198x198c.jpeg?signature=9F576F27C37B5556A9EE161082D531F1D46B43104AF45A24C7EC343F89CBBB4C 1x",/us/c/reptiles/lizards/crested-geckos/2687647,,"https://d20zyr0oabjxc2.cloudfront.net/variants/media/raw_images/tlaexotics/2024/10/20241030000944.678-Piclabel-396x396c.jpeg?signature=3205CAD63B012CCBFC3961B2BEB90B200A31D7A5549C90731A79E686B1F825E5 2x, https://d20zyr0oabjxc2.cloudfront.net/variants/media/raw_images/tlaexotics/2024/10/20241030000944.678-Piclabel-198x198c.jpeg?signature=9F576F27C37B5556A9EE161082D531F1D46B43104AF45A24C7EC343F89CBBB4C 1x",
dalmatian Gecko,dalmatian,"https://d20zyr0oabjxc2.cloudfront.net/variants/media/raw_images/tlaexotics/2024/10/20241029235902.251-Piclabel-396x396c.jpeg?signature=9B53821E9F3D85C872F32A1DA4BB2CB47D55378F7DD8E840DC1CE77D61EE7607 2x, https://d20zyr0oabjxc2.cloudfront.net/variants/media/raw_images/tlaexotics/2024/10/20241029235902.251-Piclabel-198x198c.jpeg?signature=D84F496A8859A7F985B50939CC182C5C05992C18659315B51237ADF05A113116 1x",/us/c/reptiles/lizards/crested-geckos/2687608,,"https://d20zyr0oabjxc2.cloudfront.net/variants/media/raw_images/tlaexotics/2024/10/20241029235902.251-Piclabel-396x396c.jpeg?signature=9B53821E9F3D85C872F32A1DA4BB2CB47D55378F7DD8E840DC1CE77D61EE7607 2x, https://d20zyr0oabjxc2.cloudfront.net/variants/media/raw_images/tlaexotics/2024/10/20241029235902.251-Piclabel-198x198c.jpeg?signature=D84F496A8859A7F985B50939CC182C5C05992C18659315B51237ADF05A113116 1x",
Red Super dalmatian,Red dalmatian,"https://d20zyr0oabjxc2.cloudfront.net/variants/media/raw_images/geckohaven/2024/07/20240725225647.586-SpBOFB121123np6g-396x396c.jpeg?signature=E74D884BCED00C7C2279FF938CA9D3D74DE0C5CD115684769271B41DCF85A7A5 2x, https://d20zyr0oabjxc2.cloudfront.net/variants/media/raw_images/geckohaven/2024/07/20240725225647.586-SpBOFB121123np6g-198x198c.jpeg?signature=C82BCB05CBA20E92B3A628FDEB1DFC9B998BE76D95A64DB6DFC9E50285B0184E 1x",/us/c/reptiles/lizards/crested-geckos/2454255,,"https://d20zyr0oabjxc2.cloudfront.net/variants/media/raw_images/geckohaven/2024/07/20240725225647.586-SpBOFB121123np6g-396x396c.jpeg?signature=E74D884BCED00C7C2279FF938CA9D3D74DE0C5CD115684769271B41DCF85A7A5 2x, https://d20zyr0oabjxc2.cloudfront.net/variants/media/raw_images/geckohaven/2024/07/20240725225647.586-SpBOFB121123np6g-198x198c.jpeg?signature=C82BCB05CBA20E92B3A628FDEB1DFC9B998BE76D95A64DB6DFC9E50285B0184E 1x",
Red Super dalmatian,Red dalmatian,"https://d20zyr0oabjxc2.cloudfront.net/variants/media/raw_images/geckohaven/2024/07/20240725224703.765-SpBOFA1211237gus-396x396c.jpeg?signature=4A7ED0D8AFBDD3BF5ABD955553367207E29FA8D4A584BFCA2701881E99C0AF48 2x, https://d20zyr0oabjxc2.cloudfront.net/variants/media/raw_images/geckohaven/2024/07/20240725224703.765-SpBOFA1211237gus-198x198c.jpeg?signature=54F5F9186F3C4B106992B4F95E42259EA6AE49BFAF5522CEF88F44C143F44B9F 1x",/us/c/reptiles/lizards/crested-geckos/2454220,,"https://d20zyr0oabjxc2.cloudfront.net/variants/media/raw_images/geckohaven/2024/07/20240725224703.765-SpBOFA1211237gus-396x396c.jpeg?signature=4A7ED0D8AFBDD3BF5ABD955553367207E29FA8D4A584BFCA2701881E99C0AF48 2x, https://d20zyr0oabjxc2.cloudfront.net/variants/media/raw_images/geckohaven/2024/07/20240725224703.765-SpBOFA1211237gus-198x198c.jpeg?signature=54F5F9186F3C4B106992B4F95E42259EA6AE49BFAF5522CEF88F44C143F44B9F 1x",
Red Super dalmatian Crested Gecko 61424D,Red dalmatian,"https://d20zyr0oabjxc2.cloudfront.net/variants/media/raw_images/hoodsherps2/2024/09/20240911213506.426-61424D2PostLR-396x396c.jpeg?signature=9D911343EB980EC7016FC6905E2CB37A356D80B531D39D08BC56813E2E8C45E4 2x, https://d20zyr0oabjxc2.cloudfront.net/variants/media/raw_images/hoodsherps2/2024/09/20240911213506.426-61424D2PostLR-198x198c.jpeg?signature=E37012E0D6830D00F744DA26ABD04E4B5F5FD041B34AC2DA078C75B154A7BAFF 1x",/us/c/reptiles/lizards/crested-geckos/2571979,,"https://d20zyr0oabjxc2.cloudfront.net/variants/media/raw_images/hoodsherps2/2024/09/20240911213506.426-61424D2PostLR-396x396c.jpeg?signature=9D911343EB980EC7016FC6905E2CB37A356D80B531D39D08BC56813E2E8C45E4 2x, https://d20zyr0oabjxc2.cloudfront.net/variants/media/raw_images/hoodsherps2/2024/09/20240911213506.426-61424D2PostLR-198x198c.jpeg?signature=E37012E0D6830D00F744DA26ABD04E4B5F5FD041B34AC2DA078C75B154A7BAFF 1x",
Red dalmatian Crested Gecko 61524D,Red dalmatian,"https://d20zyr0oabjxc2.cloudfront.net/variants/media/raw_images/hoodsherps2/2024/09/20240911212113.875-61524D3PostLR-396x396c.jpeg?signature=0A8C2E9D7724674C64F1BB7DDA75E3DB7386AAC3E4D13E6DA41352EE5334F5B8 2x, https://d20zyr0oabjxc2.cloudfront.net/variants/media/raw_images/hoodsherps2/2024/09/20240911212113.875-61524D3PostLR-198x198c.jpeg?signature=567D3A07E2C2CE3A34AFAE63A76676D39ACC9BF24B759D3A6522B87EBC6068BE 1x",/us/c/reptiles/lizards/crested-geckos/2571923,,"https://d20zyr0oabjxc2.cloudfront.net/variants/media/raw_images/hoodsherps2/2024/09/20240911212113.875-61524D3PostLR-396x396c.jpeg?signature=0A8C2E9D7724674C64F1BB7DDA75E3DB7386AAC3E4D13E6DA41352EE5334F5B8 2x, https://d20zyr0oabjxc2.cloudfront.net/variants/media/raw_images/hoodsherps2/2024/09/20240911212113.875-61524D3PostLR-198x198c.jpeg?signature=567D3A07E2C2CE3A34AFAE63A76676D39ACC9BF24B759D3A6522B87EBC6068BE 1x",
Proven Patterned dalmatian,dalmatian,"https://d20zyr0oabjxc2.cloudfront.net/variants/media/raw_images/pnutg1rl/2024/10/20241005190003.116-1000010839-396x396c.jpeg?signature=0C6CE8285DC6A044C9C6FDB79C8DF993160781394ECF8ADD43B173BDCB76A446 2x, https://d20zyr0oabjxc2.cloudfront.net/variants/media/raw_images/pnutg1rl/2024/10/20241005190003.116-1000010839-198x198c.jpeg?signature=7E389FE03BD763B2F46E5A1B3202D3E1CB5134B34C8AEB2E2392785EF41DB4EC 1x",/us/c/reptiles/lizards/crested-geckos/2630035,,"https://d20zyr0oabjxc2.cloudfront.net/variants/media/raw_images/pnutg1rl/2024/10/20241005190003.116-1000010839-396x396c.jpeg?signature=0C6CE8285DC6A044C9C6FDB79C8DF993160781394ECF8ADD43B173BDCB76A446 2x, https://d20zyr0oabjxc2.cloudfront.net/variants/media/raw_images/pnutg1rl/2024/10/20241005190003.116-1000010839-198x198c.jpeg?signature=7E389FE03BD763B2F46E5A1B3202D3E1CB5134B34C8AEB2E2392785EF41DB4EC 1x",
BOGO 50% OFF RTB 42g Yellow dalmatian,Yellow dalmatian,"https://d20zyr0oabjxc2.cloudfront.net/variants/media/raw_images/mistysgeckos/2024/10/20241005173727.142-1000003441-396x396c.jpeg?signature=AFA217E7BCACD72CFAADB5E3826A511E6073CA5DA4F74082623E0E4760F40428 2x, https://d20zyr0oabjxc2.cloudfront.net/variants/media/raw_images/mistysgeckos/2024/10/20241005173727.142-1000003441-198x198c.jpeg?signature=55EE6356CE0AEB1B839FF5AF29FE333984440674EE21A97C33379EACBAA7019B 1x",/us/c/reptiles/lizards/crested-geckos/2629825,,"https://d20zyr0oabjxc2.cloudfront.net/variants/media/raw_images/mistysgeckos/2024/10/20241005173727.142-1000003441-396x396c.jpeg?signature=AFA217E7BCACD72CFAADB5E3826A511E6073CA5DA4F74082623E0E4760F40428 2x, https://d20zyr0oabjxc2.cloudfront.net/variants/media/raw_images/mistysgeckos/2024/10/20241005173727.142-1000003441-198x198c.jpeg?signature=55EE6356CE0AEB1B839FF5AF29FE333984440674EE21A97C33379EACBAA7019B 1x",
BOGO 50% OFF 55G RTB Female Red Super dalmatian,Red dalmatian,"https://d20zyr0oabjxc2.cloudfront.net/variants/media/raw_images/mistysgeckos/2024/10/20241005173034.467-1000003449-396x396c.jpeg?signature=65EF5473E7F4F37F3015822A9F7F571B3F5FAE3A8D96547B92A04950E54FF8EA 2x, https://d20zyr0oabjxc2.cloudfront.net/variants/media/raw_images/mistysgeckos/2024/10/20241005173034.467-1000003449-198x198c.jpeg?signature=D73F2C6DC6C61AB6BEA7F2C1962C2FB2163D3D07FE489A3666C9C4DD83AC2466 1x",/us/c/reptiles/lizards/crested-geckos/2629811,,"https://d20zyr0oabjxc2.cloudfront.net/variants/media/raw_images/mistysgeckos/2024/10/20241005173034.467-1000003449-396x396c.jpeg?signature=65EF5473E7F4F37F3015822A9F7F571B3F5FAE3A8D96547B92A04950E54FF8EA 2x, https://d20zyr0oabjxc2.cloudfront.net/variants/media/raw_images/mistysgeckos/2024/10/20241005173034.467-1000003449-198x198c.jpeg?signature=D73F2C6DC6C61AB6BEA7F2C1962C2FB2163D3D07FE489A3666C9C4DD83AC2466 1x",
BOGO 50% OFF RTB Red dalmatian Malele,Red dalmatian,"https://d20zyr0oabjxc2.cloudfront.net/variants/media/raw_images/mistysgeckos/2024/10/20241005172406.888-1000003454-396x396c.jpeg?signature=EAB5433D426C0667BF5A59B4085346FFFF1EC22E085FA126DD268CD8A13898CB 2x, https://d20zyr0oabjxc2.cloudfront.net/variants/media/raw_images/mistysgeckos/2024/10/20241005172406.888-1000003454-198x198c.jpeg?signature=E182AAC0D4C8555033013722C0E2DF67873DFF3C05B580E421BA50664C93DDE7 1x",/us/c/reptiles/lizards/crested-geckos/2629789,,"https://d20zyr0oabjxc2.cloudfront.net/variants/media/raw_images/mistysgeckos/2024/10/20241005172406.888-1000003454-396x396c.jpeg?signature=EAB5433D426C0667BF5A59B4085346FFFF1EC22E085FA126DD268CD8A13898CB 2x, https://d20zyr0oabjxc2.cloudfront.net/variants/media/raw_images/mistysgeckos/2024/10/20241005172406.888-1000003454-198x198c.jpeg?signature=E182AAC0D4C8555033013722C0E2DF67873DFF3C05B580E421BA50664C93DDE7 1x",
dalmatian,dalmatian,"https://d20zyr0oabjxc2.cloudfront.net/variants/media/raw_images/newcreaturereptiles/2024/09/20240903001822.109-IMG_6329-396x396c.jpeg?signature=A73890525D7FBC3B21F065AC527FC306FEC220B02CA10F815D29255FE5591BC5 2x, https://d20zyr0oabjxc2.cloudfront.net/variants/media/raw_images/newcreaturereptiles/2024/09/20240903001822.109-IMG_6329-198x198c.jpeg?signature=BAFC7D1724809B52E15A42C92C561A7B893BF8D574EF055094575CC3F9A29E52 1x",/us/c/reptiles/lizards/crested-geckos/2548739,,"https://d20zyr0oabjxc2.cloudfront.net/variants/media/raw_images/newcreaturereptiles/2024/09/20240903001822.109-IMG_6329-396x396c.jpeg?signature=A73890525D7FBC3B21F065AC527FC306FEC220B02CA10F815D29255FE5591BC5 2x, https://d20zyr0oabjxc2.cloudfront.net/variants/media/raw_images/newcreaturereptiles/2024/09/20240903001822.109-IMG_6329-198x198c.jpeg?signature=BAFC7D1724809B52E15A42C92C561A7B893BF8D574EF055094575CC3F9A29E52 1x",
dalmatian,dalmatian,"https://d20zyr0oabjxc2.cloudfront.net/variants/media/raw_images/newcreaturereptiles/2024/09/20240904021255.808-IMG_6408-396x396c.jpeg?signature=FDC7E614E417B6FC643FCEAAAD5926D0D241243F8FDB10AE4770478F462A95EE 2x, https://d20zyr0oabjxc2.cloudfront.net/variants/media/raw_images/newcreaturereptiles/2024/09/20240904021255.808-IMG_6408-198x198c.jpeg?signature=E2227CC3879DB82ACC978D4763FB09D90BBAEE35564EBF4EF018C19FE8782557 1x",/us/c/reptiles/lizards/crested-geckos/2551730,,"https://d20zyr0oabjxc2.cloudfront.net/variants/media/raw_images/newcreaturereptiles/2024/09/20240904021255.808-IMG_6408-396x396c.jpeg?signature=FDC7E614E417B6FC643FCEAAAD5926D0D241243F8FDB10AE4770478F462A95EE 2x, https://d20zyr0oabjxc2.cloudfront.net/variants/media/raw_images/newcreaturereptiles/2024/09/20240904021255.808-IMG_6408-198x198c.jpeg?signature=E2227CC3879DB82ACC978D4763FB09D90BBAEE35564EBF4EF018C19FE8782557 1x",
Red Phantom dalmatian Spots,Red dalmatian,"https://d20zyr0oabjxc2.cloudfront.net/variants/media/raw_images/newcreaturereptiles/2024/06/20240625043758.569-IMG_2066-396x396c.jpeg?signature=C03A74D67DFCD4E27B15C74906D185261EC4F100B2C050D5139E4147504D77CC 2x, https://d20zyr0oabjxc2.cloudfront.net/variants/media/raw_images/newcreaturereptiles/2024/06/20240625043758.569-IMG_2066-198x198c.jpeg?signature=95E3DB559F045915622CC5800265D477CB781D5E84E9693F5104640190B08C68 1x",/us/c/reptiles/lizards/crested-geckos/2396047,,"https://d20zyr0oabjxc2.cloudfront.net/variants/media/raw_images/newcreaturereptiles/2024/06/20240625043758.569-IMG_2066-396x396c.jpeg?signature=C03A74D67DFCD4E27B15C74906D185261EC4F100B2C050D5139E4147504D77CC 2x, https://d20zyr0oabjxc2.cloudfront.net/variants/media/raw_images/newcreaturereptiles/2024/06/20240625043758.569-IMG_2066-198x198c.jpeg?signature=95E3DB559F045915622CC5800265D477CB781D5E84E9693F5104640190B08C68 1x",
Yellow To Orangish Ink Spot dalmatian,Yellow dalmatian,"https://d20zyr0oabjxc2.cloudfront.net/variants/media/raw_images/noelle88hoover/2024/10/20241029172033.237-IMG_3297-396x396c.jpeg?signature=191247924680A1D362ECCF07AB13C4F5BE5FCEA6073F283CCEB223FFEA1644CF 2x, https://d20zyr0oabjxc2.cloudfront.net/variants/media/raw_images/noelle88hoover/2024/10/20241029172033.237-IMG_3297-198x198c.jpeg?signature=D42E6E75CD9C78C5CC3C310F3231F1704B080EC2980B1DCD557089BCD3D34D02 1x",/us/c/reptiles/lizards/crested-geckos/2686386,,"https://d20zyr0oabjxc2.cloudfront.net/variants/media/raw_images/noelle88hoover/2024/10/20241029172033.237-IMG_3297-396x396c.jpeg?signature=191247924680A1D362ECCF07AB13C4F5BE5FCEA6073F283CCEB223FFEA1644CF 2x, https://d20zyr0oabjxc2.cloudfront.net/variants/media/raw_images/noelle88hoover/2024/10/20241029172033.237-IMG_3297-198x198c.jpeg?signature=D42E6E75CD9C78C5CC3C310F3231F1704B080EC2980B1DCD557089BCD3D34D02 1x",
Red Patternless With dalmatian Spots,Red dalmatian,"https://d20zyr0oabjxc2.cloudfront.net/variants/media/raw_images/mitch-a-tech/2023/04/20230424203540.780-2652E819-D77C-4818-8-396x396c.jpeg?signature=96BBC1FE59E24223193CE504183E29C21032E91FD6D37A615F8151B28B4E77AD 2x, https://d20zyr0oabjxc2.cloudfront.net/variants/media/raw_images/mitch-a-tech/2023/04/20230424203540.780-2652E819-D77C-4818-8-198x198c.jpeg?signature=CAA72E770F2287757E2577A47D6E6AD6D0B81E9A4479A4C8B412C134379AC9FA 1x",/us/c/reptiles/lizards/crested-geckos/1566076,,"https://d20zyr0oabjxc2.cloudfront.net/variants/media/raw_images/mitch-a-tech/2023/04/20230424203540.780-2652E819-D77C-4818-8-396x396c.jpeg?signature=96BBC1FE59E24223193CE504183E29C21032E91FD6D37A615F8151B28B4E77AD 2x, https://d20zyr0oabjxc2.cloudfront.net/variants/media/raw_images/mitch-a-tech/2023/04/20230424203540.780-2652E819-D77C-4818-8-198x198c.jpeg?signature=CAA72E770F2287757E2577A47D6E6AD6D0B81E9A4479A4C8B412C134379AC9FA 1x",
Pumpkin dalmatian Crested Gecko (CG170) FREE SHIPPING,dalmatian,"https://d20zyr0oabjxc2.cloudfront.net/variants/media/raw_images/bbscrestedgeckos/2023/11/20231108194022.429-IMG_2470-396x396c.jpeg?signature=00710E46E5F4D518D77C1D2185544C3B0B0ADF1FE2CDB83C6698B79CB0E053DD 2x, https://d20zyr0oabjxc2.cloudfront.net/variants/media/raw_images/bbscrestedgeckos/2023/11/20231108194022.429-IMG_2470-198x198c.jpeg?signature=9DF72B6008CB37C6B374D00D378C5E2D91C7DDD88C0C855685D5B9181EFF751C 1x",/us/c/reptiles/lizards/crested-geckos/1994340,,"https://d20zyr0oabjxc2.cloudfront.net/variants/media/raw_images/bbscrestedgeckos/2023/11/20231108194022.429-IMG_2470-396x396c.jpeg?signature=00710E46E5F4D518D77C1D2185544C3B0B0ADF1FE2CDB83C6698B79CB0E053DD 2x, https://d20zyr0oabjxc2.cloudfront.net/variants/media/raw_images/bbscrestedgeckos/2023/11/20231108194022.429-IMG_2470-198x198c.jpeg?signature=9DF72B6008CB37C6B374D00D378C5E2D91C7DDD88C0C855685D5B9181EFF751C 1x",
Tricolor Kneecap dalmatian,dalmatian,"https://d20zyr0oabjxc2.cloudfront.net/variants/media/raw_images/gavinshipanik/2024/10/20241005063543.283-IMG_1651-396x396c.jpeg?signature=DE10BBFCDCA0E0AD2897BB017CBB72C1E5CAA9BCAE1674532A985B2598A73AB3 2x, https://d20zyr0oabjxc2.cloudfront.net/variants/media/raw_images/gavinshipanik/2024/10/20241005063543.283-IMG_1651-198x198c.jpeg?signature=E1260E17D71AA6A802032854B4FB8EF5EA98C2990C6470C796EF90EC5E7E601C 1x",/us/c/reptiles/lizards/crested-geckos/2629227,,"https://d20zyr0oabjxc2.cloudfront.net/variants/media/raw_images/gavinshipanik/2024/10/20241005063543.283-IMG_1651-396x396c.jpeg?signature=DE10BBFCDCA0E0AD2897BB017CBB72C1E5CAA9BCAE1674532A985B2598A73AB3 2x, https://d20zyr0oabjxc2.cloudfront.net/variants/media/raw_images/gavinshipanik/2024/10/20241005063543.283-IMG_1651-198x198c.jpeg?signature=E1260E17D71AA6A802032854B4FB8EF5EA98C2990C6470C796EF90EC5E7E601C 1x",
Tangerine dalmatian,dalmatian,"https://d20zyr0oabjxc2.cloudfront.net/variants/media/raw_images/gavinshipanik/2024/10/20241005061909.831-IMG_1637-396x396c.jpeg?signature=608B615D33EDFC9E60A45AE919F2625B5A31CF17CCA4C3472BE865CF1746F654 2x, https://d20zyr0oabjxc2.cloudfront.net/variants/media/raw_images/gavinshipanik/2024/10/20241005061909.831-IMG_1637-198x198c.jpeg?signature=043E29CBD46EA0BF37E5D53C085C0F523FBEC7E56C055C356CFFF39BF0821742 1x",/us/c/reptiles/lizards/crested-geckos/2629206,,"https://d20zyr0oabjxc2.cloudfront.net/variants/media/raw_images/gavinshipanik/2024/10/20241005061909.831-IMG_1637-396x396c.jpeg?signature=608B615D33EDFC9E60A45AE919F2625B5A31CF17CCA4C3472BE865CF1746F654 2x, https://d20zyr0oabjxc2.cloudfront.net/variants/media/raw_images/gavinshipanik/2024/10/20241005061909.831-IMG_1637-198x198c.jpeg?signature=043E29CBD46EA0BF37E5D53C085C0F523FBEC7E56C055C356CFFF39BF0821742 1x",
Yellow Inspot Super dalmatian Male ,Yellow dalmatian,"https://d20zyr0oabjxc2.cloudfront.net/variants/media/raw_images/crestside_geckos/2024/10/20241029055618.747-1000003150-396x396c.jpeg?signature=2964FB5BEAC2F47AFFBB572BF6248407FE37AC931EBD35AA96C2A4F650F0C4CB 2x, https://d20zyr0oabjxc2.cloudfront.net/variants/media/raw_images/crestside_geckos/2024/10/20241029055618.747-1000003150-198x198c.jpeg?signature=C4A9501EEFF1E11506C5EFD38BE40641F5BC5633240D542C5F57C5EFDEB85581 1x",/us/c/reptiles/lizards/crested-geckos/2685360,,"https://d20zyr0oabjxc2.cloudfront.net/variants/media/raw_images/crestside_geckos/2024/10/20241029055618.747-1000003150-396x396c.jpeg?signature=2964FB5BEAC2F47AFFBB572BF6248407FE37AC931EBD35AA96C2A4F650F0C4CB 2x, https://d20zyr0oabjxc2.cloudfront.net/variants/media/raw_images/crestside_geckos/2024/10/20241029055618.747-1000003150-198x198c.jpeg?signature=C4A9501EEFF1E11506C5EFD38BE40641F5BC5633240D542C5F57C5EFDEB85581 1x",
"(M) Red, Black, And White Spot Super dalmatian","Red, dalmatian","https://d20zyr0oabjxc2.cloudfront.net/variants/media/raw_images/bertopiageckos/2024/07/20240720145936.624-IMG_0197-396x396c.jpeg?signature=470892140E44390399183BF29B7D4D8BB9091AB3FAFB5E36CD46AB935F568D56 2x, https://d20zyr0oabjxc2.cloudfront.net/variants/media/raw_images/bertopiageckos/2024/07/20240720145936.624-IMG_0197-198x198c.jpeg?signature=EB5AA86ADB0E08E0472A53424CFC4302DCDFAEF498433B7CFA3E294002D6AE2D 1x",/us/c/reptiles/lizards/crested-geckos/2138907,,"https://d20zyr0oabjxc2.cloudfront.net/variants/media/raw_images/bertopiageckos/2024/07/20240720145936.624-IMG_0197-396x396c.jpeg?signature=470892140E44390399183BF29B7D4D8BB9091AB3FAFB5E36CD46AB935F568D56 2x, https://d20zyr0oabjxc2.cloudfront.net/variants/media/raw_images/bertopiageckos/2024/07/20240720145936.624-IMG_0197-198x198c.jpeg?signature=EB5AA86ADB0E08E0472A53424CFC4302DCDFAEF498433B7CFA3E294002D6AE2D 1x",
Super dalmatian Crested Gecko,dalmatian,"https://d20zyr0oabjxc2.cloudfront.net/variants/media/raw_images/olympianexotics/2023/10/20231017031543.244-superdalmatian7a-396x396c.jpeg?signature=FE4824D3DDC8D4CE2CCEEC1166E94565678814AA9FFEC5448BFF73918DFFCE68 2x, https://d20zyr0oabjxc2.cloudfront.net/variants/media/raw_images/olympianexotics/2023/10/20231017031543.244-superdalmatian7a-198x198c.jpeg?signature=63100F5F52E4032EC451C5ABA952B8497C8D4AB7EFDEF61417D817F2DA20FAB5 1x",/us/c/reptiles/lizards/crested-geckos/1937069,,"https://d20zyr0oabjxc2.cloudfront.net/variants/media/raw_images/olympianexotics/2023/10/20231017031543.244-superdalmatian7a-396x396c.jpeg?signature=FE4824D3DDC8D4CE2CCEEC1166E94565678814AA9FFEC5448BFF73918DFFCE68 2x, https://d20zyr0oabjxc2.cloudfront.net/variants/media/raw_images/olympianexotics/2023/10/20231017031543.244-superdalmatian7a-198x198c.jpeg?signature=63100F5F52E4032EC451C5ABA952B8497C8D4AB7EFDEF61417D817F2DA20FAB5 1x",
Red Base Super dalmatian,Red dalmatian,"https://d20zyr0oabjxc2.cloudfront.net/variants/media/raw_images/thegeckoking_inc/2024/09/20240917023807.702-IMG_8355-396x396c.jpeg?signature=99D51AACA120BCCC1B8F96C88A13F2107F9877DC77320A9732612388049C1F9B 2x, https://d20zyr0oabjxc2.cloudfront.net/variants/media/raw_images/thegeckoking_inc/2024/09/20240917023807.702-IMG_8355-198x198c.jpeg?signature=FADD063143D8D7FB4A149B67584CC6888B5E42E96CAC9C04381F2D3DDF5044B4 1x",/us/c/reptiles/lizards/crested-geckos/2584863,,"https://d20zyr0oabjxc2.cloudfront.net/variants/media/raw_images/thegeckoking_inc/2024/09/20240917023807.702-IMG_8355-396x396c.jpeg?signature=99D51AACA120BCCC1B8F96C88A13F2107F9877DC77320A9732612388049C1F9B 2x, https://d20zyr0oabjxc2.cloudfront.net/variants/media/raw_images/thegeckoking_inc/2024/09/20240917023807.702-IMG_8355-198x198c.jpeg?signature=FADD063143D8D7FB4A149B67584CC6888B5E42E96CAC9C04381F2D3DDF5044B4 1x",
Red Base Super dalmatian,Red dalmatian,"https://d20zyr0oabjxc2.cloudfront.net/variants/media/raw_images/thegeckoking_inc/2024/09/20240917023552.386-IMG_8352-396x396c.jpeg?signature=14A0991E33D997DBB1D3FEE82EDECADEF5D8F65794A1C5270CB1DBEDF705DD42 2x, https://d20zyr0oabjxc2.cloudfront.net/variants/media/raw_images/thegeckoking_inc/2024/09/20240917023552.386-IMG_8352-198x198c.jpeg?signature=9A3FDE07E7803E84A7AA0F6225EF38BB6A6AE0BB187866D06E44A548DFAC82B4 1x",/us/c/reptiles/lizards/crested-geckos/2584852,,"https://d20zyr0oabjxc2.cloudfront.net/variants/media/raw_images/thegeckoking_inc/2024/09/20240917023552.386-IMG_8352-396x396c.jpeg?signature=14A0991E33D997DBB1D3FEE82EDECADEF5D8F65794A1C5270CB1DBEDF705DD42 2x, https://d20zyr0oabjxc2.cloudfront.net/variants/media/raw_images/thegeckoking_inc/2024/09/20240917023552.386-IMG_8352-198x198c.jpeg?signature=9A3FDE07E7803E84A7AA0F6225EF38BB6A6AE0BB187866D06E44A548DFAC82B4 1x",
Red Base Super dalmatian,Red dalmatian,"https://d20zyr0oabjxc2.cloudfront.net/variants/media/raw_images/thegeckoking_inc/2024/09/20240917023232.770-IMG_8358-396x396c.jpeg?signature=C4E886544519346A687ED311DE003AF82EF94CCE3ED6584B1CB62DFC0D5B5051 2x, https://d20zyr0oabjxc2.cloudfront.net/variants/media/raw_images/thegeckoking_inc/2024/09/20240917023232.770-IMG_8358-198x198c.jpeg?signature=9E71C6D96FFB0A125A7E5976A5BABE639AEB11186C6EA0DEFC1F46EEC3FDB995 1x",/us/c/reptiles/lizards/crested-geckos/2584844,,"https://d20zyr0oabjxc2.cloudfront.net/variants/media/raw_images/thegeckoking_inc/2024/09/20240917023232.770-IMG_8358-396x396c.jpeg?signature=C4E886544519346A687ED311DE003AF82EF94CCE3ED6584B1CB62DFC0D5B5051 2x, https://d20zyr0oabjxc2.cloudfront.net/variants/media/raw_images/thegeckoking_inc/2024/09/20240917023232.770-IMG_8358-198x198c.jpeg?signature=9E71C6D96FFB0A125A7E5976A5BABE639AEB11186C6EA0DEFC1F46EEC3FDB995 1x",
Rtb Yellow Super dalmatian,Yellow dalmatian,"https://d20zyr0oabjxc2.cloudfront.net/variants/media/raw_images/pnutg1rl/2024/06/20240607011655.860-1000009874-396x396c.jpeg?signature=9BA52DC1CD0056CF026A9CD69B90456506136C3AC2EBA8F3C7341C6520C605BF 2x, https://d20zyr0oabjxc2.cloudfront.net/variants/media/raw_images/pnutg1rl/2024/06/20240607011655.860-1000009874-198x198c.jpeg?signature=1FDF9422C472BEA02D86C653B14A096FED22BA8A5ED4F79741F284D9339ABC52 1x",/us/c/reptiles/lizards/crested-geckos/2364265,,"https://d20zyr0oabjxc2.cloudfront.net/variants/media/raw_images/pnutg1rl/2024/06/20240607011655.860-1000009874-396x396c.jpeg?signature=9BA52DC1CD0056CF026A9CD69B90456506136C3AC2EBA8F3C7341C6520C605BF 2x, https://d20zyr0oabjxc2.cloudfront.net/variants/media/raw_images/pnutg1rl/2024/06/20240607011655.860-1000009874-198x198c.jpeg?signature=1FDF9422C472BEA02D86C653B14A096FED22BA8A5ED4F79741F284D9339ABC52 1x",
dalmatian Crested Gecko,dalmatian,"https://d20zyr0oabjxc2.cloudfront.net/variants/media/raw_images/mae_market/2024/10/20241029002738.842-IMG_9345-396x396c.jpeg?signature=E9A56D5D7055941C20F363113B61E098A44FA3146EE67EFEB8BC4BDA4CFCC1E1 2x, https://d20zyr0oabjxc2.cloudfront.net/variants/media/raw_images/mae_market/2024/10/20241029002738.842-IMG_9345-198x198c.jpeg?signature=E9CBFDB4127D908901EDB1249483E40DCE338BEEC7E74C573FE3CB6049E4213C 1x",/us/c/reptiles/lizards/crested-geckos/2684916,,"https://d20zyr0oabjxc2.cloudfront.net/variants/media/raw_images/mae_market/2024/10/20241029002738.842-IMG_9345-396x396c.jpeg?signature=E9A56D5D7055941C20F363113B61E098A44FA3146EE67EFEB8BC4BDA4CFCC1E1 2x, https://d20zyr0oabjxc2.cloudfront.net/variants/media/raw_images/mae_market/2024/10/20241029002738.842-IMG_9345-198x198c.jpeg?signature=E9CBFDB4127D908901EDB1249483E40DCE338BEEC7E74C573FE3CB6049E4213C 1x",
Yellow dalmatian,Yellow dalmatian,"https://d20zyr0oabjxc2.cloudfront.net/variants/media/raw_images/ahood/2024/10/20241015004559.150-4F4577BD-1830-4173-8-396x396c.jpeg?signature=466E69B0F315FF313F90FDCF944438FD0741D75DB27D596697EDB9E5D74DC898 2x, https://d20zyr0oabjxc2.cloudfront.net/variants/media/raw_images/ahood/2024/10/20241015004559.150-4F4577BD-1830-4173-8-198x198c.jpeg?signature=4EBC42E495DDE0D98966C454AC3E2E4FF26C2D8345739811FF4D90DDE5AD2089 1x",/us/c/reptiles/lizards/crested-geckos/2642342,,"https://d20zyr0oabjxc2.cloudfront.net/variants/media/raw_images/ahood/2024/10/20241015004559.150-4F4577BD-1830-4173-8-396x396c.jpeg?signature=466E69B0F315FF313F90FDCF944438FD0741D75DB27D596697EDB9E5D74DC898 2x, https://d20zyr0oabjxc2.cloudfront.net/variants/media/raw_images/ahood/2024/10/20241015004559.150-4F4577BD-1830-4173-8-198x198c.jpeg?signature=4EBC42E495DDE0D98966C454AC3E2E4FF26C2D8345739811FF4D90DDE5AD2089 1x",
Proven Red Spot dalmatian,Red dalmatian,"https://d20zyr0oabjxc2.cloudfront.net/variants/media/raw_images/supakaykay/2024/10/20241028223637.678-1000034834-396x396c.jpeg?signature=7BD9B14BED322B10611D626B9B4DDCCA5A50153330C5379C729563070C560654 2x, https://d20zyr0oabjxc2.cloudfront.net/variants/media/raw_images/supakaykay/2024/10/20241028223637.678-1000034834-198x198c.jpeg?signature=1449F6851662A31566C7C912BBE43834306E5375F4A0D3E95E5926CDE67DF87C 1x",/us/c/reptiles/lizards/crested-geckos/2684628,,"https://d20zyr0oabjxc2.cloudfront.net/variants/media/raw_images/supakaykay/2024/10/20241028223637.678-1000034834-396x396c.jpeg?signature=7BD9B14BED322B10611D626B9B4DDCCA5A50153330C5379C729563070C560654 2x, https://d20zyr0oabjxc2.cloudfront.net/variants/media/raw_images/supakaykay/2024/10/20241028223637.678-1000034834-198x198c.jpeg?signature=1449F6851662A31566C7C912BBE43834306E5375F4A0D3E95E5926CDE67DF87C 1x",
Proven Red Spot Super dalmatian Female,Red dalmatian,"https://d20zyr0oabjxc2.cloudfront.net/variants/media/raw_images/supakaykay/2024/10/20241028223029.369-1000034840-396x396c.jpeg?signature=02B597B947CDEDB4B83E82EC5C18C5F3C16F247B2182A298E50EF9C9859E5683 2x, https://d20zyr0oabjxc2.cloudfront.net/variants/media/raw_images/supakaykay/2024/10/20241028223029.369-1000034840-198x198c.jpeg?signature=0CAAE0D9EA7C2755F49A615EA0D05EF9BA4E0363C66319FC70AD1D72E8A11841 1x",/us/c/reptiles/lizards/crested-geckos/2684607,,"https://d20zyr0oabjxc2.cloudfront.net/variants/media/raw_images/supakaykay/2024/10/20241028223029.369-1000034840-396x396c.jpeg?signature=02B597B947CDEDB4B83E82EC5C18C5F3C16F247B2182A298E50EF9C9859E5683 2x, https://d20zyr0oabjxc2.cloudfront.net/variants/media/raw_images/supakaykay/2024/10/20241028223029.369-1000034840-198x198c.jpeg?signature=0CAAE0D9EA7C2755F49A615EA0D05EF9BA4E0363C66319FC70AD1D72E8A11841 1x",
Orange dalmatian,dalmatian,"https://d20zyr0oabjxc2.cloudfront.net/variants/media/raw_images/mitch-a-tech/2024/02/20240207221031.377-IMG_4803-396x396c.jpeg?signature=47948BA26526EB41AA0AB37D5C7D104AAB75E0B0572FA43951CAB331B95CAC5A 2x, https://d20zyr0oabjxc2.cloudfront.net/variants/media/raw_images/mitch-a-tech/2024/02/20240207221031.377-IMG_4803-198x198c.jpeg?signature=32ECE8FA4D56132B3F4646D534958BB736A4E88C9405236F169F6D564012D582 1x",/us/c/reptiles/lizards/crested-geckos/2155282,,"https://d20zyr0oabjxc2.cloudfront.net/variants/media/raw_images/mitch-a-tech/2024/02/20240207221031.377-IMG_4803-396x396c.jpeg?signature=47948BA26526EB41AA0AB37D5C7D104AAB75E0B0572FA43951CAB331B95CAC5A 2x, https://d20zyr0oabjxc2.cloudfront.net/variants/media/raw_images/mitch-a-tech/2024/02/20240207221031.377-IMG_4803-198x198c.jpeg?signature=32ECE8FA4D56132B3F4646D534958BB736A4E88C9405236F169F6D564012D582 1x",
Green dalmatian Crested,dalmatian,"https://d20zyr0oabjxc2.cloudfront.net/variants/media/raw_images/gorgeousgeckos/2024/10/20241028211509.520-IMG_5924-396x396c.jpeg?signature=55036C129FC507653719BCD4CEB71FCDEA92D555E6E8B655081CE853679C014F 2x, https://d20zyr0oabjxc2.cloudfront.net/variants/media/raw_images/gorgeousgeckos/2024/10/20241028211509.520-IMG_5924-198x198c.jpeg?signature=0658FEA04BFF71C00C0F790A26A829F96613E1B89EFD661C2C521869E99FAF3A 1x",/ca/c/reptiles/lizards/crested-geckos/2684380,,"https://d20zyr0oabjxc2.cloudfront.net/variants/media/raw_images/gorgeousgeckos/2024/10/20241028211509.520-IMG_5924-396x396c.jpeg?signature=55036C129FC507653719BCD4CEB71FCDEA92D555E6E8B655081CE853679C014F 2x, https://d20zyr0oabjxc2.cloudfront.net/variants/media/raw_images/gorgeousgeckos/2024/10/20241028211509.520-IMG_5924-198x198c.jpeg?signature=0658FEA04BFF71C00C0F790A26A829F96613E1B89EFD661C2C521869E99FAF3A 1x",
Red dalmatian Crested Gecko (CG201),Red dalmatian,"https://d20zyr0oabjxc2.cloudfront.net/variants/media/raw_images/bbscrestedgeckos/2024/03/20240326201604.201-IMG_4534-396x396c.jpeg?signature=D03D328050DBAAABA8586DDF9149C8C4DB40598ACB2EC30F675AB78C2AF41FE3 2x, https://d20zyr0oabjxc2.cloudfront.net/variants/media/raw_images/bbscrestedgeckos/2024/03/20240326201604.201-IMG_4534-198x198c.jpeg?signature=253FE8B893446E9BB7CF88C721BE10714F3703E62A1B04B039CBA279F80DFD18 1x",/us/c/reptiles/lizards/crested-geckos/2245217,,"https://d20zyr0oabjxc2.cloudfront.net/variants/media/raw_images/bbscrestedgeckos/2024/03/20240326201604.201-IMG_4534-396x396c.jpeg?signature=D03D328050DBAAABA8586DDF9149C8C4DB40598ACB2EC30F675AB78C2AF41FE3 2x, https://d20zyr0oabjxc2.cloudfront.net/variants/media/raw_images/bbscrestedgeckos/2024/03/20240326201604.201-IMG_4534-198x198c.jpeg?signature=253FE8B893446E9BB7CF88C721BE10714F3703E62A1B04B039CBA279F80DFD18 1x",
Dark Phantom dalmatians,Dark dalmatians,"https://d20zyr0oabjxc2.cloudfront.net/variants/media/raw_images/gecko_fidelity/2024/10/20241019195435.328-1000020965-396x396c.jpeg?signature=738BACBF72C867A4AB3FCC03800C27597D339537B472CB69304C12C174551BD8 2x, https://d20zyr0oabjxc2.cloudfront.net/variants/media/raw_images/gecko_fidelity/2024/10/20241019195435.328-1000020965-198x198c.jpeg?signature=99CB6C8E11C091EB5CD612850FE4BA587746219F1747B00146D70A5B90C7D9E5 1x",/us/c/reptiles/lizards/crested-geckos/2684068,,"https://d20zyr0oabjxc2.cloudfront.net/variants/media/raw_images/gecko_fidelity/2024/10/20241019195435.328-1000020965-396x396c.jpeg?signature=738BACBF72C867A4AB3FCC03800C27597D339537B472CB69304C12C174551BD8 2x, https://d20zyr0oabjxc2.cloudfront.net/variants/media/raw_images/gecko_fidelity/2024/10/20241019195435.328-1000020965-198x198c.jpeg?signature=99CB6C8E11C091EB5CD612850FE4BA587746219F1747B00146D70A5B90C7D9E5 1x",
Red Spot dalmatian - Portholes,Red dalmatian,"https://d20zyr0oabjxc2.cloudfront.net/variants/media/raw_images/geckohaven/2024/10/20241004174828.429-WiTy103M18g7-396x396c.jpeg?signature=FFDC504B25DFAE1D74D33E4688C387AFA101A50A45FCA3A49617C285F4B4025B 2x, https://d20zyr0oabjxc2.cloudfront.net/variants/media/raw_images/geckohaven/2024/10/20241004174828.429-WiTy103M18g7-198x198c.jpeg?signature=F64909FE30B61CE42F9111415DB2F9B4D9B49F7FCA7FB77483E4E11C4E424AF2 1x",/us/c/reptiles/lizards/crested-geckos/2627931,,"https://d20zyr0oabjxc2.cloudfront.net/variants/media/raw_images/geckohaven/2024/10/20241004174828.429-WiTy103M18g7-396x396c.jpeg?signature=FFDC504B25DFAE1D74D33E4688C387AFA101A50A45FCA3A49617C285F4B4025B 2x, https://d20zyr0oabjxc2.cloudfront.net/variants/media/raw_images/geckohaven/2024/10/20241004174828.429-WiTy103M18g7-198x198c.jpeg?signature=F64909FE30B61CE42F9111415DB2F9B4D9B49F7FCA7FB77483E4E11C4E424AF2 1x",
Red Ink Spot dalmatian,Red dalmatian,"https://d20zyr0oabjxc2.cloudfront.net/variants/media/raw_images/mhathorn/2024/09/20240911204720.889-KSPL3580-396x396c.jpeg?signature=321D86A6F237BD56D327FDC05A7BDC04421855207AE892D11A958BA1A339F244 2x, https://d20zyr0oabjxc2.cloudfront.net/variants/media/raw_images/mhathorn/2024/09/20240911204720.889-KSPL3580-198x198c.jpeg?signature=99C680F3222553DABC7D224C6F0259F09E6930AA46AFA57A0582FFB0157D2620 1x",/us/c/reptiles/lizards/crested-geckos/2571818,,"https://d20zyr0oabjxc2.cloudfront.net/variants/media/raw_images/mhathorn/2024/09/20240911204720.889-KSPL3580-396x396c.jpeg?signature=321D86A6F237BD56D327FDC05A7BDC04421855207AE892D11A958BA1A339F244 2x, https://d20zyr0oabjxc2.cloudfront.net/variants/media/raw_images/mhathorn/2024/09/20240911204720.889-KSPL3580-198x198c.jpeg?signature=99C680F3222553DABC7D224C6F0259F09E6930AA46AFA57A0582FFB0157D2620 1x",
Super dalmatian,dalmatian,"https://d20zyr0oabjxc2.cloudfront.net/variants/media/raw_images/frontierexotics/2024/09/20240929062804.621-SPZxPNY0012-396x396c.jpeg?signature=AC41BB1455230F7F5CC8630AF0E9E40F02D64814C5CB808335602E5C55F9BA1F 2x, https://d20zyr0oabjxc2.cloudfront.net/variants/media/raw_images/frontierexotics/2024/09/20240929062804.621-SPZxPNY0012-198x198c.jpeg?signature=0BBF4E208370BE6409E6579C61A8E14BBD8F5ED243E1E517306A74695F89FCB1 1x",/us/c/reptiles/lizards/crested-geckos/2128997,,"https://d20zyr0oabjxc2.cloudfront.net/variants/media/raw_images/frontierexotics/2024/09/20240929062804.621-SPZxPNY0012-396x396c.jpeg?signature=AC41BB1455230F7F5CC8630AF0E9E40F02D64814C5CB808335602E5C55F9BA1F 2x, https://d20zyr0oabjxc2.cloudfront.net/variants/media/raw_images/frontierexotics/2024/09/20240929062804.621-SPZxPNY0012-198x198c.jpeg?signature=0BBF4E208370BE6409E6579C61A8E14BBD8F5ED243E1E517306A74695F89FCB1 1x",
dalmatian,dalmatian,"https://d20zyr0oabjxc2.cloudfront.net/variants/media/raw_images/clarsen/2024/07/20240724004328.918-20240719_172709-396x396c.jpeg?signature=F31BDF3E33E4D37F66C8986AC018E32401FD969740CFABD90923B77483B21D19 2x, https://d20zyr0oabjxc2.cloudfront.net/variants/media/raw_images/clarsen/2024/07/20240724004328.918-20240719_172709-198x198c.jpeg?signature=4D20D85ED4C68372F5EFCA2D5C5E1CCD39E8D7B59D6B20FF330986E4788214F7 1x",/us/c/reptiles/lizards/crested-geckos/2450307,,"https://d20zyr0oabjxc2.cloudfront.net/variants/media/raw_images/clarsen/2024/07/20240724004328.918-20240719_172709-396x396c.jpeg?signature=F31BDF3E33E4D37F66C8986AC018E32401FD969740CFABD90923B77483B21D19 2x, https://d20zyr0oabjxc2.cloudfront.net/variants/media/raw_images/clarsen/2024/07/20240724004328.918-20240719_172709-198x198c.jpeg?signature=4D20D85ED4C68372F5EFCA2D5C5E1CCD39E8D7B59D6B20FF330986E4788214F7 1x",
Dark Phantom dalmatian Charcoal Line,Dark dalmatian,"https://d20zyr0oabjxc2.cloudfront.net/variants/media/raw_images/ajdell/2024/01/20240121181401.200-IMG_8848-396x396c.jpeg?signature=57C2634FFA1DDC4214975C5F18972EDCE72090ECD3A57DC4E4FD4AD1C2FAE37E 2x, https://d20zyr0oabjxc2.cloudfront.net/variants/media/raw_images/ajdell/2024/01/20240121181401.200-IMG_8848-198x198c.jpeg?signature=16E214074093E8DFEC9B13D7922B837CD41B656AFD8306B81AF60CB1E7D64C23 1x",/us/c/reptiles/lizards/crested-geckos/1713444,,"https://d20zyr0oabjxc2.cloudfront.net/variants/media/raw_images/ajdell/2024/01/20240121181401.200-IMG_8848-396x396c.jpeg?signature=57C2634FFA1DDC4214975C5F18972EDCE72090ECD3A57DC4E4FD4AD1C2FAE37E 2x, https://d20zyr0oabjxc2.cloudfront.net/variants/media/raw_images/ajdell/2024/01/20240121181401.200-IMG_8848-198x198c.jpeg?signature=16E214074093E8DFEC9B13D7922B837CD41B656AFD8306B81AF60CB1E7D64C23 1x",
WORM RTB Red dalmatian,Red dalmatian,"https://d20zyr0oabjxc2.cloudfront.net/variants/media/raw_images/meghanalvino/2024/08/20240829235902.616-20240802_142205-396x396c.jpeg?signature=F7107DEB0C4ABE0BD67C77AD130C445E03896794431C313E640931DDBDE9B9C0 2x, https://d20zyr0oabjxc2.cloudfront.net/variants/media/raw_images/meghanalvino/2024/08/20240829235902.616-20240802_142205-198x198c.jpeg?signature=B660DA2F3180720C1196BE96186DB1DD0B053BB1C4A827E29090E52AB8C91262 1x",/us/c/reptiles/lizards/crested-geckos/2536797,,"https://d20zyr0oabjxc2.cloudfront.net/variants/media/raw_images/meghanalvino/2024/08/20240829235902.616-20240802_142205-396x396c.jpeg?signature=F7107DEB0C4ABE0BD67C77AD130C445E03896794431C313E640931DDBDE9B9C0 2x, https://d20zyr0oabjxc2.cloudfront.net/variants/media/raw_images/meghanalvino/2024/08/20240829235902.616-20240802_142205-198x198c.jpeg?signature=B660DA2F3180720C1196BE96186DB1DD0B053BB1C4A827E29090E52AB8C91262 1x",
Proven Super dalmatian Female,dalmatian,"https://d20zyr0oabjxc2.cloudfront.net/variants/media/raw_images/meghanalvino/2024/09/20240930213427.549-20240930_172315-396x396c.jpeg?signature=0E95A0439F90B15A20C51861D22E30152E61A050CA52C34B949C9A21F16DDDAB 2x, https://d20zyr0oabjxc2.cloudfront.net/variants/media/raw_images/meghanalvino/2024/09/20240930213427.549-20240930_172315-198x198c.jpeg?signature=5378B6695F0644DC622EDE9CF566C9FC93871D6B572C017C5ADD4E1FBFF78935 1x",/us/c/reptiles/lizards/crested-geckos/2618819,,"https://d20zyr0oabjxc2.cloudfront.net/variants/media/raw_images/meghanalvino/2024/09/20240930213427.549-20240930_172315-396x396c.jpeg?signature=0E95A0439F90B15A20C51861D22E30152E61A050CA52C34B949C9A21F16DDDAB 2x, https://d20zyr0oabjxc2.cloudfront.net/variants/media/raw_images/meghanalvino/2024/09/20240930213427.549-20240930_172315-198x198c.jpeg?signature=5378B6695F0644DC622EDE9CF566C9FC93871D6B572C017C5ADD4E1FBFF78935 1x",
"Proven, Red dalmatian",Red dalmatian,"https://d20zyr0oabjxc2.cloudfront.net/variants/media/raw_images/retrogecko/2024/07/20240723221759.866-IMG_4692-396x396c.jpeg?signature=BA103FD4E37D0C2081D7A7C4EDC321D2D6ADA9471BD50FB650B35E9DBA1FFBD4 2x, https://d20zyr0oabjxc2.cloudfront.net/variants/media/raw_images/retrogecko/2024/07/20240723221759.866-IMG_4692-198x198c.jpeg?signature=616D687364CF422D5B3E8307C1E2C26D7612C82220BFEEDA09A6C507D260E792 1x",/us/c/reptiles/lizards/crested-geckos/2449821,,"https://d20zyr0oabjxc2.cloudfront.net/variants/media/raw_images/retrogecko/2024/07/20240723221759.866-IMG_4692-396x396c.jpeg?signature=BA103FD4E37D0C2081D7A7C4EDC321D2D6ADA9471BD50FB650B35E9DBA1FFBD4 2x, https://d20zyr0oabjxc2.cloudfront.net/variants/media/raw_images/retrogecko/2024/07/20240723221759.866-IMG_4692-198x198c.jpeg?signature=616D687364CF422D5B3E8307C1E2C26D7612C82220BFEEDA09A6C507D260E792 1x",
dalmatian,dalmatian,"https://d20zyr0oabjxc2.cloudfront.net/variants/media/raw_images/cadillac_rhacs/2024/08/20240803194849.22-IMG_1164-396x396c.jpeg?signature=7ACC634D26315EE9F9D8F7DABD590BAABA8AD4E4B66480B44978E99FFDB45994 2x, https://d20zyr0oabjxc2.cloudfront.net/variants/media/raw_images/cadillac_rhacs/2024/08/20240803194849.22-IMG_1164-198x198c.jpeg?signature=D8B732DEF6C0F23A36B5D619DBC339FBBAB0C9FC0B495A4C4AFC9FAF84788A90 1x",/us/c/reptiles/lizards/crested-geckos/2473234,,"https://d20zyr0oabjxc2.cloudfront.net/variants/media/raw_images/cadillac_rhacs/2024/08/20240803194849.22-IMG_1164-396x396c.jpeg?signature=7ACC634D26315EE9F9D8F7DABD590BAABA8AD4E4B66480B44978E99FFDB45994 2x, https://d20zyr0oabjxc2.cloudfront.net/variants/media/raw_images/cadillac_rhacs/2024/08/20240803194849.22-IMG_1164-198x198c.jpeg?signature=D8B732DEF6C0F23A36B5D619DBC339FBBAB0C9FC0B495A4C4AFC9FAF84788A90 1x",
Phantom With Portholes And dalmatian Spots,dalmatian,"https://d20zyr0oabjxc2.cloudfront.net/variants/media/raw_images/greenstuff/2024/09/20240930161917.362-IMG_8317-396x396c.jpeg?signature=0683CF5506D71610D24C8F16473C6905FEBE0A2710C9C2AA66B542C96092D367 2x, https://d20zyr0oabjxc2.cloudfront.net/variants/media/raw_images/greenstuff/2024/09/20240930161917.362-IMG_8317-198x198c.jpeg?signature=91971DA9AC1BB544E7E2C6135C78FC2984EA9476FFE16FBCE6F6AFB8FB0ED43A 1x",/us/c/reptiles/lizards/crested-geckos/2617982,,"https://d20zyr0oabjxc2.cloudfront.net/variants/media/raw_images/greenstuff/2024/09/20240930161917.362-IMG_8317-396x396c.jpeg?signature=0683CF5506D71610D24C8F16473C6905FEBE0A2710C9C2AA66B542C96092D367 2x, https://d20zyr0oabjxc2.cloudfront.net/variants/media/raw_images/greenstuff/2024/09/20240930161917.362-IMG_8317-198x198c.jpeg?signature=91971DA9AC1BB544E7E2C6135C78FC2984EA9476FFE16FBCE6F6AFB8FB0ED43A 1x",
RTB Female - Big Spot Super dalmatian,dalmatian,"https://d20zyr0oabjxc2.cloudfront.net/variants/media/raw_images/bertopiageckos/2024/05/20240530205524.969-Sharpiephoto-396x396c.jpeg?signature=123955AD35559791EFA957E18C7B9105D2E77C0BECDA61569C8CC8F4A18B03DA 2x, https://d20zyr0oabjxc2.cloudfront.net/variants/media/raw_images/bertopiageckos/2024/05/20240530205524.969-Sharpiephoto-198x198c.jpeg?signature=C206EFD9F5D1A31B20C6B2A98B5469A384C96E75660C11DA1D9972D96C732458 1x",/us/c/reptiles/lizards/crested-geckos/2350771,,"https://d20zyr0oabjxc2.cloudfront.net/variants/media/raw_images/bertopiageckos/2024/05/20240530205524.969-Sharpiephoto-396x396c.jpeg?signature=123955AD35559791EFA957E18C7B9105D2E77C0BECDA61569C8CC8F4A18B03DA 2x, https://d20zyr0oabjxc2.cloudfront.net/variants/media/raw_images/bertopiageckos/2024/05/20240530205524.969-Sharpiephoto-198x198c.jpeg?signature=C206EFD9F5D1A31B20C6B2A98B5469A384C96E75660C11DA1D9972D96C732458 1x",
Red dalmatian,Red dalmatian,"https://d20zyr0oabjxc2.cloudfront.net/variants/media/raw_images/jenmai418/2024/08/20240809142333.917-IMG_1810-396x396c.jpeg?signature=77EBCA5D968522DD045A11137466A819297EA24E5CCA674EE062B86A3F38E310 2x, https://d20zyr0oabjxc2.cloudfront.net/variants/media/raw_images/jenmai418/2024/08/20240809142333.917-IMG_1810-198x198c.jpeg?signature=F0A250188E709E0A4ACF4BAD7F6A4E94A9C272D935FF04599B119CC4DFFFB9A1 1x",/us/c/reptiles/lizards/crested-geckos/2313969,,"https://d20zyr0oabjxc2.cloudfront.net/variants/media/raw_images/jenmai418/2024/08/20240809142333.917-IMG_1810-396x396c.jpeg?signature=77EBCA5D968522DD045A11137466A819297EA24E5CCA674EE062B86A3F38E310 2x, https://d20zyr0oabjxc2.cloudfront.net/variants/media/raw_images/jenmai418/2024/08/20240809142333.917-IMG_1810-198x198c.jpeg?signature=F0A250188E709E0A4ACF4BAD7F6A4E94A9C272D935FF04599B119CC4DFFFB9A1 1x",
Phantom dalmatian,dalmatian,"https://d20zyr0oabjxc2.cloudfront.net/variants/media/raw_images/gecko1313/2024/10/20241027153831.119-IMG_8506-396x396c.jpeg?signature=02ADC5CD75C6FCF1E97B67723B46C065D149119CBEE7E4DC53CFB6CD32CFA304 2x, https://d20zyr0oabjxc2.cloudfront.net/variants/media/raw_images/gecko1313/2024/10/20241027153831.119-IMG_8506-198x198c.jpeg?signature=85AF1CE763A99153EFCD05B9B7EA61C74A67BFDCDEFE2D1C55AF837031250C69 1x",/us/c/reptiles/lizards/crested-geckos/2681197,,"https://d20zyr0oabjxc2.cloudfront.net/variants/media/raw_images/gecko1313/2024/10/20241027153831.119-IMG_8506-396x396c.jpeg?signature=02ADC5CD75C6FCF1E97B67723B46C065D149119CBEE7E4DC53CFB6CD32CFA304 2x, https://d20zyr0oabjxc2.cloudfront.net/variants/media/raw_images/gecko1313/2024/10/20241027153831.119-IMG_8506-198x198c.jpeg?signature=85AF1CE763A99153EFCD05B9B7EA61C74A67BFDCDEFE2D1C55AF837031250C69 1x",
Light Base dalmatian,dalmatian,"https://d20zyr0oabjxc2.cloudfront.net/variants/media/raw_images/highlightexotics/2024/09/20240909152027.823-IMG_7796-396x396c.jpeg?signature=C1FE04F6A2878B4237CFC2793BBFF437AE522DAEE096E45701D2AEBBEEE19DC3 2x, https://d20zyr0oabjxc2.cloudfront.net/variants/media/raw_images/highlightexotics/2024/09/20240909152027.823-IMG_7796-198x198c.jpeg?signature=F94AC5089937EE3838B7DFE75757C3FF354E2F54371F3956E61ADD44B213DE48 1x",/us/c/reptiles/lizards/crested-geckos/2565617,,"https://d20zyr0oabjxc2.cloudfront.net/variants/media/raw_images/highlightexotics/2024/09/20240909152027.823-IMG_7796-396x396c.jpeg?signature=C1FE04F6A2878B4237CFC2793BBFF437AE522DAEE096E45701D2AEBBEEE19DC3 2x, https://d20zyr0oabjxc2.cloudfront.net/variants/media/raw_images/highlightexotics/2024/09/20240909152027.823-IMG_7796-198x198c.jpeg?signature=F94AC5089937EE3838B7DFE75757C3FF354E2F54371F3956E61ADD44B213DE48 1x",
Super dalmatian Crested Gecko (CG171),dalmatian,"https://d20zyr0oabjxc2.cloudfront.net/variants/media/raw_images/bbscrestedgeckos/2023/11/20231108194548.459-IMG_2474-396x396c.jpeg?signature=77F5026D752A476105AD3ACCCC9160FB7A7EEBD757907D721FBDE19D2245E4FC 2x, https://d20zyr0oabjxc2.cloudfront.net/variants/media/raw_images/bbscrestedgeckos/2023/11/20231108194548.459-IMG_2474-198x198c.jpeg?signature=1CD3B32BC3363FC8A9FA30951589D22D09E70BEC2895CB6D6C7DFC942EAE7727 1x",/us/c/reptiles/lizards/crested-geckos/1994349,,"https://d20zyr0oabjxc2.cloudfront.net/variants/media/raw_images/bbscrestedgeckos/2023/11/20231108194548.459-IMG_2474-396x396c.jpeg?signature=77F5026D752A476105AD3ACCCC9160FB7A7EEBD757907D721FBDE19D2245E4FC 2x, https://d20zyr0oabjxc2.cloudfront.net/variants/media/raw_images/bbscrestedgeckos/2023/11/20231108194548.459-IMG_2474-198x198c.jpeg?signature=1CD3B32BC3363FC8A9FA30951589D22D09E70BEC2895CB6D6C7DFC942EAE7727 1x",
Super dalmatian Crested Gecko,dalmatian,"https://d20zyr0oabjxc2.cloudfront.net/variants/media/raw_images/olympianexotics/2024/06/20240623082943.78-1000014705-396x396c.jpeg?signature=F1288072E5D906F37C7BB3C41F6A83895282F4AF27CFED4BB05CF34C4B7C9132 2x, https://d20zyr0oabjxc2.cloudfront.net/variants/media/raw_images/olympianexotics/2024/06/20240623082943.78-1000014705-198x198c.jpeg?signature=F0A478C2DF83C6694DB0E79F11D65C98016C2F07EE403EDBB3195C611790B75E 1x",/us/c/reptiles/lizards/crested-geckos/2392425,,"https://d20zyr0oabjxc2.cloudfront.net/variants/media/raw_images/olympianexotics/2024/06/20240623082943.78-1000014705-396x396c.jpeg?signature=F1288072E5D906F37C7BB3C41F6A83895282F4AF27CFED4BB05CF34C4B7C9132 2x, https://d20zyr0oabjxc2.cloudfront.net/variants/media/raw_images/olympianexotics/2024/06/20240623082943.78-1000014705-198x198c.jpeg?signature=F0A478C2DF83C6694DB0E79F11D65C98016C2F07EE403EDBB3195C611790B75E 1x",
dalmatian Crested Gecko Female,dalmatian,"https://d20zyr0oabjxc2.cloudfront.net/variants/media/raw_images/olympianexotics/2024/05/20240518031944.331-1000010309-396x396c.jpeg?signature=C44BB3BDE686E11D7E382BF82B635374D67E1E6982155179CCB60D976E406135 2x, https://d20zyr0oabjxc2.cloudfront.net/variants/media/raw_images/olympianexotics/2024/05/20240518031944.331-1000010309-198x198c.jpeg?signature=A2D176D62D1BD9FD1ED3FCAFFFCE7C2722EBC89417B3528BF25EF6A80A3C4AD1 1x",/us/c/reptiles/lizards/crested-geckos/2330897,,"https://d20zyr0oabjxc2.cloudfront.net/variants/media/raw_images/olympianexotics/2024/05/20240518031944.331-1000010309-396x396c.jpeg?signature=C44BB3BDE686E11D7E382BF82B635374D67E1E6982155179CCB60D976E406135 2x, https://d20zyr0oabjxc2.cloudfront.net/variants/media/raw_images/olympianexotics/2024/05/20240518031944.331-1000010309-198x198c.jpeg?signature=A2D176D62D1BD9FD1ED3FCAFFFCE7C2722EBC89417B3528BF25EF6A80A3C4AD1 1x",
RTB Female - Super dalmatian,dalmatian,"https://d20zyr0oabjxc2.cloudfront.net/variants/media/raw_images/bertopiageckos/2024/10/20241006012425.696-InkHeartphotos-396x396c.jpeg?signature=8D39705A693FB4586BA880125CBB075448A764D8C880D2DF399B4E62722EFB86 2x, https://d20zyr0oabjxc2.cloudfront.net/variants/media/raw_images/bertopiageckos/2024/10/20241006012425.696-InkHeartphotos-198x198c.jpeg?signature=9DBBC1CE9A4125B4496F64204D269491065EE2B8B78DBA343FBF0AE9F94F8963 1x",/us/c/reptiles/lizards/crested-geckos/2348410,,"https://d20zyr0oabjxc2.cloudfront.net/variants/media/raw_images/bertopiageckos/2024/10/20241006012425.696-InkHeartphotos-396x396c.jpeg?signature=8D39705A693FB4586BA880125CBB075448A764D8C880D2DF399B4E62722EFB86 2x, https://d20zyr0oabjxc2.cloudfront.net/variants/media/raw_images/bertopiageckos/2024/10/20241006012425.696-InkHeartphotos-198x198c.jpeg?signature=9DBBC1CE9A4125B4496F64204D269491065EE2B8B78DBA343FBF0AE9F94F8963 1x",
RTB - Red/White/Black Super dalmatian,Red/White/Black dalmatian,"https://d20zyr0oabjxc2.cloudfront.net/variants/media/raw_images/bertopiageckos/2024/05/20240530205256.782-Picassophoto-396x396c.jpeg?signature=E125E63B19C62C317E4B213578548B253CFDD14FD71E1E620553C79DC4349E5B 2x, https://d20zyr0oabjxc2.cloudfront.net/variants/media/raw_images/bertopiageckos/2024/05/20240530205256.782-Picassophoto-198x198c.jpeg?signature=F5601FDA78083EF190461772FCF58D7D478B21E3F8E4F6CDE71653EC61F8C2DC 1x",/us/c/reptiles/lizards/crested-geckos/2350764,,"https://d20zyr0oabjxc2.cloudfront.net/variants/media/raw_images/bertopiageckos/2024/05/20240530205256.782-Picassophoto-396x396c.jpeg?signature=E125E63B19C62C317E4B213578548B253CFDD14FD71E1E620553C79DC4349E5B 2x, https://d20zyr0oabjxc2.cloudfront.net/variants/media/raw_images/bertopiageckos/2024/05/20240530205256.782-Picassophoto-198x198c.jpeg?signature=F5601FDA78083EF190461772FCF58D7D478B21E3F8E4F6CDE71653EC61F8C2DC 1x",
🐤Big Bird🍌 RTB Nice Structure Hypo Yellow dalmatian,Yellow dalmatian,"https://d20zyr0oabjxc2.cloudfront.net/variants/media/raw_images/ms_kellymarie/2024/09/20240929230218.200-511C1949-4F9D-4A9A-B-396x396c.jpeg?signature=976A902271990D29712A87C3BCFD4AA702B5DD53063A2EC6BF1F50544377AE23 2x, https://d20zyr0oabjxc2.cloudfront.net/variants/media/raw_images/ms_kellymarie/2024/09/20240929230218.200-511C1949-4F9D-4A9A-B-198x198c.jpeg?signature=327DBECED9A04EF09C41C5AC662B0FA6FF4A18A9215627A738AFB7014EB47987 1x",/us/c/reptiles/lizards/crested-geckos/2616386,,"https://d20zyr0oabjxc2.cloudfront.net/variants/media/raw_images/ms_kellymarie/2024/09/20240929230218.200-511C1949-4F9D-4A9A-B-396x396c.jpeg?signature=976A902271990D29712A87C3BCFD4AA702B5DD53063A2EC6BF1F50544377AE23 2x, https://d20zyr0oabjxc2.cloudfront.net/variants/media/raw_images/ms_kellymarie/2024/09/20240929230218.200-511C1949-4F9D-4A9A-B-198x198c.jpeg?signature=327DBECED9A04EF09C41C5AC662B0FA6FF4A18A9215627A738AFB7014EB47987 1x",
"4 Pack Unrelated Lilly White, Dark Base Tri, dalmatian EB, Red Phatom",Dark dalmatian Red,"https://d20zyr0oabjxc2.cloudfront.net/variants/media/raw_images/triplegexotics/2024/10/20241026223409.518-IMG_2642-396x396c.jpeg?signature=7CA855E4274022EC1732EC7E5CD980CBFC1110CDA51A8A5D69BA27484DFED17A 2x, https://d20zyr0oabjxc2.cloudfront.net/variants/media/raw_images/triplegexotics/2024/10/20241026223409.518-IMG_2642-198x198c.jpeg?signature=C1142FA0E1EDF247A9FACA85C78F0CE094389B5B9B3875F1103C300DE3242FE4 1x",/us/c/reptiles/lizards/crested-geckos/2680043,,"https://d20zyr0oabjxc2.cloudfront.net/variants/media/raw_images/triplegexotics/2024/10/20241026223409.518-IMG_2642-396x396c.jpeg?signature=7CA855E4274022EC1732EC7E5CD980CBFC1110CDA51A8A5D69BA27484DFED17A 2x, https://d20zyr0oabjxc2.cloudfront.net/variants/media/raw_images/triplegexotics/2024/10/20241026223409.518-IMG_2642-198x198c.jpeg?signature=C1142FA0E1EDF247A9FACA85C78F0CE094389B5B9B3875F1103C300DE3242FE4 1x",
dalmatian Ink Spot,dalmatian,"https://d20zyr0oabjxc2.cloudfront.net/variants/media/raw_images/dbcb-exotics/2024/10/20241026220457.818-cg2423-396x396c.jpeg?signature=2668C27B7CC3B8BFC9FF5EAF63B035D55FB437405F12510AFC8839367F04F6A3 2x, https://d20zyr0oabjxc2.cloudfront.net/variants/media/raw_images/dbcb-exotics/2024/10/20241026220457.818-cg2423-198x198c.jpeg?signature=393B302AE569182132548F6E4E1CEE441C80D37D3399E63455AE3598830DE652 1x",/us/c/reptiles/lizards/crested-geckos/2679994,,"https://d20zyr0oabjxc2.cloudfront.net/variants/media/raw_images/dbcb-exotics/2024/10/20241026220457.818-cg2423-396x396c.jpeg?signature=2668C27B7CC3B8BFC9FF5EAF63B035D55FB437405F12510AFC8839367F04F6A3 2x, https://d20zyr0oabjxc2.cloudfront.net/variants/media/raw_images/dbcb-exotics/2024/10/20241026220457.818-cg2423-198x198c.jpeg?signature=393B302AE569182132548F6E4E1CEE441C80D37D3399E63455AE3598830DE652 1x",
Super dalmatian - Ink Spots,dalmatian,"https://d20zyr0oabjxc2.cloudfront.net/variants/media/raw_images/geckohaven/2023/11/20231127182836.41-highrollerm40g2-396x396c.jpeg?signature=10E38B5450A3CDDA20DC8659510BAE1C4DE30FEF27D15E67802B30244D347813 2x, https://d20zyr0oabjxc2.cloudfront.net/variants/media/raw_images/geckohaven/2023/11/20231127182836.41-highrollerm40g2-198x198c.jpeg?signature=A915F138D56366993341A70C7A10865E142574969AA54205882DE7E5DE8A53A9 1x",/us/c/reptiles/lizards/crested-geckos/2034840,,"https://d20zyr0oabjxc2.cloudfront.net/variants/media/raw_images/geckohaven/2023/11/20231127182836.41-highrollerm40g2-396x396c.jpeg?signature=10E38B5450A3CDDA20DC8659510BAE1C4DE30FEF27D15E67802B30244D347813 2x, https://d20zyr0oabjxc2.cloudfront.net/variants/media/raw_images/geckohaven/2023/11/20231127182836.41-highrollerm40g2-198x198c.jpeg?signature=A915F138D56366993341A70C7A10865E142574969AA54205882DE7E5DE8A53A9 1x",
dalmatian Proven,dalmatian,"https://d20zyr0oabjxc2.cloudfront.net/variants/media/raw_images/jenmai418/2024/10/20241026210541.634-E31EA76C-2C18-4990-9-396x396c.jpeg?signature=3084BADC4FDB4316AADA4F30A03FDBD4115CCC037D26D83B948D6D27D77B880B 2x, https://d20zyr0oabjxc2.cloudfront.net/variants/media/raw_images/jenmai418/2024/10/20241026210541.634-E31EA76C-2C18-4990-9-198x198c.jpeg?signature=ACB9C05C731C53AF47A8A4380D103C689C6DC0C304B4F8BB0568BAC1C9E5D4DB 1x",/us/c/reptiles/lizards/crested-geckos/2679838,,"https://d20zyr0oabjxc2.cloudfront.net/variants/media/raw_images/jenmai418/2024/10/20241026210541.634-E31EA76C-2C18-4990-9-396x396c.jpeg?signature=3084BADC4FDB4316AADA4F30A03FDBD4115CCC037D26D83B948D6D27D77B880B 2x, https://d20zyr0oabjxc2.cloudfront.net/variants/media/raw_images/jenmai418/2024/10/20241026210541.634-E31EA76C-2C18-4990-9-198x198c.jpeg?signature=ACB9C05C731C53AF47A8A4380D103C689C6DC0C304B4F8BB0568BAC1C9E5D4DB 1x",
Red Super dalmatian,Red dalmatian,"https://d20zyr0oabjxc2.cloudfront.net/variants/media/raw_images/geckohaven/2024/10/20241002210050.714-CaSaA72929gf4-396x396c.jpeg?signature=6AEF479F507B8754DF2531457427DF084F8F8D4774A3C8B8ECBB2C10B5EDBF13 2x, https://d20zyr0oabjxc2.cloudfront.net/variants/media/raw_images/geckohaven/2024/10/20241002210050.714-CaSaA72929gf4-198x198c.jpeg?signature=718523BDB378998504E4A84399D149413E70377026C7DF4601C361561898DFC3 1x",/us/c/reptiles/lizards/crested-geckos/2623905,,"https://d20zyr0oabjxc2.cloudfront.net/variants/media/raw_images/geckohaven/2024/10/20241002210050.714-CaSaA72929gf4-396x396c.jpeg?signature=6AEF479F507B8754DF2531457427DF084F8F8D4774A3C8B8ECBB2C10B5EDBF13 2x, https://d20zyr0oabjxc2.cloudfront.net/variants/media/raw_images/geckohaven/2024/10/20241002210050.714-CaSaA72929gf4-198x198c.jpeg?signature=718523BDB378998504E4A84399D149413E70377026C7DF4601C361561898DFC3 1x",
Walk N Talk dalmatian And Nice Patterning ,dalmatian,"https://d20zyr0oabjxc2.cloudfront.net/variants/media/raw_images/madish/2024/10/20241026191423.196-img_1882-396x396c.jpeg?signature=2D5C7AFE1F1F780F3FBEB7889B375FCA2A7917510D51C542FF920A8A36F215EC 2x, https://d20zyr0oabjxc2.cloudfront.net/variants/media/raw_images/madish/2024/10/20241026191423.196-img_1882-198x198c.jpeg?signature=B16A4D1EE56091498265DD926F01788FD6325536DAB08C04DB3592312CD7DBF1 1x",/us/c/reptiles/lizards/crested-geckos/2679565,,"https://d20zyr0oabjxc2.cloudfront.net/variants/media/raw_images/madish/2024/10/20241026191423.196-img_1882-396x396c.jpeg?signature=2D5C7AFE1F1F780F3FBEB7889B375FCA2A7917510D51C542FF920A8A36F215EC 2x, https://d20zyr0oabjxc2.cloudfront.net/variants/media/raw_images/madish/2024/10/20241026191423.196-img_1882-198x198c.jpeg?signature=B16A4D1EE56091498265DD926F01788FD6325536DAB08C04DB3592312CD7DBF1 1x",
Super dalmatian,dalmatian,"https://d20zyr0oabjxc2.cloudfront.net/variants/media/raw_images/dave/2024/10/20241026190039.26-IMG_6592-396x396c.jpeg?signature=949FB97A3F7D2753DC3942FD93BE0852AAB0C39C20027BE3E655894B6DA75BE2 2x, https://d20zyr0oabjxc2.cloudfront.net/variants/media/raw_images/dave/2024/10/20241026190039.26-IMG_6592-198x198c.jpeg?signature=D836F53135CC7344C5D2449B383B94F200F7F36EEFFA06436CEB60FD50B9EB40 1x",/us/c/reptiles/lizards/crested-geckos/2679530,,"https://d20zyr0oabjxc2.cloudfront.net/variants/media/raw_images/dave/2024/10/20241026190039.26-IMG_6592-396x396c.jpeg?signature=949FB97A3F7D2753DC3942FD93BE0852AAB0C39C20027BE3E655894B6DA75BE2 2x, https://d20zyr0oabjxc2.cloudfront.net/variants/media/raw_images/dave/2024/10/20241026190039.26-IMG_6592-198x198c.jpeg?signature=D836F53135CC7344C5D2449B383B94F200F7F36EEFFA06436CEB60FD50B9EB40 1x",
Super dalmatian Male,dalmatian,"https://d20zyr0oabjxc2.cloudfront.net/variants/media/raw_images/larmentor/2024/10/20241026185509.401-dalmatian1-Export-396x396c.jpeg?signature=CE6E0D5F4C35BA1FBD8BA0D7403B918F35694A27E9A05FA2ECBE7B4F946D43E8 2x, https://d20zyr0oabjxc2.cloudfront.net/variants/media/raw_images/larmentor/2024/10/20241026185509.401-dalmatian1-Export-198x198c.jpeg?signature=6FC76719BA3384C1ED6513D18C2C10DC12480EA938D4057394A69834B4D666F5 1x",/us/c/reptiles/lizards/crested-geckos/2679519,,"https://d20zyr0oabjxc2.cloudfront.net/variants/media/raw_images/larmentor/2024/10/20241026185509.401-dalmatian1-Export-396x396c.jpeg?signature=CE6E0D5F4C35BA1FBD8BA0D7403B918F35694A27E9A05FA2ECBE7B4F946D43E8 2x, https://d20zyr0oabjxc2.cloudfront.net/variants/media/raw_images/larmentor/2024/10/20241026185509.401-dalmatian1-Export-198x198c.jpeg?signature=6FC76719BA3384C1ED6513D18C2C10DC12480EA938D4057394A69834B4D666F5 1x",
Super dalmatian Proven Breeder,dalmatian,"https://d20zyr0oabjxc2.cloudfront.net/variants/media/raw_images/jenmai418/2024/10/20241026171253.50-47A004EC-3647-4B79-A-396x396c.jpeg?signature=7BE5CB4909EDFBBC8CC3C600A3ED19EA7D417DF07E6660B66EB5366973CF77AD 2x, https://d20zyr0oabjxc2.cloudfront.net/variants/media/raw_images/jenmai418/2024/10/20241026171253.50-47A004EC-3647-4B79-A-198x198c.jpeg?signature=3A4FB9D12FB05A90C36C08367394C47F425A92D8D01F7D89084445AFD8EC8162 1x",/us/c/reptiles/lizards/crested-geckos/2679271,,"https://d20zyr0oabjxc2.cloudfront.net/variants/media/raw_images/jenmai418/2024/10/20241026171253.50-47A004EC-3647-4B79-A-396x396c.jpeg?signature=7BE5CB4909EDFBBC8CC3C600A3ED19EA7D417DF07E6660B66EB5366973CF77AD 2x, https://d20zyr0oabjxc2.cloudfront.net/variants/media/raw_images/jenmai418/2024/10/20241026171253.50-47A004EC-3647-4B79-A-198x198c.jpeg?signature=3A4FB9D12FB05A90C36C08367394C47F425A92D8D01F7D89084445AFD8EC8162 1x",
Patterned Super dalmatian,dalmatian,"https://d20zyr0oabjxc2.cloudfront.net/variants/media/raw_images/geckohaven/2024/03/20240324155316.890-GHMWf32g2-396x396c.jpeg?signature=F4D2FF052C8475B7B1832A2C1BA9A2A29D76CE996B84EC7F499CE77571E93193 2x, https://d20zyr0oabjxc2.cloudfront.net/variants/media/raw_images/geckohaven/2024/03/20240324155316.890-GHMWf32g2-198x198c.jpeg?signature=2BA18A9F3329CA0287DEDE3A4AE575ADAD64713FEDDCEA2E396F15ECBAFDF5D4 1x",/us/c/reptiles/lizards/crested-geckos/2241034,,"https://d20zyr0oabjxc2.cloudfront.net/variants/media/raw_images/geckohaven/2024/03/20240324155316.890-GHMWf32g2-396x396c.jpeg?signature=F4D2FF052C8475B7B1832A2C1BA9A2A29D76CE996B84EC7F499CE77571E93193 2x, https://d20zyr0oabjxc2.cloudfront.net/variants/media/raw_images/geckohaven/2024/03/20240324155316.890-GHMWf32g2-198x198c.jpeg?signature=2BA18A9F3329CA0287DEDE3A4AE575ADAD64713FEDDCEA2E396F15ECBAFDF5D4 1x",
Red dalmatian NPV,Red dalmatian,"https://d20zyr0oabjxc2.cloudfront.net/variants/media/raw_images/celestialexoticsus/2024/03/20240330151509.761-DSC04033-396x396c.jpeg?signature=5FA1D5E5F0CED026BF47D813DB29C71E5E6341332BA396EA7BDF66CE0272E7D2 2x, https://d20zyr0oabjxc2.cloudfront.net/variants/media/raw_images/celestialexoticsus/2024/03/20240330151509.761-DSC04033-198x198c.jpeg?signature=ADB28F971CB21F0B0CF0D08377C708B9F433136A11AFACCD72DCE225D6DB3FD1 1x",/us/c/reptiles/lizards/crested-geckos/2251137,,"https://d20zyr0oabjxc2.cloudfront.net/variants/media/raw_images/celestialexoticsus/2024/03/20240330151509.761-DSC04033-396x396c.jpeg?signature=5FA1D5E5F0CED026BF47D813DB29C71E5E6341332BA396EA7BDF66CE0272E7D2 2x, https://d20zyr0oabjxc2.cloudfront.net/variants/media/raw_images/celestialexoticsus/2024/03/20240330151509.761-DSC04033-198x198c.jpeg?signature=ADB28F971CB21F0B0CF0D08377C708B9F433136A11AFACCD72DCE225D6DB3FD1 1x",
Female Red Super dalmatian Crested Gecko Cr-2255,Red dalmatian,"https://d20zyr0oabjxc2.cloudfront.net/variants/media/raw_images/pangeareptile/2024/04/20240429144514.705-CR-2255Left-396x396c.jpeg?signature=650A5B0690FE67654410C565307AEDB560449532C4E669ED3F76C11B5B3BF061 2x, https://d20zyr0oabjxc2.cloudfront.net/variants/media/raw_images/pangeareptile/2024/04/20240429144514.705-CR-2255Left-198x198c.jpeg?signature=B8068F49C004F3911F1BF687E2663E8D4C81A876149E79A10813F3F52C056546 1x",/us/c/reptiles/lizards/crested-geckos/2303160,,"https://d20zyr0oabjxc2.cloudfront.net/variants/media/raw_images/pangeareptile/2024/04/20240429144514.705-CR-2255Left-396x396c.jpeg?signature=650A5B0690FE67654410C565307AEDB560449532C4E669ED3F76C11B5B3BF061 2x, https://d20zyr0oabjxc2.cloudfront.net/variants/media/raw_images/pangeareptile/2024/04/20240429144514.705-CR-2255Left-198x198c.jpeg?signature=B8068F49C004F3911F1BF687E2663E8D4C81A876149E79A10813F3F52C056546 1x",
Male Super dalmatian Crested Gecko Cr-2253,dalmatian,"https://d20zyr0oabjxc2.cloudfront.net/variants/media/raw_images/pangeareptile/2024/04/20240429143551.271-CR-2253Left-396x396c.jpeg?signature=42365AB9500928CDB74BBC5F4820550E981953DF8C4A75883B5E3429CB04ED2E 2x, https://d20zyr0oabjxc2.cloudfront.net/variants/media/raw_images/pangeareptile/2024/04/20240429143551.271-CR-2253Left-198x198c.jpeg?signature=32B09FD51AB4FB3C09A8C827398B0593CA89A4B2142A6B55B8CB368BE27DF5EA 1x",/us/c/reptiles/lizards/crested-geckos/2303121,,"https://d20zyr0oabjxc2.cloudfront.net/variants/media/raw_images/pangeareptile/2024/04/20240429143551.271-CR-2253Left-396x396c.jpeg?signature=42365AB9500928CDB74BBC5F4820550E981953DF8C4A75883B5E3429CB04ED2E 2x, https://d20zyr0oabjxc2.cloudfront.net/variants/media/raw_images/pangeareptile/2024/04/20240429143551.271-CR-2253Left-198x198c.jpeg?signature=32B09FD51AB4FB3C09A8C827398B0593CA89A4B2142A6B55B8CB368BE27DF5EA 1x",
Female Super dalmatian Crested Gecko Cr-2252,dalmatian,"https://d20zyr0oabjxc2.cloudfront.net/variants/media/raw_images/pangeareptile/2024/04/20240429143323.627-Cr-2252Left-396x396c.jpeg?signature=0231C840B5EE798EC78E7DD884C3599EC9A9C0981C8153F264864735F4FD70EB 2x, https://d20zyr0oabjxc2.cloudfront.net/variants/media/raw_images/pangeareptile/2024/04/20240429143323.627-Cr-2252Left-198x198c.jpeg?signature=41C31E276DC25E2EA56B0928DAD25BFCC9B2852A38EDD43D115A0DAA903012C5 1x",/us/c/reptiles/lizards/crested-geckos/2303116,,"https://d20zyr0oabjxc2.cloudfront.net/variants/media/raw_images/pangeareptile/2024/04/20240429143323.627-Cr-2252Left-396x396c.jpeg?signature=0231C840B5EE798EC78E7DD884C3599EC9A9C0981C8153F264864735F4FD70EB 2x, https://d20zyr0oabjxc2.cloudfront.net/variants/media/raw_images/pangeareptile/2024/04/20240429143323.627-Cr-2252Left-198x198c.jpeg?signature=41C31E276DC25E2EA56B0928DAD25BFCC9B2852A38EDD43D115A0DAA903012C5 1x",
Female Super dalmatian Crested Gecko Cr-2203,dalmatian,"https://d20zyr0oabjxc2.cloudfront.net/variants/media/raw_images/pangeareptile/2024/04/20240429141517.721-Cr-2203Left-396x396c.jpeg?signature=0E3DAE73F3E80155F84DB8A683BBE71419902982CAF18EF58E35EA0F9DB36FCB 2x, https://d20zyr0oabjxc2.cloudfront.net/variants/media/raw_images/pangeareptile/2024/04/20240429141517.721-Cr-2203Left-198x198c.jpeg?signature=C1F335F89C4786BE6CB7719AA72516614040F507D260804A0644F9C779F6E6E3 1x",/us/c/reptiles/lizards/crested-geckos/2303057,,"https://d20zyr0oabjxc2.cloudfront.net/variants/media/raw_images/pangeareptile/2024/04/20240429141517.721-Cr-2203Left-396x396c.jpeg?signature=0E3DAE73F3E80155F84DB8A683BBE71419902982CAF18EF58E35EA0F9DB36FCB 2x, https://d20zyr0oabjxc2.cloudfront.net/variants/media/raw_images/pangeareptile/2024/04/20240429141517.721-Cr-2203Left-198x198c.jpeg?signature=C1F335F89C4786BE6CB7719AA72516614040F507D260804A0644F9C779F6E6E3 1x",
Male Super dalmatian Crested Gecko Cr-2197,dalmatian,"https://d20zyr0oabjxc2.cloudfront.net/variants/media/raw_images/pangeareptile/2024/04/20240429141225.946-Cr-2197Left-396x396c.jpeg?signature=5A57A255F55C3C8726070923EE43BB4F375E0D883F93C3BDE78C5148141587A8 2x, https://d20zyr0oabjxc2.cloudfront.net/variants/media/raw_images/pangeareptile/2024/04/20240429141225.946-Cr-2197Left-198x198c.jpeg?signature=FC2365B5A2BB24A23407475659D0B991961653E6823698C050EE511DA9F328CE 1x",/us/c/reptiles/lizards/crested-geckos/2303042,,"https://d20zyr0oabjxc2.cloudfront.net/variants/media/raw_images/pangeareptile/2024/04/20240429141225.946-Cr-2197Left-396x396c.jpeg?signature=5A57A255F55C3C8726070923EE43BB4F375E0D883F93C3BDE78C5148141587A8 2x, https://d20zyr0oabjxc2.cloudfront.net/variants/media/raw_images/pangeareptile/2024/04/20240429141225.946-Cr-2197Left-198x198c.jpeg?signature=FC2365B5A2BB24A23407475659D0B991961653E6823698C050EE511DA9F328CE 1x",
Male dalmatian Crested Gecko Cr-2196,dalmatian,"https://d20zyr0oabjxc2.cloudfront.net/variants/media/raw_images/pangeareptile/2024/04/20240429141037.136-Cr-2196Left-396x396c.jpeg?signature=4C59D2DD37F30777A258FEB3D7448E7A4F94BB60E5768BBA90652AC3BA604495 2x, https://d20zyr0oabjxc2.cloudfront.net/variants/media/raw_images/pangeareptile/2024/04/20240429141037.136-Cr-2196Left-198x198c.jpeg?signature=DD1F9CA8049F6403368680F78F451D675D565C6746B3D0B655F8DACD451287C2 1x",/us/c/reptiles/lizards/crested-geckos/2303034,,"https://d20zyr0oabjxc2.cloudfront.net/variants/media/raw_images/pangeareptile/2024/04/20240429141037.136-Cr-2196Left-396x396c.jpeg?signature=4C59D2DD37F30777A258FEB3D7448E7A4F94BB60E5768BBA90652AC3BA604495 2x, https://d20zyr0oabjxc2.cloudfront.net/variants/media/raw_images/pangeareptile/2024/04/20240429141037.136-Cr-2196Left-198x198c.jpeg?signature=DD1F9CA8049F6403368680F78F451D675D565C6746B3D0B655F8DACD451287C2 1x",
Super dalmatian Crested Gecko,dalmatian,"https://d20zyr0oabjxc2.cloudfront.net/variants/media/raw_images/mariellagrace/2024/10/20241026141154.453-IMG_1645-396x396c.jpeg?signature=B52B326C3E20CA9073092D52D099E3F2AE371FBBFD97864BF0B9B0C7E35E593A 2x, https://d20zyr0oabjxc2.cloudfront.net/variants/media/raw_images/mariellagrace/2024/10/20241026141154.453-IMG_1645-198x198c.jpeg?signature=206187D4C3EE7DB8A619E0B773C99437FF180D560EB5C0D8EC1C8A1306020E61 1x",/us/c/reptiles/lizards/crested-geckos/2678775,,"https://d20zyr0oabjxc2.cloudfront.net/variants/media/raw_images/mariellagrace/2024/10/20241026141154.453-IMG_1645-396x396c.jpeg?signature=B52B326C3E20CA9073092D52D099E3F2AE371FBBFD97864BF0B9B0C7E35E593A 2x, https://d20zyr0oabjxc2.cloudfront.net/variants/media/raw_images/mariellagrace/2024/10/20241026141154.453-IMG_1645-198x198c.jpeg?signature=206187D4C3EE7DB8A619E0B773C99437FF180D560EB5C0D8EC1C8A1306020E61 1x",
Orange And Cream dalmatian Crested Gecko,dalmatian,"https://d20zyr0oabjxc2.cloudfront.net/variants/media/raw_images/olympianexotics/2024/06/20240604051202.899-1000012588-396x396c.jpeg?signature=7DD76005EEEE83DBE59BFC5BA09EA7B9B29F9D9B7CEC3C22CC517B3D9997A417 2x, https://d20zyr0oabjxc2.cloudfront.net/variants/media/raw_images/olympianexotics/2024/06/20240604051202.899-1000012588-198x198c.jpeg?signature=DBA1E081B88E3A6E3B0650C7120246CCD1D78AB7515A72E19F817EE6E43EBCB8 1x",/us/c/reptiles/lizards/crested-geckos/2358664,,"https://d20zyr0oabjxc2.cloudfront.net/variants/media/raw_images/olympianexotics/2024/06/20240604051202.899-1000012588-396x396c.jpeg?signature=7DD76005EEEE83DBE59BFC5BA09EA7B9B29F9D9B7CEC3C22CC517B3D9997A417 2x, https://d20zyr0oabjxc2.cloudfront.net/variants/media/raw_images/olympianexotics/2024/06/20240604051202.899-1000012588-198x198c.jpeg?signature=DBA1E081B88E3A6E3B0650C7120246CCD1D78AB7515A72E19F817EE6E43EBCB8 1x",
Red Super dalmatian Crested Gecko #9,Red dalmatian,"https://d20zyr0oabjxc2.cloudfront.net/variants/media/raw_images/olympianexotics/2024/09/20240920045723.196-1000027232-396x396c.jpeg?signature=93903193AF586A948748A2FF7C85D99107DD5990F3C8057F122802B10496AF70 2x, https://d20zyr0oabjxc2.cloudfront.net/variants/media/raw_images/olympianexotics/2024/09/20240920045723.196-1000027232-198x198c.jpeg?signature=80A561ED6E1A2F988E1E12A4ED53614AFF7B0CF74D1F2924B1D2003F621EF401 1x",/us/c/reptiles/lizards/crested-geckos/2593597,,"https://d20zyr0oabjxc2.cloudfront.net/variants/media/raw_images/olympianexotics/2024/09/20240920045723.196-1000027232-396x396c.jpeg?signature=93903193AF586A948748A2FF7C85D99107DD5990F3C8057F122802B10496AF70 2x, https://d20zyr0oabjxc2.cloudfront.net/variants/media/raw_images/olympianexotics/2024/09/20240920045723.196-1000027232-198x198c.jpeg?signature=80A561ED6E1A2F988E1E12A4ED53614AFF7B0CF74D1F2924B1D2003F621EF401 1x",
Patternless dalmatian,dalmatian,"https://d20zyr0oabjxc2.cloudfront.net/variants/media/raw_images/tlaexotics/2023/11/20231125012550.36-Addaheading-396x396c.jpeg?signature=708E7C60CAE712441CBE92CFB2B11863CF749BCD2E4D48E6B385BE73B9B20EF3 2x, https://d20zyr0oabjxc2.cloudfront.net/variants/media/raw_images/tlaexotics/2023/11/20231125012550.36-Addaheading-198x198c.jpeg?signature=5C256E5BA4FCDA87203C10777FBC37B54D49B385D7FB6DD3B678A80319CD134B 1x",/us/c/reptiles/lizards/crested-geckos/2029797,,"https://d20zyr0oabjxc2.cloudfront.net/variants/media/raw_images/tlaexotics/2023/11/20231125012550.36-Addaheading-396x396c.jpeg?signature=708E7C60CAE712441CBE92CFB2B11863CF749BCD2E4D48E6B385BE73B9B20EF3 2x, https://d20zyr0oabjxc2.cloudfront.net/variants/media/raw_images/tlaexotics/2023/11/20231125012550.36-Addaheading-198x198c.jpeg?signature=5C256E5BA4FCDA87203C10777FBC37B54D49B385D7FB6DD3B678A80319CD134B 1x",
Orange Phantom Porthole dalmatian,dalmatian,"https://d20zyr0oabjxc2.cloudfront.net/variants/media/raw_images/spriggan/2024/10/20241025234039.167-IMG_0854-396x396c.jpeg?signature=1E1991843496929E60FAFD73334ABD990520E5916E13DE019283308F0D76812A 2x, https://d20zyr0oabjxc2.cloudfront.net/variants/media/raw_images/spriggan/2024/10/20241025234039.167-IMG_0854-198x198c.jpeg?signature=4376B496BC42CA41340317EC8FA83D38C3D3CA466CA457C100CF3EA5D64A0806 1x",/us/c/reptiles/lizards/crested-geckos/2677825,,"https://d20zyr0oabjxc2.cloudfront.net/variants/media/raw_images/spriggan/2024/10/20241025234039.167-IMG_0854-396x396c.jpeg?signature=1E1991843496929E60FAFD73334ABD990520E5916E13DE019283308F0D76812A 2x, https://d20zyr0oabjxc2.cloudfront.net/variants/media/raw_images/spriggan/2024/10/20241025234039.167-IMG_0854-198x198c.jpeg?signature=4376B496BC42CA41340317EC8FA83D38C3D3CA466CA457C100CF3EA5D64A0806 1x",
Super dalmatian CT Line,dalmatian,"https://d20zyr0oabjxc2.cloudfront.net/variants/media/raw_images/sharpset62/2023/02/20230223051056.465-E4AD04F6-6424-4A2F-9-396x396c.jpeg?signature=C8CEAA2D5945A1FAB30659E8F3C06A0CC7B53A77EA92581FDF1F33E5B004150B 2x, https://d20zyr0oabjxc2.cloudfront.net/variants/media/raw_images/sharpset62/2023/02/20230223051056.465-E4AD04F6-6424-4A2F-9-198x198c.jpeg?signature=9D155DD6D0E394CF0C6D88ECB8F098A4A8F9C5FFF02FCF559C71EC137EB98B99 1x",/us/c/reptiles/lizards/crested-geckos/538861,,"https://d20zyr0oabjxc2.cloudfront.net/variants/media/raw_images/sharpset62/2023/02/20230223051056.465-E4AD04F6-6424-4A2F-9-396x396c.jpeg?signature=C8CEAA2D5945A1FAB30659E8F3C06A0CC7B53A77EA92581FDF1F33E5B004150B 2x, https://d20zyr0oabjxc2.cloudfront.net/variants/media/raw_images/sharpset62/2023/02/20230223051056.465-E4AD04F6-6424-4A2F-9-198x198c.jpeg?signature=9D155DD6D0E394CF0C6D88ECB8F098A4A8F9C5FFF02FCF559C71EC137EB98B99 1x",
Male Super dalmatian Crested Gecko Cr-1509,dalmatian,"https://d20zyr0oabjxc2.cloudfront.net/variants/media/raw_images/pangeareptile/2023/11/20231127153625.977-CR-1509Left-396x396c.jpeg?signature=BAEB182AE509B738B41F5F53C083CCA8C9360E8194BC2D1CF01A65E09334BFCA 2x, https://d20zyr0oabjxc2.cloudfront.net/variants/media/raw_images/pangeareptile/2023/11/20231127153625.977-CR-1509Left-198x198c.jpeg?signature=8A6F52FE530E166AF7B7AD7F689A752937B15EA7BD2640B7194738393FCDDD71 1x",/us/c/reptiles/lizards/crested-geckos/1928444,,"https://d20zyr0oabjxc2.cloudfront.net/variants/media/raw_images/pangeareptile/2023/11/20231127153625.977-CR-1509Left-396x396c.jpeg?signature=BAEB182AE509B738B41F5F53C083CCA8C9360E8194BC2D1CF01A65E09334BFCA 2x, https://d20zyr0oabjxc2.cloudfront.net/variants/media/raw_images/pangeareptile/2023/11/20231127153625.977-CR-1509Left-198x198c.jpeg?signature=8A6F52FE530E166AF7B7AD7F689A752937B15EA7BD2640B7194738393FCDDD71 1x",
Yellow Crowned Male dalmatian With Ink Spots,Yellow dalmatian,"https://d20zyr0oabjxc2.cloudfront.net/variants/media/raw_images/cggardens/2024/08/20240825145600.248-DEDF149E-6EA7-43EE-8-396x396c.jpeg?signature=C1C275FE8B94C516066E8CC1C4F89711944C1C99810ACEEDF06FEAB16A43ED29 2x, https://d20zyr0oabjxc2.cloudfront.net/variants/media/raw_images/cggardens/2024/08/20240825145600.248-DEDF149E-6EA7-43EE-8-198x198c.jpeg?signature=8A783181B349F61E97B852D5FFD4922213D45B99514BF448B6C1B070DB3EDB16 1x",/us/c/reptiles/lizards/crested-geckos/1721815,,"https://d20zyr0oabjxc2.cloudfront.net/variants/media/raw_images/cggardens/2024/08/20240825145600.248-DEDF149E-6EA7-43EE-8-396x396c.jpeg?signature=C1C275FE8B94C516066E8CC1C4F89711944C1C99810ACEEDF06FEAB16A43ED29 2x, https://d20zyr0oabjxc2.cloudfront.net/variants/media/raw_images/cggardens/2024/08/20240825145600.248-DEDF149E-6EA7-43EE-8-198x198c.jpeg?signature=8A783181B349F61E97B852D5FFD4922213D45B99514BF448B6C1B070DB3EDB16 1x",
Male Damn Daniel X Starfire dalmatian Crested Gecko Cr-1318,dalmatian,"https://d20zyr0oabjxc2.cloudfront.net/variants/media/raw_images/pangeareptile/2023/11/20231127152900.462-Cr-1318leftupdate-396x396c.jpeg?signature=F065EF75A01902D69E89C9A55F3B490D13B2B90F5400EE5F23B936EB9682A7EB 2x, https://d20zyr0oabjxc2.cloudfront.net/variants/media/raw_images/pangeareptile/2023/11/20231127152900.462-Cr-1318leftupdate-198x198c.jpeg?signature=5624A6F2CA133769B848734897FCED2A6CAFC3B2D468E19DE43C3EB42DA7D281 1x",/us/c/reptiles/lizards/crested-geckos/1928127,,"https://d20zyr0oabjxc2.cloudfront.net/variants/media/raw_images/pangeareptile/2023/11/20231127152900.462-Cr-1318leftupdate-396x396c.jpeg?signature=F065EF75A01902D69E89C9A55F3B490D13B2B90F5400EE5F23B936EB9682A7EB 2x, https://d20zyr0oabjxc2.cloudfront.net/variants/media/raw_images/pangeareptile/2023/11/20231127152900.462-Cr-1318leftupdate-198x198c.jpeg?signature=5624A6F2CA133769B848734897FCED2A6CAFC3B2D468E19DE43C3EB42DA7D281 1x",
Proven Orange Super dalmatian,dalmatian,"https://d20zyr0oabjxc2.cloudfront.net/variants/media/raw_images/jessicasleos_/2024/10/20241025194009.390-IMG_9106-396x396c.jpeg?signature=7178981B89241ED46CCF6D9A3303773C5118EAAD36BF0684471676442F6A8931 2x, https://d20zyr0oabjxc2.cloudfront.net/variants/media/raw_images/jessicasleos_/2024/10/20241025194009.390-IMG_9106-198x198c.jpeg?signature=E92AB2350D61C1442236BF597DDB5A3F43A907A44EEC8F36CADB518599DCC7F3 1x",/us/c/reptiles/lizards/crested-geckos/2677290,,"https://d20zyr0oabjxc2.cloudfront.net/variants/media/raw_images/jessicasleos_/2024/10/20241025194009.390-IMG_9106-396x396c.jpeg?signature=7178981B89241ED46CCF6D9A3303773C5118EAAD36BF0684471676442F6A8931 2x, https://d20zyr0oabjxc2.cloudfront.net/variants/media/raw_images/jessicasleos_/2024/10/20241025194009.390-IMG_9106-198x198c.jpeg?signature=E92AB2350D61C1442236BF597DDB5A3F43A907A44EEC8F36CADB518599DCC7F3 1x",
BOGO 50% OFF 12g Red dalmatian,Red dalmatian,"https://d20zyr0oabjxc2.cloudfront.net/variants/media/raw_images/mistysgeckos/2024/03/20240319220350.219-1000000803-396x396c.jpeg?signature=41DF28A16DC7055401EBFC96242F019301CD483FA44A857B0D03D4E7AE452FF8 2x, https://d20zyr0oabjxc2.cloudfront.net/variants/media/raw_images/mistysgeckos/2024/03/20240319220350.219-1000000803-198x198c.jpeg?signature=89D2C6D4ED4EDE3A35AA5B2FCFA20955DC23B9773C871D035E54CCE3263A5079 1x",/us/c/reptiles/lizards/crested-geckos/2233476,,"https://d20zyr0oabjxc2.cloudfront.net/variants/media/raw_images/mistysgeckos/2024/03/20240319220350.219-1000000803-396x396c.jpeg?signature=41DF28A16DC7055401EBFC96242F019301CD483FA44A857B0D03D4E7AE452FF8 2x, https://d20zyr0oabjxc2.cloudfront.net/variants/media/raw_images/mistysgeckos/2024/03/20240319220350.219-1000000803-198x198c.jpeg?signature=89D2C6D4ED4EDE3A35AA5B2FCFA20955DC23B9773C871D035E54CCE3263A5079 1x",
BOGO 50% OFF 13g Bright Red dalmatian,Red dalmatian,"https://d20zyr0oabjxc2.cloudfront.net/variants/media/raw_images/mistysgeckos/2024/07/20240721212021.590-1000001841-396x396c.jpeg?signature=D73D0D3E3AEF302D42F9AEF82608DFA6B2AB5BA8AC68CF041AA7E90209DF5756 2x, https://d20zyr0oabjxc2.cloudfront.net/variants/media/raw_images/mistysgeckos/2024/07/20240721212021.590-1000001841-198x198c.jpeg?signature=7E6A1F5BD5208B4C1886EFE4B054CE17B7E895308C0B41E03ADA1BDECD6EBF9B 1x",/us/c/reptiles/lizards/crested-geckos/2251960,,"https://d20zyr0oabjxc2.cloudfront.net/variants/media/raw_images/mistysgeckos/2024/07/20240721212021.590-1000001841-396x396c.jpeg?signature=D73D0D3E3AEF302D42F9AEF82608DFA6B2AB5BA8AC68CF041AA7E90209DF5756 2x, https://d20zyr0oabjxc2.cloudfront.net/variants/media/raw_images/mistysgeckos/2024/07/20240721212021.590-1000001841-198x198c.jpeg?signature=7E6A1F5BD5208B4C1886EFE4B054CE17B7E895308C0B41E03ADA1BDECD6EBF9B 1x",
BOGO 50% OFF 12g Red dalmatian,Red dalmatian,"https://d20zyr0oabjxc2.cloudfront.net/variants/media/raw_images/mistysgeckos/2024/07/20240721221025.975-1000001859-396x396c.jpeg?signature=42C886EFA26AE527F1889C6E2D397FB7BDBF992E3FD2307FE1893CE865A9C24C 2x, https://d20zyr0oabjxc2.cloudfront.net/variants/media/raw_images/mistysgeckos/2024/07/20240721221025.975-1000001859-198x198c.jpeg?signature=6DD50C0FE2B118A65A600D85FDB1049B916620031125D5CDFC45B7EEBA410539 1x",/us/c/reptiles/lizards/crested-geckos/2253084,,"https://d20zyr0oabjxc2.cloudfront.net/variants/media/raw_images/mistysgeckos/2024/07/20240721221025.975-1000001859-396x396c.jpeg?signature=42C886EFA26AE527F1889C6E2D397FB7BDBF992E3FD2307FE1893CE865A9C24C 2x, https://d20zyr0oabjxc2.cloudfront.net/variants/media/raw_images/mistysgeckos/2024/07/20240721221025.975-1000001859-198x198c.jpeg?signature=6DD50C0FE2B118A65A600D85FDB1049B916620031125D5CDFC45B7EEBA410539 1x",
BOGO 50% OFF 11g Red Super dalmatian,Red dalmatian,"https://d20zyr0oabjxc2.cloudfront.net/variants/media/raw_images/mistysgeckos/2024/03/20240331205209.997-1000001055-396x396c.jpeg?signature=188ADFBD0E37ACB20DA4AAA8E94D5A993986A00F87F36B3ACEE5F1175E9341CD 2x, https://d20zyr0oabjxc2.cloudfront.net/variants/media/raw_images/mistysgeckos/2024/03/20240331205209.997-1000001055-198x198c.jpeg?signature=F07DF69170C9A819E413A6DDEB87E63E4CF9DC3C50585BF355BBC711063609A1 1x",/us/c/reptiles/lizards/crested-geckos/2253348,,"https://d20zyr0oabjxc2.cloudfront.net/variants/media/raw_images/mistysgeckos/2024/03/20240331205209.997-1000001055-396x396c.jpeg?signature=188ADFBD0E37ACB20DA4AAA8E94D5A993986A00F87F36B3ACEE5F1175E9341CD 2x, https://d20zyr0oabjxc2.cloudfront.net/variants/media/raw_images/mistysgeckos/2024/03/20240331205209.997-1000001055-198x198c.jpeg?signature=F07DF69170C9A819E413A6DDEB87E63E4CF9DC3C50585BF355BBC711063609A1 1x",
Proven Super dalmatian,dalmatian,"https://d20zyr0oabjxc2.cloudfront.net/variants/media/raw_images/rilwater/2023/10/20231007113049.520-GridArt_20231007_072-396x396c.jpeg?signature=D41641A209E3542C0B974B5999664DA369AE0409A949D0CB2473F42E16E38AAD 2x, https://d20zyr0oabjxc2.cloudfront.net/variants/media/raw_images/rilwater/2023/10/20231007113049.520-GridArt_20231007_072-198x198c.jpeg?signature=AE7FC0EE492B3F866A1457561AA39443C7F20617EB845C725B5CFC629F0AAC28 1x",/us/c/reptiles/lizards/crested-geckos/1324305,,"https://d20zyr0oabjxc2.cloudfront.net/variants/media/raw_images/rilwater/2023/10/20231007113049.520-GridArt_20231007_072-396x396c.jpeg?signature=D41641A209E3542C0B974B5999664DA369AE0409A949D0CB2473F42E16E38AAD 2x, https://d20zyr0oabjxc2.cloudfront.net/variants/media/raw_images/rilwater/2023/10/20231007113049.520-GridArt_20231007_072-198x198c.jpeg?signature=AE7FC0EE492B3F866A1457561AA39443C7F20617EB845C725B5CFC629F0AAC28 1x",
Yellow dalmatian,Yellow dalmatian,"https://d20zyr0oabjxc2.cloudfront.net/variants/media/raw_images/rilwater/2024/08/20240810191938.635-GridArt_20240810_151-396x396c.jpeg?signature=CE068A357CB95682E12C5F65B1DDCDFD29C5764227D933D0E85BD9F45E2479C6 2x, https://d20zyr0oabjxc2.cloudfront.net/variants/media/raw_images/rilwater/2024/08/20240810191938.635-GridArt_20240810_151-198x198c.jpeg?signature=9F79699CBEAAF36C10215B922F28E813508E6B4B5CAE7FCC525D0B27E0799EBB 1x",/us/c/reptiles/lizards/crested-geckos/2121643,,"https://d20zyr0oabjxc2.cloudfront.net/variants/media/raw_images/rilwater/2024/08/20240810191938.635-GridArt_20240810_151-396x396c.jpeg?signature=CE068A357CB95682E12C5F65B1DDCDFD29C5764227D933D0E85BD9F45E2479C6 2x, https://d20zyr0oabjxc2.cloudfront.net/variants/media/raw_images/rilwater/2024/08/20240810191938.635-GridArt_20240810_151-198x198c.jpeg?signature=9F79699CBEAAF36C10215B922F28E813508E6B4B5CAE7FCC525D0B27E0799EBB 1x",
Free Shipping - dalmatian,dalmatian,"https://d20zyr0oabjxc2.cloudfront.net/variants/media/raw_images/rilwater/2024/06/20240608183036.253-1000004329-396x396c.jpeg?signature=6938AF127D9DE3BB7D0184A0F892A4053AE4E93B8CA0C801793E203A70141AEB 2x, https://d20zyr0oabjxc2.cloudfront.net/variants/media/raw_images/rilwater/2024/06/20240608183036.253-1000004329-198x198c.jpeg?signature=1E4B3D8B5AAB39FFF62FC10E8CA31583A33049C2ECB6C793381E2DCE5543AE5F 1x",/us/c/reptiles/lizards/crested-geckos/2003419,,"https://d20zyr0oabjxc2.cloudfront.net/variants/media/raw_images/rilwater/2024/06/20240608183036.253-1000004329-396x396c.jpeg?signature=6938AF127D9DE3BB7D0184A0F892A4053AE4E93B8CA0C801793E203A70141AEB 2x, https://d20zyr0oabjxc2.cloudfront.net/variants/media/raw_images/rilwater/2024/06/20240608183036.253-1000004329-198x198c.jpeg?signature=1E4B3D8B5AAB39FFF62FC10E8CA31583A33049C2ECB6C793381E2DCE5543AE5F 1x",
Super dalmatian,dalmatian,"https://d20zyr0oabjxc2.cloudfront.net/variants/media/raw_images/rilwater/2024/10/20241027000043.799-1000009866-396x396c.jpeg?signature=AC4B00823F594F0872CFFCD404983E9591B39BDD931E816BD0FCFF89D9019678 2x, https://d20zyr0oabjxc2.cloudfront.net/variants/media/raw_images/rilwater/2024/10/20241027000043.799-1000009866-198x198c.jpeg?signature=CD1470DD1D807B92BC8A3963B5973099D50FCC50DA9AE728A311B9EC13AEF647 1x",/us/c/reptiles/lizards/crested-geckos/2371639,,"https://d20zyr0oabjxc2.cloudfront.net/variants/media/raw_images/rilwater/2024/10/20241027000043.799-1000009866-396x396c.jpeg?signature=AC4B00823F594F0872CFFCD404983E9591B39BDD931E816BD0FCFF89D9019678 2x, https://d20zyr0oabjxc2.cloudfront.net/variants/media/raw_images/rilwater/2024/10/20241027000043.799-1000009866-198x198c.jpeg?signature=CD1470DD1D807B92BC8A3963B5973099D50FCC50DA9AE728A311B9EC13AEF647 1x",
Yellow dalmatian,Yellow dalmatian,"https://d20zyr0oabjxc2.cloudfront.net/variants/media/raw_images/rilwater/2024/06/20240609171154.669-1000004395-396x396c.jpeg?signature=63BBF41D984C079E73E784B7BFF905DEF230939A79E60F2E8D7A4A302A3AD2B8 2x, https://d20zyr0oabjxc2.cloudfront.net/variants/media/raw_images/rilwater/2024/06/20240609171154.669-1000004395-198x198c.jpeg?signature=99B092CAD715450146E8324651D88E85B63CEC74454CB1A2F8FD59A682E509BA 1x",/us/c/reptiles/lizards/crested-geckos/1487085,,"https://d20zyr0oabjxc2.cloudfront.net/variants/media/raw_images/rilwater/2024/06/20240609171154.669-1000004395-396x396c.jpeg?signature=63BBF41D984C079E73E784B7BFF905DEF230939A79E60F2E8D7A4A302A3AD2B8 2x, https://d20zyr0oabjxc2.cloudfront.net/variants/media/raw_images/rilwater/2024/06/20240609171154.669-1000004395-198x198c.jpeg?signature=99B092CAD715450146E8324651D88E85B63CEC74454CB1A2F8FD59A682E509BA 1x",
Big Spot dalmatian,dalmatian,"https://d20zyr0oabjxc2.cloudfront.net/variants/media/raw_images/rilwater/2024/08/20240805204317.778-GridArt_20240804_150-396x396c.jpeg?signature=6A0AAF0556C83A1EB3C07CB38BEF9533043A5D474B30C75088AA8AAA124A8FD2 2x, https://d20zyr0oabjxc2.cloudfront.net/variants/media/raw_images/rilwater/2024/08/20240805204317.778-GridArt_20240804_150-198x198c.jpeg?signature=C2BA03C54A89D94FA7878D4750F061212CDBFB5F1EA7A3E1B92671A171D19636 1x",/us/c/reptiles/lizards/crested-geckos/2368044,,"https://d20zyr0oabjxc2.cloudfront.net/variants/media/raw_images/rilwater/2024/08/20240805204317.778-GridArt_20240804_150-396x396c.jpeg?signature=6A0AAF0556C83A1EB3C07CB38BEF9533043A5D474B30C75088AA8AAA124A8FD2 2x, https://d20zyr0oabjxc2.cloudfront.net/variants/media/raw_images/rilwater/2024/08/20240805204317.778-GridArt_20240804_150-198x198c.jpeg?signature=C2BA03C54A89D94FA7878D4750F061212CDBFB5F1EA7A3E1B92671A171D19636 1x",
Yellow Ink-Spot dalmatian,Yellow dalmatian,"https://d20zyr0oabjxc2.cloudfront.net/variants/media/raw_images/rilwater/2024/08/20240808155909.644-GridArt_20240804_153-396x396c.jpeg?signature=E77D9EA7FD0835403231C9093ECB543D00570EA33B643795EB1BDAF0DCAA46A9 2x, https://d20zyr0oabjxc2.cloudfront.net/variants/media/raw_images/rilwater/2024/08/20240808155909.644-GridArt_20240804_153-198x198c.jpeg?signature=6D3B945E7C45F8BD9056938F1CBCDDBA68CA00A7B1195303BCA1E27A8EB4387C 1x",/us/c/reptiles/lizards/crested-geckos/2369800,,"https://d20zyr0oabjxc2.cloudfront.net/variants/media/raw_images/rilwater/2024/08/20240808155909.644-GridArt_20240804_153-396x396c.jpeg?signature=E77D9EA7FD0835403231C9093ECB543D00570EA33B643795EB1BDAF0DCAA46A9 2x, https://d20zyr0oabjxc2.cloudfront.net/variants/media/raw_images/rilwater/2024/08/20240808155909.644-GridArt_20240804_153-198x198c.jpeg?signature=6D3B945E7C45F8BD9056938F1CBCDDBA68CA00A7B1195303BCA1E27A8EB4387C 1x",
Orange Super dalmatian,dalmatian,"https://d20zyr0oabjxc2.cloudfront.net/variants/media/raw_images/rilwater/2024/08/20240808172849.535-GridArt_20240805_144-396x396c.jpeg?signature=B2D696A63AB09A0C51A439664223E2E893F15A0BF9934895F6D2283F2271796F 2x, https://d20zyr0oabjxc2.cloudfront.net/variants/media/raw_images/rilwater/2024/08/20240808172849.535-GridArt_20240805_144-198x198c.jpeg?signature=A525C6090C56182F37764478C775BE3EC584312E836D78AF0E49CCDC23D2D193 1x",/us/c/reptiles/lizards/crested-geckos/2484344,,"https://d20zyr0oabjxc2.cloudfront.net/variants/media/raw_images/rilwater/2024/08/20240808172849.535-GridArt_20240805_144-396x396c.jpeg?signature=B2D696A63AB09A0C51A439664223E2E893F15A0BF9934895F6D2283F2271796F 2x, https://d20zyr0oabjxc2.cloudfront.net/variants/media/raw_images/rilwater/2024/08/20240808172849.535-GridArt_20240805_144-198x198c.jpeg?signature=A525C6090C56182F37764478C775BE3EC584312E836D78AF0E49CCDC23D2D193 1x",
Red Base Red Spot dalmatian,Red Red dalmatian,"https://d20zyr0oabjxc2.cloudfront.net/variants/media/raw_images/jiyoony/2024/10/20241025191223.533-IMG_9896-396x396c.jpeg?signature=857951BDC03266D490ECA610659A5DDCE7CD4BF0878F694AE8E75C5E7C0E0253 2x, https://d20zyr0oabjxc2.cloudfront.net/variants/media/raw_images/jiyoony/2024/10/20241025191223.533-IMG_9896-198x198c.jpeg?signature=B787BAD504928DBADD7E84A02D148BFC1E78CAFFC5D6DAFA8A7674C9C5BE0874 1x",/us/c/reptiles/lizards/crested-geckos/2677191,,"https://d20zyr0oabjxc2.cloudfront.net/variants/media/raw_images/jiyoony/2024/10/20241025191223.533-IMG_9896-396x396c.jpeg?signature=857951BDC03266D490ECA610659A5DDCE7CD4BF0878F694AE8E75C5E7C0E0253 2x, https://d20zyr0oabjxc2.cloudfront.net/variants/media/raw_images/jiyoony/2024/10/20241025191223.533-IMG_9896-198x198c.jpeg?signature=B787BAD504928DBADD7E84A02D148BFC1E78CAFFC5D6DAFA8A7674C9C5BE0874 1x",
Male Super dalmatian Crested Gecko Cr-1060,dalmatian,"https://d20zyr0oabjxc2.cloudfront.net/variants/media/raw_images/pangeareptile/2023/11/20231127152730.910-CR-1060FullLeft-396x396c.jpeg?signature=4E7CBB683CAECE270D2414F9732B1FA82386C9287202732F2FAC8D3350D65DAF 2x, https://d20zyr0oabjxc2.cloudfront.net/variants/media/raw_images/pangeareptile/2023/11/20231127152730.910-CR-1060FullLeft-198x198c.jpeg?signature=539142C8E686E432F4D875BA03C3EC562B024211C5EB4537F6C1719BC53BB4B9 1x",/us/c/reptiles/lizards/crested-geckos/1928110,,"https://d20zyr0oabjxc2.cloudfront.net/variants/media/raw_images/pangeareptile/2023/11/20231127152730.910-CR-1060FullLeft-396x396c.jpeg?signature=4E7CBB683CAECE270D2414F9732B1FA82386C9287202732F2FAC8D3350D65DAF 2x, https://d20zyr0oabjxc2.cloudfront.net/variants/media/raw_images/pangeareptile/2023/11/20231127152730.910-CR-1060FullLeft-198x198c.jpeg?signature=539142C8E686E432F4D875BA03C3EC562B024211C5EB4537F6C1719BC53BB4B9 1x",
Male dalmatian Crested Gecko Cr-1010,dalmatian,"https://d20zyr0oabjxc2.cloudfront.net/variants/media/raw_images/pangeareptile/2023/11/20231127152636.703-CR-1010Left-396x396c.jpeg?signature=20CB851358CE8E45B745DA56A26F2DFBFC721A58A215BF836ACCAAA8BFEC9A9B 2x, https://d20zyr0oabjxc2.cloudfront.net/variants/media/raw_images/pangeareptile/2023/11/20231127152636.703-CR-1010Left-198x198c.jpeg?signature=E59B1B1B5593E6551E2449DA2577D0464C884AD2D04BFC4180561D205438663E 1x",/us/c/reptiles/lizards/crested-geckos/1928063,,"https://d20zyr0oabjxc2.cloudfront.net/variants/media/raw_images/pangeareptile/2023/11/20231127152636.703-CR-1010Left-396x396c.jpeg?signature=20CB851358CE8E45B745DA56A26F2DFBFC721A58A215BF836ACCAAA8BFEC9A9B 2x, https://d20zyr0oabjxc2.cloudfront.net/variants/media/raw_images/pangeareptile/2023/11/20231127152636.703-CR-1010Left-198x198c.jpeg?signature=E59B1B1B5593E6551E2449DA2577D0464C884AD2D04BFC4180561D205438663E 1x",
Red Spot dalmatian,Red dalmatian,"https://d20zyr0oabjxc2.cloudfront.net/variants/media/raw_images/carlyg/2024/09/20240928101502.773-DSC_0364-396x396c.jpeg?signature=84AD7E78F9C4A5C7938336A72F1DF36EF0CCC6F158D5DBC0988FACBEF8E61CDD 2x, https://d20zyr0oabjxc2.cloudfront.net/variants/media/raw_images/carlyg/2024/09/20240928101502.773-DSC_0364-198x198c.jpeg?signature=435D5394212C76684C5BC0BE8B83CCEA8A496BD6F89BC431D69E61D37CE4BB77 1x",/us/c/reptiles/lizards/crested-geckos/2612495,,"https://d20zyr0oabjxc2.cloudfront.net/variants/media/raw_images/carlyg/2024/09/20240928101502.773-DSC_0364-396x396c.jpeg?signature=84AD7E78F9C4A5C7938336A72F1DF36EF0CCC6F158D5DBC0988FACBEF8E61CDD 2x, https://d20zyr0oabjxc2.cloudfront.net/variants/media/raw_images/carlyg/2024/09/20240928101502.773-DSC_0364-198x198c.jpeg?signature=435D5394212C76684C5BC0BE8B83CCEA8A496BD6F89BC431D69E61D37CE4BB77 1x",
Confetti Super dalmatian,dalmatian,"https://d20zyr0oabjxc2.cloudfront.net/variants/media/raw_images/mvalentinl/2024/09/20240928060505.716-IMG_1175-396x396c.jpeg?signature=1BC57BDFEFBA3AF95E8C30E709AA083A1F303990F73DF056DFBF9C8617848AD8 2x, https://d20zyr0oabjxc2.cloudfront.net/variants/media/raw_images/mvalentinl/2024/09/20240928060505.716-IMG_1175-198x198c.jpeg?signature=1F6B5644A98457E5DEE0BD5278635A6BEA400D3AAFA035FC377869D3ED00DD81 1x",/us/c/reptiles/lizards/crested-geckos/2612366,,"https://d20zyr0oabjxc2.cloudfront.net/variants/media/raw_images/mvalentinl/2024/09/20240928060505.716-IMG_1175-396x396c.jpeg?signature=1BC57BDFEFBA3AF95E8C30E709AA083A1F303990F73DF056DFBF9C8617848AD8 2x, https://d20zyr0oabjxc2.cloudfront.net/variants/media/raw_images/mvalentinl/2024/09/20240928060505.716-IMG_1175-198x198c.jpeg?signature=1F6B5644A98457E5DEE0BD5278635A6BEA400D3AAFA035FC377869D3ED00DD81 1x",
Olive Green dalmatian,dalmatian,"https://d20zyr0oabjxc2.cloudfront.net/variants/media/raw_images/mvalentinl/2024/09/20240928055705.311-IMG_1142-396x396c.jpeg?signature=A4C77870A9CB147C304CBA64DF6BFB824A4B41C6656F0FD6CEEBB493C22B3D5B 2x, https://d20zyr0oabjxc2.cloudfront.net/variants/media/raw_images/mvalentinl/2024/09/20240928055705.311-IMG_1142-198x198c.jpeg?signature=C599F0344D6F69E2B8211C15B4C314D12856FC9AE2E88514AFDA838A91409877 1x",/us/c/reptiles/lizards/crested-geckos/2612360,,"https://d20zyr0oabjxc2.cloudfront.net/variants/media/raw_images/mvalentinl/2024/09/20240928055705.311-IMG_1142-396x396c.jpeg?signature=A4C77870A9CB147C304CBA64DF6BFB824A4B41C6656F0FD6CEEBB493C22B3D5B 2x, https://d20zyr0oabjxc2.cloudfront.net/variants/media/raw_images/mvalentinl/2024/09/20240928055705.311-IMG_1142-198x198c.jpeg?signature=C599F0344D6F69E2B8211C15B4C314D12856FC9AE2E88514AFDA838A91409877 1x",
Red Bicolor dalmatian Crested Gecko,Red dalmatian,"https://d20zyr0oabjxc2.cloudfront.net/variants/media/raw_images/olympianexotics/2024/05/20240516032202.451-1000009964-396x396c.jpeg?signature=1AF81250AE0E3764EC9B3C29669EBFC07B25927395AAE7F367027D5DEDB30547 2x, https://d20zyr0oabjxc2.cloudfront.net/variants/media/raw_images/olympianexotics/2024/05/20240516032202.451-1000009964-198x198c.jpeg?signature=38E9F50014962C5BE29E5F735F8617412FDF61A306116C1D1AC64F5DB00A3B34 1x",/us/c/reptiles/lizards/crested-geckos/2327962,,"https://d20zyr0oabjxc2.cloudfront.net/variants/media/raw_images/olympianexotics/2024/05/20240516032202.451-1000009964-396x396c.jpeg?signature=1AF81250AE0E3764EC9B3C29669EBFC07B25927395AAE7F367027D5DEDB30547 2x, https://d20zyr0oabjxc2.cloudfront.net/variants/media/raw_images/olympianexotics/2024/05/20240516032202.451-1000009964-198x198c.jpeg?signature=38E9F50014962C5BE29E5F735F8617412FDF61A306116C1D1AC64F5DB00A3B34 1x",
Yellow dalmatian,Yellow dalmatian,"https://d20zyr0oabjxc2.cloudfront.net/variants/media/raw_images/wasatchgeckos/2024/10/20241025021605.484-IMG_4574-396x396c.jpeg?signature=7D19E46CB86F7ABC0F95F5119EB1E8930279EF3C4A524E6A4D4782C2E4E00172 2x, https://d20zyr0oabjxc2.cloudfront.net/variants/media/raw_images/wasatchgeckos/2024/10/20241025021605.484-IMG_4574-198x198c.jpeg?signature=691185F6B58BF71414F36A636FA313C1851B1E04AE17CDC518A63DFE71AD201D 1x",/us/c/reptiles/lizards/crested-geckos/2675965,,"https://d20zyr0oabjxc2.cloudfront.net/variants/media/raw_images/wasatchgeckos/2024/10/20241025021605.484-IMG_4574-396x396c.jpeg?signature=7D19E46CB86F7ABC0F95F5119EB1E8930279EF3C4A524E6A4D4782C2E4E00172 2x, https://d20zyr0oabjxc2.cloudfront.net/variants/media/raw_images/wasatchgeckos/2024/10/20241025021605.484-IMG_4574-198x198c.jpeg?signature=691185F6B58BF71414F36A636FA313C1851B1E04AE17CDC518A63DFE71AD201D 1x",
Yellow dalmatian,Yellow dalmatian,"https://d20zyr0oabjxc2.cloudfront.net/variants/media/raw_images/wasatchgeckos/2024/10/20241025021203.510-IMG_4564-396x396c.jpeg?signature=34896682F515B7B1A37FE583CB706405C69D661AAD9014B9B868AA8356C36F56 2x, https://d20zyr0oabjxc2.cloudfront.net/variants/media/raw_images/wasatchgeckos/2024/10/20241025021203.510-IMG_4564-198x198c.jpeg?signature=01397102984E1C2181C243AC6C2B17C2C595D070E10BE7906A49F5084A4ACB1B 1x",/us/c/reptiles/lizards/crested-geckos/2675961,,"https://d20zyr0oabjxc2.cloudfront.net/variants/media/raw_images/wasatchgeckos/2024/10/20241025021203.510-IMG_4564-396x396c.jpeg?signature=34896682F515B7B1A37FE583CB706405C69D661AAD9014B9B868AA8356C36F56 2x, https://d20zyr0oabjxc2.cloudfront.net/variants/media/raw_images/wasatchgeckos/2024/10/20241025021203.510-IMG_4564-198x198c.jpeg?signature=01397102984E1C2181C243AC6C2B17C2C595D070E10BE7906A49F5084A4ACB1B 1x",
Red Spot dalmatian,Red dalmatian,"https://d20zyr0oabjxc2.cloudfront.net/variants/media/raw_images/wasatchgeckos/2024/10/20241025020727.254-IMG_4543-396x396c.jpeg?signature=64EAFEB09D7A2ECAD0941C1889C3C095F886D5FDC40F353F039BDE769056F813 2x, https://d20zyr0oabjxc2.cloudfront.net/variants/media/raw_images/wasatchgeckos/2024/10/20241025020727.254-IMG_4543-198x198c.jpeg?signature=84824719897631C84C05B00479879916CD8672D78B689FBC32F03AEC1AABB528 1x",/us/c/reptiles/lizards/crested-geckos/2675956,,"https://d20zyr0oabjxc2.cloudfront.net/variants/media/raw_images/wasatchgeckos/2024/10/20241025020727.254-IMG_4543-396x396c.jpeg?signature=64EAFEB09D7A2ECAD0941C1889C3C095F886D5FDC40F353F039BDE769056F813 2x, https://d20zyr0oabjxc2.cloudfront.net/variants/media/raw_images/wasatchgeckos/2024/10/20241025020727.254-IMG_4543-198x198c.jpeg?signature=84824719897631C84C05B00479879916CD8672D78B689FBC32F03AEC1AABB528 1x",
Phantom dalmatian,dalmatian,"https://d20zyr0oabjxc2.cloudfront.net/variants/media/raw_images/geckoemporium/2024/01/20240111222340.377-20240111_170053-396x396c.jpeg?signature=DE0154857EE481FC9994F61E688CC27E0A2500CF91DA23BC0F5D71214666DC38 2x, https://d20zyr0oabjxc2.cloudfront.net/variants/media/raw_images/geckoemporium/2024/01/20240111222340.377-20240111_170053-198x198c.jpeg?signature=17EAF1A6C962814BE08D4F91FD87CB31BBBF57C7ECE131BC130CD7DCF1B7D03C 1x",/us/c/reptiles/lizards/crested-geckos/2105723,,"https://d20zyr0oabjxc2.cloudfront.net/variants/media/raw_images/geckoemporium/2024/01/20240111222340.377-20240111_170053-396x396c.jpeg?signature=DE0154857EE481FC9994F61E688CC27E0A2500CF91DA23BC0F5D71214666DC38 2x, https://d20zyr0oabjxc2.cloudfront.net/variants/media/raw_images/geckoemporium/2024/01/20240111222340.377-20240111_170053-198x198c.jpeg?signature=17EAF1A6C962814BE08D4F91FD87CB31BBBF57C7ECE131BC130CD7DCF1B7D03C 1x",
Orange Male dalmatian,dalmatian,"https://d20zyr0oabjxc2.cloudfront.net/variants/media/raw_images/geckoemporium/2024/05/20240501181733.742-20240425_164828-396x396c.jpeg?signature=088C88BCE1BDB5A154C3EDA683DB616CCCFA5A703D8F22397CC76C5368502EED 2x, https://d20zyr0oabjxc2.cloudfront.net/variants/media/raw_images/geckoemporium/2024/05/20240501181733.742-20240425_164828-198x198c.jpeg?signature=179DAE8107714361DDAFEE9FF92C65EC22CE1ECD896D88DCF3C9FE0554C23B80 1x",/us/c/reptiles/lizards/crested-geckos/2308072,,"https://d20zyr0oabjxc2.cloudfront.net/variants/media/raw_images/geckoemporium/2024/05/20240501181733.742-20240425_164828-396x396c.jpeg?signature=088C88BCE1BDB5A154C3EDA683DB616CCCFA5A703D8F22397CC76C5368502EED 2x, https://d20zyr0oabjxc2.cloudfront.net/variants/media/raw_images/geckoemporium/2024/05/20240501181733.742-20240425_164828-198x198c.jpeg?signature=179DAE8107714361DDAFEE9FF92C65EC22CE1ECD896D88DCF3C9FE0554C23B80 1x",
Yellow Phantom dalmatian,Yellow dalmatian,"https://d20zyr0oabjxc2.cloudfront.net/variants/media/raw_images/serenitydragons/2024/10/20241025002118.665-1000004116-396x396c.jpeg?signature=B11BDA7C683E5C221F84A06E7945298D6A128EDC9BF2C3AE824C91EA254B6D7D 2x, https://d20zyr0oabjxc2.cloudfront.net/variants/media/raw_images/serenitydragons/2024/10/20241025002118.665-1000004116-198x198c.jpeg?signature=8007D841937AA3F3C31733BC90BD583249D1984B0497448B7E288B1C96807580 1x",/us/c/reptiles/lizards/crested-geckos/2675754,,"https://d20zyr0oabjxc2.cloudfront.net/variants/media/raw_images/serenitydragons/2024/10/20241025002118.665-1000004116-396x396c.jpeg?signature=B11BDA7C683E5C221F84A06E7945298D6A128EDC9BF2C3AE824C91EA254B6D7D 2x, https://d20zyr0oabjxc2.cloudfront.net/variants/media/raw_images/serenitydragons/2024/10/20241025002118.665-1000004116-198x198c.jpeg?signature=8007D841937AA3F3C31733BC90BD583249D1984B0497448B7E288B1C96807580 1x",
dalmatian Cappuccino,dalmatian,"https://d20zyr0oabjxc2.cloudfront.net/variants/media/raw_images/the_derpy_gecko/2024/08/20240822190203.702-IMG_6600-396x396c.jpeg?signature=4340AB1300FEEF3DE7D466264FEA01A5819496B343E33B487D279EBCAABBDC0E 2x, https://d20zyr0oabjxc2.cloudfront.net/variants/media/raw_images/the_derpy_gecko/2024/08/20240822190203.702-IMG_6600-198x198c.jpeg?signature=C385320B1CCA944C84A97F15916438A341E586D2B91E1CF154EAB3239B27537A 1x",/us/c/reptiles/lizards/crested-geckos/2319043,,"https://d20zyr0oabjxc2.cloudfront.net/variants/media/raw_images/the_derpy_gecko/2024/08/20240822190203.702-IMG_6600-396x396c.jpeg?signature=4340AB1300FEEF3DE7D466264FEA01A5819496B343E33B487D279EBCAABBDC0E 2x, https://d20zyr0oabjxc2.cloudfront.net/variants/media/raw_images/the_derpy_gecko/2024/08/20240822190203.702-IMG_6600-198x198c.jpeg?signature=C385320B1CCA944C84A97F15916438A341E586D2B91E1CF154EAB3239B27537A 1x",
Red Patternless dalmatian,Red dalmatian,"https://d20zyr0oabjxc2.cloudfront.net/variants/media/raw_images/cmarky/2024/09/20240927235506.341-20240922232558_IMG_0-396x396c.jpeg?signature=7BB773A91FF67D546077CCB34222EAD2BE579D0E4D0F529C4BCB291AD0E27F63 2x, https://d20zyr0oabjxc2.cloudfront.net/variants/media/raw_images/cmarky/2024/09/20240927235506.341-20240922232558_IMG_0-198x198c.jpeg?signature=640E3421E96A5A8C04288B837D9BBC190F8BEEB5B66B5EE69FBC2CEC98F9B6BD 1x",/us/c/reptiles/lizards/crested-geckos/2612019,,"https://d20zyr0oabjxc2.cloudfront.net/variants/media/raw_images/cmarky/2024/09/20240927235506.341-20240922232558_IMG_0-396x396c.jpeg?signature=7BB773A91FF67D546077CCB34222EAD2BE579D0E4D0F529C4BCB291AD0E27F63 2x, https://d20zyr0oabjxc2.cloudfront.net/variants/media/raw_images/cmarky/2024/09/20240927235506.341-20240922232558_IMG_0-198x198c.jpeg?signature=640E3421E96A5A8C04288B837D9BBC190F8BEEB5B66B5EE69FBC2CEC98F9B6BD 1x",
Dark dalmatian,Dark dalmatian,"https://d20zyr0oabjxc2.cloudfront.net/variants/media/raw_images/alistanimals/2024/03/20240307213835.578-PXL_20240307_2128222-396x396c.jpeg?signature=3C9CCB8EAD31D2D44A2539F3B49546CD46ABC9A0F6F48A35EB189510AAC7E84C 2x, https://d20zyr0oabjxc2.cloudfront.net/variants/media/raw_images/alistanimals/2024/03/20240307213835.578-PXL_20240307_2128222-198x198c.jpeg?signature=20BD3BCEA0C9567A5DF437EAE77E047CF2535C638B9A228C2DB03D949AAB9357 1x",/us/c/reptiles/lizards/crested-geckos/2212238,,"https://d20zyr0oabjxc2.cloudfront.net/variants/media/raw_images/alistanimals/2024/03/20240307213835.578-PXL_20240307_2128222-396x396c.jpeg?signature=3C9CCB8EAD31D2D44A2539F3B49546CD46ABC9A0F6F48A35EB189510AAC7E84C 2x, https://d20zyr0oabjxc2.cloudfront.net/variants/media/raw_images/alistanimals/2024/03/20240307213835.578-PXL_20240307_2128222-198x198c.jpeg?signature=20BD3BCEA0C9567A5DF437EAE77E047CF2535C638B9A228C2DB03D949AAB9357 1x",
Yellow dalmatian Male,Yellow dalmatian,"https://d20zyr0oabjxc2.cloudfront.net/variants/media/raw_images/crestside_geckos/2024/10/20241024062808.90-DSC08289-396x396c.jpeg?signature=31210B9A3D439AE5B3A6255D0F00D5ED527B59DEBC6DEB6E17FFF5DD00EC0E5D 2x, https://d20zyr0oabjxc2.cloudfront.net/variants/media/raw_images/crestside_geckos/2024/10/20241024062808.90-DSC08289-198x198c.jpeg?signature=D46169AEE50971E849E00AAA5626596A6B6EB7258D2E712353DF65647F1EE6C2 1x",/us/c/reptiles/lizards/crested-geckos/2673477,,"https://d20zyr0oabjxc2.cloudfront.net/variants/media/raw_images/crestside_geckos/2024/10/20241024062808.90-DSC08289-396x396c.jpeg?signature=31210B9A3D439AE5B3A6255D0F00D5ED527B59DEBC6DEB6E17FFF5DD00EC0E5D 2x, https://d20zyr0oabjxc2.cloudfront.net/variants/media/raw_images/crestside_geckos/2024/10/20241024062808.90-DSC08289-198x198c.jpeg?signature=D46169AEE50971E849E00AAA5626596A6B6EB7258D2E712353DF65647F1EE6C2 1x",
Super dalmatian Male,dalmatian,"https://d20zyr0oabjxc2.cloudfront.net/variants/media/raw_images/crestside_geckos/2024/10/20241024061438.480-DSC08286-396x396c.jpeg?signature=FE168B6094720F7BCC957C21A311135A75B09426051C3D4746AEECA5CF6E49CD 2x, https://d20zyr0oabjxc2.cloudfront.net/variants/media/raw_images/crestside_geckos/2024/10/20241024061438.480-DSC08286-198x198c.jpeg?signature=5B1F074F0B53EF37D761B73BBACE34CAA3F0DB6D58416E134D88A0F7BFD60DF5 1x",/us/c/reptiles/lizards/crested-geckos/2673464,,"https://d20zyr0oabjxc2.cloudfront.net/variants/media/raw_images/crestside_geckos/2024/10/20241024061438.480-DSC08286-396x396c.jpeg?signature=FE168B6094720F7BCC957C21A311135A75B09426051C3D4746AEECA5CF6E49CD 2x, https://d20zyr0oabjxc2.cloudfront.net/variants/media/raw_images/crestside_geckos/2024/10/20241024061438.480-DSC08286-198x198c.jpeg?signature=5B1F074F0B53EF37D761B73BBACE34CAA3F0DB6D58416E134D88A0F7BFD60DF5 1x",
Ink Spot & Green Spot Super dalmatian,dalmatian,"https://d20zyr0oabjxc2.cloudfront.net/variants/media/raw_images/echo_cheng/2024/08/20240821195815.523-IMG_3517-396x396c.jpeg?signature=9091A49B3F66F0F49ABC6829B5891B9F399BEE40B33C2623EE21AA50B99FCF46 2x, https://d20zyr0oabjxc2.cloudfront.net/variants/media/raw_images/echo_cheng/2024/08/20240821195815.523-IMG_3517-198x198c.jpeg?signature=5BFF94A5F4B83CF7829B5FB52E668875D136288CB9DE65C1144541DADBBE93C0 1x",/us/c/reptiles/lizards/crested-geckos/2102771,,"https://d20zyr0oabjxc2.cloudfront.net/variants/media/raw_images/echo_cheng/2024/08/20240821195815.523-IMG_3517-396x396c.jpeg?signature=9091A49B3F66F0F49ABC6829B5891B9F399BEE40B33C2623EE21AA50B99FCF46 2x, https://d20zyr0oabjxc2.cloudfront.net/variants/media/raw_images/echo_cheng/2024/08/20240821195815.523-IMG_3517-198x198c.jpeg?signature=5BFF94A5F4B83CF7829B5FB52E668875D136288CB9DE65C1144541DADBBE93C0 1x",
SrSu8 - dalmatian With Some Lineage,dalmatian,"https://d20zyr0oabjxc2.cloudfront.net/variants/media/raw_images/gingersgeckos/2024/10/20241005021225.541-F7E37505-E5CD-4A00-B-396x396c.jpeg?signature=E9B82F0A5780B4E36E7FF4F56D29769C77A5DFCC5252B374FBD2BB03064E589C 2x, https://d20zyr0oabjxc2.cloudfront.net/variants/media/raw_images/gingersgeckos/2024/10/20241005021225.541-F7E37505-E5CD-4A00-B-198x198c.jpeg?signature=4E67D3409A4710626BADBA13A9BCFAA6C9F341F2CE634A4E39DD165FA8F888D0 1x",/us/c/reptiles/lizards/crested-geckos/2398227,,"https://d20zyr0oabjxc2.cloudfront.net/variants/media/raw_images/gingersgeckos/2024/10/20241005021225.541-F7E37505-E5CD-4A00-B-396x396c.jpeg?signature=E9B82F0A5780B4E36E7FF4F56D29769C77A5DFCC5252B374FBD2BB03064E589C 2x, https://d20zyr0oabjxc2.cloudfront.net/variants/media/raw_images/gingersgeckos/2024/10/20241005021225.541-F7E37505-E5CD-4A00-B-198x198c.jpeg?signature=4E67D3409A4710626BADBA13A9BCFAA6C9F341F2CE634A4E39DD165FA8F888D0 1x",
SrSu6 - dalmatian With Some Lineage,dalmatian,"https://d20zyr0oabjxc2.cloudfront.net/variants/media/raw_images/gingersgeckos/2024/10/20241005021323.993-AC56E465-74A1-47C9-B-396x396c.jpeg?signature=7603A0FC24D87DDF9EE6EDFD07C08ACB60EBA03488B2171B20396C76660C987F 2x, https://d20zyr0oabjxc2.cloudfront.net/variants/media/raw_images/gingersgeckos/2024/10/20241005021323.993-AC56E465-74A1-47C9-B-198x198c.jpeg?signature=3CAF7CDB7B4ED3C1DE49E08452A929B9375BDC96152D997E34703351C1EABE73 1x",/us/c/reptiles/lizards/crested-geckos/2398200,,"https://d20zyr0oabjxc2.cloudfront.net/variants/media/raw_images/gingersgeckos/2024/10/20241005021323.993-AC56E465-74A1-47C9-B-396x396c.jpeg?signature=7603A0FC24D87DDF9EE6EDFD07C08ACB60EBA03488B2171B20396C76660C987F 2x, https://d20zyr0oabjxc2.cloudfront.net/variants/media/raw_images/gingersgeckos/2024/10/20241005021323.993-AC56E465-74A1-47C9-B-198x198c.jpeg?signature=3CAF7CDB7B4ED3C1DE49E08452A929B9375BDC96152D997E34703351C1EABE73 1x",
SrSu5 - dalmatian With Some Lineage,dalmatian,"https://d20zyr0oabjxc2.cloudfront.net/variants/media/raw_images/gingersgeckos/2024/10/20241005021512.888-IMG_94881-396x396c.jpeg?signature=53F943D43F8A4951A5C0AEF47DB30E683A067A5E058BFD3CD2CEBA4B582C2DCF 2x, https://d20zyr0oabjxc2.cloudfront.net/variants/media/raw_images/gingersgeckos/2024/10/20241005021512.888-IMG_94881-198x198c.jpeg?signature=FF0B6A11A8558E15AF4C2BD4FA83255FD0B75FD1529F0774205E697B96CA29BD 1x",/us/c/reptiles/lizards/crested-geckos/2398192,,"https://d20zyr0oabjxc2.cloudfront.net/variants/media/raw_images/gingersgeckos/2024/10/20241005021512.888-IMG_94881-396x396c.jpeg?signature=53F943D43F8A4951A5C0AEF47DB30E683A067A5E058BFD3CD2CEBA4B582C2DCF 2x, https://d20zyr0oabjxc2.cloudfront.net/variants/media/raw_images/gingersgeckos/2024/10/20241005021512.888-IMG_94881-198x198c.jpeg?signature=FF0B6A11A8558E15AF4C2BD4FA83255FD0B75FD1529F0774205E697B96CA29BD 1x",
SrSu3 - dalmatian With Some Lineage,dalmatian,"https://d20zyr0oabjxc2.cloudfront.net/variants/media/raw_images/gingersgeckos/2024/10/20241005021417.803-340ED7EC-2C09-4F8C-8-396x396c.jpeg?signature=D90DAA02E86248645851252D709E0283AEA807805CFDCAE710CC05830021B9DD 2x, https://d20zyr0oabjxc2.cloudfront.net/variants/media/raw_images/gingersgeckos/2024/10/20241005021417.803-340ED7EC-2C09-4F8C-8-198x198c.jpeg?signature=EFBA6B7855B3524505D792BEFEE450334628DCE1E993B9E1011AC44A78BD3034 1x",/us/c/reptiles/lizards/crested-geckos/2398207,,"https://d20zyr0oabjxc2.cloudfront.net/variants/media/raw_images/gingersgeckos/2024/10/20241005021417.803-340ED7EC-2C09-4F8C-8-396x396c.jpeg?signature=D90DAA02E86248645851252D709E0283AEA807805CFDCAE710CC05830021B9DD 2x, https://d20zyr0oabjxc2.cloudfront.net/variants/media/raw_images/gingersgeckos/2024/10/20241005021417.803-340ED7EC-2C09-4F8C-8-198x198c.jpeg?signature=EFBA6B7855B3524505D792BEFEE450334628DCE1E993B9E1011AC44A78BD3034 1x",
dalmatian Yuki X Echo,dalmatian,"https://d20zyr0oabjxc2.cloudfront.net/variants/media/raw_images/reptiletropicsllc/2024/10/20241024034744.59-Rt-35-24CEchoxYuki-396x396c.jpeg?signature=B1F212EFA23BFCABE3ED3CF7BE593641899140227F69C4A5F3F13B41C6BE2F7D 2x, https://d20zyr0oabjxc2.cloudfront.net/variants/media/raw_images/reptiletropicsllc/2024/10/20241024034744.59-Rt-35-24CEchoxYuki-198x198c.jpeg?signature=3EC3EC2B0069D161390C55F9794908618E2EA313C248C1214B9C44407CE3C365 1x",/us/c/reptiles/lizards/crested-geckos/2673351,,"https://d20zyr0oabjxc2.cloudfront.net/variants/media/raw_images/reptiletropicsllc/2024/10/20241024034744.59-Rt-35-24CEchoxYuki-396x396c.jpeg?signature=B1F212EFA23BFCABE3ED3CF7BE593641899140227F69C4A5F3F13B41C6BE2F7D 2x, https://d20zyr0oabjxc2.cloudfront.net/variants/media/raw_images/reptiletropicsllc/2024/10/20241024034744.59-Rt-35-24CEchoxYuki-198x198c.jpeg?signature=3EC3EC2B0069D161390C55F9794908618E2EA313C248C1214B9C44407CE3C365 1x",
Red Confetti Super dalmatian,Red dalmatian,"https://d20zyr0oabjxc2.cloudfront.net/variants/media/raw_images/geminidragons/2024/09/20240930035025.780-IMG_4146-396x396c.jpeg?signature=5D851F8C8A2E9B87BC9D46EB822DA87DA64A4ECEEF7ACEC62FC1971744849CEB 2x, https://d20zyr0oabjxc2.cloudfront.net/variants/media/raw_images/geminidragons/2024/09/20240930035025.780-IMG_4146-198x198c.jpeg?signature=D028C1638C47909F13170BB749F8240A8BC5D8CC978CA3D6471FF5F96811E294 1x",/us/c/reptiles/lizards/crested-geckos/2264443,,"https://d20zyr0oabjxc2.cloudfront.net/variants/media/raw_images/geminidragons/2024/09/20240930035025.780-IMG_4146-396x396c.jpeg?signature=5D851F8C8A2E9B87BC9D46EB822DA87DA64A4ECEEF7ACEC62FC1971744849CEB 2x, https://d20zyr0oabjxc2.cloudfront.net/variants/media/raw_images/geminidragons/2024/09/20240930035025.780-IMG_4146-198x198c.jpeg?signature=D028C1638C47909F13170BB749F8240A8BC5D8CC978CA3D6471FF5F96811E294 1x",
Tan dalmatian Crested Gecko #392,dalmatian,"https://d20zyr0oabjxc2.cloudfront.net/variants/media/raw_images/olympianexotics/2024/09/20240918022448.383-1000026810-396x396c.jpeg?signature=3519A7552345E27DF348E68FD8ECB006EDB7C23C7CB5A1213C6AB9D9A50AE745 2x, https://d20zyr0oabjxc2.cloudfront.net/variants/media/raw_images/olympianexotics/2024/09/20240918022448.383-1000026810-198x198c.jpeg?signature=DFD6C8813148BE9FCD972E510F9435FA297645BCFDCAABE30F3200A2550E4EB0 1x",/us/c/reptiles/lizards/crested-geckos/2587710,,"https://d20zyr0oabjxc2.cloudfront.net/variants/media/raw_images/olympianexotics/2024/09/20240918022448.383-1000026810-396x396c.jpeg?signature=3519A7552345E27DF348E68FD8ECB006EDB7C23C7CB5A1213C6AB9D9A50AE745 2x, https://d20zyr0oabjxc2.cloudfront.net/variants/media/raw_images/olympianexotics/2024/09/20240918022448.383-1000026810-198x198c.jpeg?signature=DFD6C8813148BE9FCD972E510F9435FA297645BCFDCAABE30F3200A2550E4EB0 1x",
Red Base Red Spot dalmatian,Red Red dalmatian,"https://d20zyr0oabjxc2.cloudfront.net/variants/media/raw_images/crittercovefl/2024/10/20241003021945.798-IMG_0139-396x396c.jpeg?signature=D875DD07E4058591E3C703BA07C565C4E180195015903EE05D715C350CEC6777 2x, https://d20zyr0oabjxc2.cloudfront.net/variants/media/raw_images/crittercovefl/2024/10/20241003021945.798-IMG_0139-198x198c.jpeg?signature=2BE80ECFB6AB14741168DF7CCA6A48C0D15152EC69DA3C015EED63C31DF40373 1x",/us/c/reptiles/lizards/crested-geckos/2624601,,"https://d20zyr0oabjxc2.cloudfront.net/variants/media/raw_images/crittercovefl/2024/10/20241003021945.798-IMG_0139-396x396c.jpeg?signature=D875DD07E4058591E3C703BA07C565C4E180195015903EE05D715C350CEC6777 2x, https://d20zyr0oabjxc2.cloudfront.net/variants/media/raw_images/crittercovefl/2024/10/20241003021945.798-IMG_0139-198x198c.jpeg?signature=2BE80ECFB6AB14741168DF7CCA6A48C0D15152EC69DA3C015EED63C31DF40373 1x",
Tangerine Phantom dalmatian,dalmatian,"https://d20zyr0oabjxc2.cloudfront.net/variants/media/raw_images/crittercovefl/2024/10/20241003020101.96-IMG_0090-396x396c.jpeg?signature=C31AC097146F6C2F748F3BF41B6CF961E7B30277AFD87CE9072E41BD2231E06E 2x, https://d20zyr0oabjxc2.cloudfront.net/variants/media/raw_images/crittercovefl/2024/10/20241003020101.96-IMG_0090-198x198c.jpeg?signature=8D377D6F0BDE2B1856EB4CAFB7303E3B37AF35E521FE937A04A1602CA7DE03AB 1x",/us/c/reptiles/lizards/crested-geckos/2624543,,"https://d20zyr0oabjxc2.cloudfront.net/variants/media/raw_images/crittercovefl/2024/10/20241003020101.96-IMG_0090-396x396c.jpeg?signature=C31AC097146F6C2F748F3BF41B6CF961E7B30277AFD87CE9072E41BD2231E06E 2x, https://d20zyr0oabjxc2.cloudfront.net/variants/media/raw_images/crittercovefl/2024/10/20241003020101.96-IMG_0090-198x198c.jpeg?signature=8D377D6F0BDE2B1856EB4CAFB7303E3B37AF35E521FE937A04A1602CA7DE03AB 1x",
Red Phantom dalmatian,Red dalmatian,"https://d20zyr0oabjxc2.cloudfront.net/variants/media/raw_images/crittercovefl/2024/10/20241003013818.252-IMG_0069-396x396c.jpeg?signature=3E3437EB9CA334A0DB11106B3FC05C70497207BB2C4EF830F12A63E271D41452 2x, https://d20zyr0oabjxc2.cloudfront.net/variants/media/raw_images/crittercovefl/2024/10/20241003013818.252-IMG_0069-198x198c.jpeg?signature=44F8E43C811C5F1FCD8356AC0C316C78B4935802D9E488B8654E353DCBCB01F6 1x",/us/c/reptiles/lizards/crested-geckos/2624479,,"https://d20zyr0oabjxc2.cloudfront.net/variants/media/raw_images/crittercovefl/2024/10/20241003013818.252-IMG_0069-396x396c.jpeg?signature=3E3437EB9CA334A0DB11106B3FC05C70497207BB2C4EF830F12A63E271D41452 2x, https://d20zyr0oabjxc2.cloudfront.net/variants/media/raw_images/crittercovefl/2024/10/20241003013818.252-IMG_0069-198x198c.jpeg?signature=44F8E43C811C5F1FCD8356AC0C316C78B4935802D9E488B8654E353DCBCB01F6 1x",
dalmatian High White Tri-Color,dalmatian,"https://d20zyr0oabjxc2.cloudfront.net/variants/media/raw_images/devonfann/2024/08/20240813012556.631-1000000196-396x396c.jpeg?signature=AFE4911F4A1A4CB264DC80927046629B037317D3964FA5190D89D1BAF4DF5363 2x, https://d20zyr0oabjxc2.cloudfront.net/variants/media/raw_images/devonfann/2024/08/20240813012556.631-1000000196-198x198c.jpeg?signature=348E33E8D3ADE6599526B3484D214F36C41C978E5F7487659BC13DCCADEB8081 1x",/us/c/reptiles/lizards/crested-geckos/2495274,,"https://d20zyr0oabjxc2.cloudfront.net/variants/media/raw_images/devonfann/2024/08/20240813012556.631-1000000196-396x396c.jpeg?signature=AFE4911F4A1A4CB264DC80927046629B037317D3964FA5190D89D1BAF4DF5363 2x, https://d20zyr0oabjxc2.cloudfront.net/variants/media/raw_images/devonfann/2024/08/20240813012556.631-1000000196-198x198c.jpeg?signature=348E33E8D3ADE6599526B3484D214F36C41C978E5F7487659BC13DCCADEB8081 1x",
SrSu 2 Dark dalmatian With Some Lineage,Dark dalmatian,"https://d20zyr0oabjxc2.cloudfront.net/variants/media/raw_images/gingersgeckos/2024/10/20241005021935.592-AD61B024-DC02-473A-9-396x396c.jpeg?signature=F71448237E5E33EE6336DA4BB79F83E69646F8655783FC2A38EF4CFC5EDB8C24 2x, https://d20zyr0oabjxc2.cloudfront.net/variants/media/raw_images/gingersgeckos/2024/10/20241005021935.592-AD61B024-DC02-473A-9-198x198c.jpeg?signature=083D6BF8219AAD0114F75B8360C8EDEBEBB4663359F3E543DF3D777B1318788E 1x",/us/c/reptiles/lizards/crested-geckos/2616754,,"https://d20zyr0oabjxc2.cloudfront.net/variants/media/raw_images/gingersgeckos/2024/10/20241005021935.592-AD61B024-DC02-473A-9-396x396c.jpeg?signature=F71448237E5E33EE6336DA4BB79F83E69646F8655783FC2A38EF4CFC5EDB8C24 2x, https://d20zyr0oabjxc2.cloudfront.net/variants/media/raw_images/gingersgeckos/2024/10/20241005021935.592-AD61B024-DC02-473A-9-198x198c.jpeg?signature=083D6BF8219AAD0114F75B8360C8EDEBEBB4663359F3E543DF3D777B1318788E 1x",
Dark dalmatian From Red And Yellow Parents,Dark dalmatian Red Yellow,"https://d20zyr0oabjxc2.cloudfront.net/variants/media/raw_images/katerxw/2024/08/20240812232330.640-1000054947-396x396c.jpeg?signature=A9DC94E8F5D53BB11107F589BF1E13BD53C0F89081FAA3C9276AF95A044678C2 2x, https://d20zyr0oabjxc2.cloudfront.net/variants/media/raw_images/katerxw/2024/08/20240812232330.640-1000054947-198x198c.jpeg?signature=1A595B3B1CBF70C360B5EBF7505B9792AE617570303BDEDCBA03E69BDA747404 1x",/us/c/reptiles/lizards/crested-geckos/2494968,,"https://d20zyr0oabjxc2.cloudfront.net/variants/media/raw_images/katerxw/2024/08/20240812232330.640-1000054947-396x396c.jpeg?signature=A9DC94E8F5D53BB11107F589BF1E13BD53C0F89081FAA3C9276AF95A044678C2 2x, https://d20zyr0oabjxc2.cloudfront.net/variants/media/raw_images/katerxw/2024/08/20240812232330.640-1000054947-198x198c.jpeg?signature=1A595B3B1CBF70C360B5EBF7505B9792AE617570303BDEDCBA03E69BDA747404 1x",
Bourbon - Orange dalmatian,dalmatian,"https://d20zyr0oabjxc2.cloudfront.net/variants/media/raw_images/momabear24/2024/06/20240601223855.553-IMG_3487-396x396c.jpeg?signature=504853648436B87DBEA2EEE8EA4187E8F8E988621EE5E3FBF1D70C944214A81B 2x, https://d20zyr0oabjxc2.cloudfront.net/variants/media/raw_images/momabear24/2024/06/20240601223855.553-IMG_3487-198x198c.jpeg?signature=47941562713DE8656866B4CBE8497F9CCB7AB1C89F4CBD05038991C6837F9A81 1x",/us/c/reptiles/lizards/crested-geckos/2354068,,"https://d20zyr0oabjxc2.cloudfront.net/variants/media/raw_images/momabear24/2024/06/20240601223855.553-IMG_3487-396x396c.jpeg?signature=504853648436B87DBEA2EEE8EA4187E8F8E988621EE5E3FBF1D70C944214A81B 2x, https://d20zyr0oabjxc2.cloudfront.net/variants/media/raw_images/momabear24/2024/06/20240601223855.553-IMG_3487-198x198c.jpeg?signature=47941562713DE8656866B4CBE8497F9CCB7AB1C89F4CBD05038991C6837F9A81 1x",
SrSu9 - Dark dalmatian With Some Lineage,Dark dalmatian,"https://d20zyr0oabjxc2.cloudfront.net/variants/media/raw_images/gingersgeckos/2024/09/20240929223455.617-IMG_9481-396x396c.jpeg?signature=E54568F1E1E2F250B69651933DEC09634E20630E8C75B8D55EFA763D6DE18411 2x, https://d20zyr0oabjxc2.cloudfront.net/variants/media/raw_images/gingersgeckos/2024/09/20240929223455.617-IMG_9481-198x198c.jpeg?signature=0C6F06F6152DBA8F67E9AF64111919AF19B6A8550F3BE3CC3CD72B378DF3D62D 1x",/us/c/reptiles/lizards/crested-geckos/2616350,,"https://d20zyr0oabjxc2.cloudfront.net/variants/media/raw_images/gingersgeckos/2024/09/20240929223455.617-IMG_9481-396x396c.jpeg?signature=E54568F1E1E2F250B69651933DEC09634E20630E8C75B8D55EFA763D6DE18411 2x, https://d20zyr0oabjxc2.cloudfront.net/variants/media/raw_images/gingersgeckos/2024/09/20240929223455.617-IMG_9481-198x198c.jpeg?signature=0C6F06F6152DBA8F67E9AF64111919AF19B6A8550F3BE3CC3CD72B378DF3D62D 1x",
RTB Great Linage dalmatian,dalmatian,"https://d20zyr0oabjxc2.cloudfront.net/variants/media/raw_images/wasmith17/2024/09/20240926214216.834-IMG_8703-396x396c.jpeg?signature=05077707F6967DA87C663513FFB6A1C8C33AB910A44C42A6657962149931645F 2x, https://d20zyr0oabjxc2.cloudfront.net/variants/media/raw_images/wasmith17/2024/09/20240926214216.834-IMG_8703-198x198c.jpeg?signature=D903330423A608FAE245DEE337FDA2FFED26BEB667CE12482DB2CD37AE5242D0 1x",/us/c/reptiles/lizards/crested-geckos/2609377,,"https://d20zyr0oabjxc2.cloudfront.net/variants/media/raw_images/wasmith17/2024/09/20240926214216.834-IMG_8703-396x396c.jpeg?signature=05077707F6967DA87C663513FFB6A1C8C33AB910A44C42A6657962149931645F 2x, https://d20zyr0oabjxc2.cloudfront.net/variants/media/raw_images/wasmith17/2024/09/20240926214216.834-IMG_8703-198x198c.jpeg?signature=D903330423A608FAE245DEE337FDA2FFED26BEB667CE12482DB2CD37AE5242D0 1x",
Virgin Male Super dalmatian Great Lineage,dalmatian,"https://d20zyr0oabjxc2.cloudfront.net/variants/media/raw_images/gingersgeckos/2024/10/20241005015830.598-IMG_94581-396x396c.jpeg?signature=3A98A794BD8B0B55A9CA12ECD70D87292092BBCB13B279E6D40B22734FF6C291 2x, https://d20zyr0oabjxc2.cloudfront.net/variants/media/raw_images/gingersgeckos/2024/10/20241005015830.598-IMG_94581-198x198c.jpeg?signature=E42C0A1ACD4D056133A61CBBF99864C098AE91D9E836B5D670190A5D4D66CE3E 1x",/us/c/reptiles/lizards/crested-geckos/2616067,,"https://d20zyr0oabjxc2.cloudfront.net/variants/media/raw_images/gingersgeckos/2024/10/20241005015830.598-IMG_94581-396x396c.jpeg?signature=3A98A794BD8B0B55A9CA12ECD70D87292092BBCB13B279E6D40B22734FF6C291 2x, https://d20zyr0oabjxc2.cloudfront.net/variants/media/raw_images/gingersgeckos/2024/10/20241005015830.598-IMG_94581-198x198c.jpeg?signature=E42C0A1ACD4D056133A61CBBF99864C098AE91D9E836B5D670190A5D4D66CE3E 1x",
Insane Holdback Release Super dalmatian,dalmatian,"https://d20zyr0oabjxc2.cloudfront.net/variants/media/raw_images/sully33/2024/10/20241023203442.13-IMG_1253-396x396c.jpeg?signature=BDD6BD762FC4A8CF5D6B1D4AA528F6CCC4BE3532611741BB560A5EA06BF5D471 2x, https://d20zyr0oabjxc2.cloudfront.net/variants/media/raw_images/sully33/2024/10/20241023203442.13-IMG_1253-198x198c.jpeg?signature=4EF4D5DE0C7F7824D9BF7BA594CFD69BD582F6091AEA0FE02333F8819C6FE36D 1x",/us/c/reptiles/lizards/crested-geckos/2672297,,"https://d20zyr0oabjxc2.cloudfront.net/variants/media/raw_images/sully33/2024/10/20241023203442.13-IMG_1253-396x396c.jpeg?signature=BDD6BD762FC4A8CF5D6B1D4AA528F6CCC4BE3532611741BB560A5EA06BF5D471 2x, https://d20zyr0oabjxc2.cloudfront.net/variants/media/raw_images/sully33/2024/10/20241023203442.13-IMG_1253-198x198c.jpeg?signature=4EF4D5DE0C7F7824D9BF7BA594CFD69BD582F6091AEA0FE02333F8819C6FE36D 1x",
(M) Super dalmatian,dalmatian,"https://d20zyr0oabjxc2.cloudfront.net/variants/media/raw_images/bertopiageckos/2024/07/20240724032454.553-IMG_0467-396x396c.jpeg?signature=4D432CB367981B64CA06B2C79006BAB78592AEEBD927A1240D0B874BB8529BC9 2x, https://d20zyr0oabjxc2.cloudfront.net/variants/media/raw_images/bertopiageckos/2024/07/20240724032454.553-IMG_0467-198x198c.jpeg?signature=1FF400E4A110FD39D3682157E7AF919B74D4F6E8ACA502DCCA00CB12C878A1C7 1x",/us/c/reptiles/lizards/crested-geckos/2348412,,"https://d20zyr0oabjxc2.cloudfront.net/variants/media/raw_images/bertopiageckos/2024/07/20240724032454.553-IMG_0467-396x396c.jpeg?signature=4D432CB367981B64CA06B2C79006BAB78592AEEBD927A1240D0B874BB8529BC9 2x, https://d20zyr0oabjxc2.cloudfront.net/variants/media/raw_images/bertopiageckos/2024/07/20240724032454.553-IMG_0467-198x198c.jpeg?signature=1FF400E4A110FD39D3682157E7AF919B74D4F6E8ACA502DCCA00CB12C878A1C7 1x",
Super dalmatian,dalmatian,"https://d20zyr0oabjxc2.cloudfront.net/variants/media/raw_images/rugergirl612/2024/10/20241023194656.16-IMG_4778-396x396c.jpeg?signature=06AF33506C28DD8DEE218DE63763E55BD03D0F4150B685D816CFFFE097F01B70 2x, https://d20zyr0oabjxc2.cloudfront.net/variants/media/raw_images/rugergirl612/2024/10/20241023194656.16-IMG_4778-198x198c.jpeg?signature=0AAC059288D3592B79AC1878570251A7504F35ECED52C73C0E1A675D60C8B6B8 1x",/us/c/reptiles/lizards/crested-geckos/2672131,,"https://d20zyr0oabjxc2.cloudfront.net/variants/media/raw_images/rugergirl612/2024/10/20241023194656.16-IMG_4778-396x396c.jpeg?signature=06AF33506C28DD8DEE218DE63763E55BD03D0F4150B685D816CFFFE097F01B70 2x, https://d20zyr0oabjxc2.cloudfront.net/variants/media/raw_images/rugergirl612/2024/10/20241023194656.16-IMG_4778-198x198c.jpeg?signature=0AAC059288D3592B79AC1878570251A7504F35ECED52C73C0E1A675D60C8B6B8 1x",
Yellow dalmatian Crested Gecko Male,Yellow dalmatian,"https://d20zyr0oabjxc2.cloudfront.net/variants/media/raw_images/olympianexotics/2024/05/20240514183841.923-1000009857-396x396c.jpeg?signature=0B9137F3964BD9DAB07F6DEB49E5EE025020D362A1718B4ECC2A9611EDE5BDC1 2x, https://d20zyr0oabjxc2.cloudfront.net/variants/media/raw_images/olympianexotics/2024/05/20240514183841.923-1000009857-198x198c.jpeg?signature=9F6284DAB30880D20C6FD7A67A18D4D00CAC84D7C50E8FCD007787D0A38D04E1 1x",/us/c/reptiles/lizards/crested-geckos/2325605,,"https://d20zyr0oabjxc2.cloudfront.net/variants/media/raw_images/olympianexotics/2024/05/20240514183841.923-1000009857-396x396c.jpeg?signature=0B9137F3964BD9DAB07F6DEB49E5EE025020D362A1718B4ECC2A9611EDE5BDC1 2x, https://d20zyr0oabjxc2.cloudfront.net/variants/media/raw_images/olympianexotics/2024/05/20240514183841.923-1000009857-198x198c.jpeg?signature=9F6284DAB30880D20C6FD7A67A18D4D00CAC84D7C50E8FCD007787D0A38D04E1 1x",
Very Saturated Tricolor! - Moses X Dilly-dalmatianly,Dilly-dalmatianly,"https://d20zyr0oabjxc2.cloudfront.net/variants/media/raw_images/alxshi/2024/10/20241023142941.146-IMG_5997-396x396c.jpeg?signature=42F36B8FE8882BCB384E93216341ACEDE74F811FCD57D1B167CAB267343BC67C 2x, https://d20zyr0oabjxc2.cloudfront.net/variants/media/raw_images/alxshi/2024/10/20241023142941.146-IMG_5997-198x198c.jpeg?signature=04D85A265792CCE7867CE7161627017EE14EB36F28416DCA282617375C625D9F 1x",/us/c/reptiles/lizards/crested-geckos/2671085,,"https://d20zyr0oabjxc2.cloudfront.net/variants/media/raw_images/alxshi/2024/10/20241023142941.146-IMG_5997-396x396c.jpeg?signature=42F36B8FE8882BCB384E93216341ACEDE74F811FCD57D1B167CAB267343BC67C 2x, https://d20zyr0oabjxc2.cloudfront.net/variants/media/raw_images/alxshi/2024/10/20241023142941.146-IMG_5997-198x198c.jpeg?signature=04D85A265792CCE7867CE7161627017EE14EB36F28416DCA282617375C625D9F 1x",
Oodles X Lil- Super dalmatian,dalmatian,"https://d20zyr0oabjxc2.cloudfront.net/variants/media/raw_images/taraleighscresties/2024/01/20240124131814.994-IMG_5122-396x396c.jpeg?signature=4534A47F0B1D690D30AB3BC09EDB1889FE6031679091F6CA33E437AEBA64EFBC 2x, https://d20zyr0oabjxc2.cloudfront.net/variants/media/raw_images/taraleighscresties/2024/01/20240124131814.994-IMG_5122-198x198c.jpeg?signature=B9030209D9CB9C81331E634C5F6FEDE304009D527607CD21166F3AD007342066 1x",/us/c/reptiles/lizards/crested-geckos/1563081,,"https://d20zyr0oabjxc2.cloudfront.net/variants/media/raw_images/taraleighscresties/2024/01/20240124131814.994-IMG_5122-396x396c.jpeg?signature=4534A47F0B1D690D30AB3BC09EDB1889FE6031679091F6CA33E437AEBA64EFBC 2x, https://d20zyr0oabjxc2.cloudfront.net/variants/media/raw_images/taraleighscresties/2024/01/20240124131814.994-IMG_5122-198x198c.jpeg?signature=B9030209D9CB9C81331E634C5F6FEDE304009D527607CD21166F3AD007342066 1x",
Beautiful Yellow dalmatian W/ Inkspots,Yellow dalmatian,"https://d20zyr0oabjxc2.cloudfront.net/variants/media/raw_images/katerxw/2024/07/20240719020131.197-1000050660-396x396c.jpeg?signature=EF158B9FB0B7695719D665233CCC9288A92281C1A46CD020FB677500FA27B142 2x, https://d20zyr0oabjxc2.cloudfront.net/variants/media/raw_images/katerxw/2024/07/20240719020131.197-1000050660-198x198c.jpeg?signature=194AD5599B664E1823140B81D08A5092861A566B5A3BA9B40CB70D620949D6C8 1x",/us/c/reptiles/lizards/crested-geckos/2440912,,"https://d20zyr0oabjxc2.cloudfront.net/variants/media/raw_images/katerxw/2024/07/20240719020131.197-1000050660-396x396c.jpeg?signature=EF158B9FB0B7695719D665233CCC9288A92281C1A46CD020FB677500FA27B142 2x, https://d20zyr0oabjxc2.cloudfront.net/variants/media/raw_images/katerxw/2024/07/20240719020131.197-1000050660-198x198c.jpeg?signature=194AD5599B664E1823140B81D08A5092861A566B5A3BA9B40CB70D620949D6C8 1x",
2024 Ink Spot dalmatian,dalmatian,"https://d20zyr0oabjxc2.cloudfront.net/variants/media/raw_images/dbcb-exotics/2024/10/20241022222458.257-cg2419-396x396c.jpeg?signature=021B48449C15CF71BCE618384ECCFC2876EB8ABAFC6403F1CF333C7B375AE535 2x, https://d20zyr0oabjxc2.cloudfront.net/variants/media/raw_images/dbcb-exotics/2024/10/20241022222458.257-cg2419-198x198c.jpeg?signature=F2E65BAA1E073ECD2C9326BBAFC61E0634B38D6248C492194A6ABA10D0B56839 1x",/us/c/reptiles/lizards/crested-geckos/2669924,,"https://d20zyr0oabjxc2.cloudfront.net/variants/media/raw_images/dbcb-exotics/2024/10/20241022222458.257-cg2419-396x396c.jpeg?signature=021B48449C15CF71BCE618384ECCFC2876EB8ABAFC6403F1CF333C7B375AE535 2x, https://d20zyr0oabjxc2.cloudfront.net/variants/media/raw_images/dbcb-exotics/2024/10/20241022222458.257-cg2419-198x198c.jpeg?signature=F2E65BAA1E073ECD2C9326BBAFC61E0634B38D6248C492194A6ABA10D0B56839 1x",
Female Super dalmatian With Pale Base,dalmatian,"https://d20zyr0oabjxc2.cloudfront.net/variants/media/raw_images/sully33/2024/10/20241022201847.846-IMG_1227-396x396c.jpeg?signature=462F57868D8BFD8274F984C4EDE6F6E925791EBFA255CFA7FD1F119E425AB921 2x, https://d20zyr0oabjxc2.cloudfront.net/variants/media/raw_images/sully33/2024/10/20241022201847.846-IMG_1227-198x198c.jpeg?signature=D4027FDB937E5188056E9129A67B61525917530AA1F0A00F66917E173C2B3111 1x",/us/c/reptiles/lizards/crested-geckos/2669540,,"https://d20zyr0oabjxc2.cloudfront.net/variants/media/raw_images/sully33/2024/10/20241022201847.846-IMG_1227-396x396c.jpeg?signature=462F57868D8BFD8274F984C4EDE6F6E925791EBFA255CFA7FD1F119E425AB921 2x, https://d20zyr0oabjxc2.cloudfront.net/variants/media/raw_images/sully33/2024/10/20241022201847.846-IMG_1227-198x198c.jpeg?signature=D4027FDB937E5188056E9129A67B61525917530AA1F0A00F66917E173C2B3111 1x",
Pale Base dalmatian,dalmatian,"https://d20zyr0oabjxc2.cloudfront.net/variants/media/raw_images/sully33/2024/10/20241022200649.478-IMG_1220-396x396c.jpeg?signature=A6D9F3719299930DE5D196486DFF501D85B5A35F2ED337D0255C9C927B331C1C 2x, https://d20zyr0oabjxc2.cloudfront.net/variants/media/raw_images/sully33/2024/10/20241022200649.478-IMG_1220-198x198c.jpeg?signature=8C6EA2BBE498606F9AD62BBA44704A4082E407CA6FE1710661414FDCE59D4573 1x",/us/c/reptiles/lizards/crested-geckos/2669514,,"https://d20zyr0oabjxc2.cloudfront.net/variants/media/raw_images/sully33/2024/10/20241022200649.478-IMG_1220-396x396c.jpeg?signature=A6D9F3719299930DE5D196486DFF501D85B5A35F2ED337D0255C9C927B331C1C 2x, https://d20zyr0oabjxc2.cloudfront.net/variants/media/raw_images/sully33/2024/10/20241022200649.478-IMG_1220-198x198c.jpeg?signature=8C6EA2BBE498606F9AD62BBA44704A4082E407CA6FE1710661414FDCE59D4573 1x",
Male Super dalmatian Crested Gecko Cr-2060,dalmatian,"https://d20zyr0oabjxc2.cloudfront.net/variants/media/raw_images/pangeareptile/2024/04/20240425193742.865-Cr-2060Left-396x396c.jpeg?signature=92EFA1E1A27030CAFEE58B4A840AEC5E6F5AC79801066B74C552C891B1FE9020 2x, https://d20zyr0oabjxc2.cloudfront.net/variants/media/raw_images/pangeareptile/2024/04/20240425193742.865-Cr-2060Left-198x198c.jpeg?signature=53C5CBBB589FFADE0402C33226D1A7A9ED2C16284B34EA26B159B557BB6927CA 1x",/us/c/reptiles/lizards/crested-geckos/2294348,,"https://d20zyr0oabjxc2.cloudfront.net/variants/media/raw_images/pangeareptile/2024/04/20240425193742.865-Cr-2060Left-396x396c.jpeg?signature=92EFA1E1A27030CAFEE58B4A840AEC5E6F5AC79801066B74C552C891B1FE9020 2x, https://d20zyr0oabjxc2.cloudfront.net/variants/media/raw_images/pangeareptile/2024/04/20240425193742.865-Cr-2060Left-198x198c.jpeg?signature=53C5CBBB589FFADE0402C33226D1A7A9ED2C16284B34EA26B159B557BB6927CA 1x",
Confetti Lines Super dalmatian W/ Ports,dalmatian,"https://d20zyr0oabjxc2.cloudfront.net/variants/media/raw_images/sully33/2024/10/20241022192036.89-IMG_1208-396x396c.jpeg?signature=E91D9EFBD6737A2E478C37407BCC2DD8035CA625FDF2042E49654F1B00B39B9C 2x, https://d20zyr0oabjxc2.cloudfront.net/variants/media/raw_images/sully33/2024/10/20241022192036.89-IMG_1208-198x198c.jpeg?signature=0414377F7C529C1DCCFF2EF7CD4F14EF2F46D52F48009D1A08B7B04C7554823A 1x",/us/c/reptiles/lizards/crested-geckos/2669364,,"https://d20zyr0oabjxc2.cloudfront.net/variants/media/raw_images/sully33/2024/10/20241022192036.89-IMG_1208-396x396c.jpeg?signature=E91D9EFBD6737A2E478C37407BCC2DD8035CA625FDF2042E49654F1B00B39B9C 2x, https://d20zyr0oabjxc2.cloudfront.net/variants/media/raw_images/sully33/2024/10/20241022192036.89-IMG_1208-198x198c.jpeg?signature=0414377F7C529C1DCCFF2EF7CD4F14EF2F46D52F48009D1A08B7B04C7554823A 1x",
dalmatian Great Lineage,dalmatian,"https://d20zyr0oabjxc2.cloudfront.net/variants/media/raw_images/geckohaven/2024/07/20240726171231.319-ReLi111722f33g2-396x396c.jpeg?signature=CA26408541B4B858C543DD5B6FE50156D612F8A02D44EEE39887E784ACC568D5 2x, https://d20zyr0oabjxc2.cloudfront.net/variants/media/raw_images/geckohaven/2024/07/20240726171231.319-ReLi111722f33g2-198x198c.jpeg?signature=8991732625F587BDFCFC6FE8BB8B7BDDF4B891A3F567BBFE994BD71D5588EA67 1x",/us/c/reptiles/lizards/crested-geckos/2273357,,"https://d20zyr0oabjxc2.cloudfront.net/variants/media/raw_images/geckohaven/2024/07/20240726171231.319-ReLi111722f33g2-396x396c.jpeg?signature=CA26408541B4B858C543DD5B6FE50156D612F8A02D44EEE39887E784ACC568D5 2x, https://d20zyr0oabjxc2.cloudfront.net/variants/media/raw_images/geckohaven/2024/07/20240726171231.319-ReLi111722f33g2-198x198c.jpeg?signature=8991732625F587BDFCFC6FE8BB8B7BDDF4B891A3F567BBFE994BD71D5588EA67 1x",
Pos Female Yellow dalmatian ,Yellow dalmatian,"https://d20zyr0oabjxc2.cloudfront.net/variants/media/raw_images/ensoreptiles/2024/08/20240811185151.628-552E5214-D12D-4D91-8-396x396c.jpeg?signature=733C858B135BA7AC271E627C8B32A616F2D4DB54099CD19F6F5E09D10778B542 2x, https://d20zyr0oabjxc2.cloudfront.net/variants/media/raw_images/ensoreptiles/2024/08/20240811185151.628-552E5214-D12D-4D91-8-198x198c.jpeg?signature=35ADE1B6A2B30B5F78E649BA44EAEC69122125836449F9196769F7FBE1C032F0 1x",/us/c/reptiles/lizards/crested-geckos/2491938,,"https://d20zyr0oabjxc2.cloudfront.net/variants/media/raw_images/ensoreptiles/2024/08/20240811185151.628-552E5214-D12D-4D91-8-396x396c.jpeg?signature=733C858B135BA7AC271E627C8B32A616F2D4DB54099CD19F6F5E09D10778B542 2x, https://d20zyr0oabjxc2.cloudfront.net/variants/media/raw_images/ensoreptiles/2024/08/20240811185151.628-552E5214-D12D-4D91-8-198x198c.jpeg?signature=35ADE1B6A2B30B5F78E649BA44EAEC69122125836449F9196769F7FBE1C032F0 1x",
Holdback Release Confetti Line Super dalmatian,dalmatian,"https://d20zyr0oabjxc2.cloudfront.net/variants/media/raw_images/sully33/2024/10/20241022185103.356-IMG_1201-396x396c.jpeg?signature=6373D0356DF3C0CCDBA9A8577060232F6398D3022EEB4A66C44A36AF2BC7ED84 2x, https://d20zyr0oabjxc2.cloudfront.net/variants/media/raw_images/sully33/2024/10/20241022185103.356-IMG_1201-198x198c.jpeg?signature=DCA99BF5A4720663941E56DF628553B97EDE6AA98F0A7232AEE53F461FAAB697 1x",/us/c/reptiles/lizards/crested-geckos/2669291,,"https://d20zyr0oabjxc2.cloudfront.net/variants/media/raw_images/sully33/2024/10/20241022185103.356-IMG_1201-396x396c.jpeg?signature=6373D0356DF3C0CCDBA9A8577060232F6398D3022EEB4A66C44A36AF2BC7ED84 2x, https://d20zyr0oabjxc2.cloudfront.net/variants/media/raw_images/sully33/2024/10/20241022185103.356-IMG_1201-198x198c.jpeg?signature=DCA99BF5A4720663941E56DF628553B97EDE6AA98F0A7232AEE53F461FAAB697 1x",
Super dalmatian-red Flake Line,dalmatian-red,"https://d20zyr0oabjxc2.cloudfront.net/variants/media/raw_images/sharpset62/2022/08/20220824152531.686-IMG_6931-396x396c.jpeg?signature=5648D7B7CC5394218A6D667C7EA55117EB4E48C70B89CAE2FFA6F753EBDC78DA 2x, https://d20zyr0oabjxc2.cloudfront.net/variants/media/raw_images/sharpset62/2022/08/20220824152531.686-IMG_6931-198x198c.jpeg?signature=08F3AA1138F08FFCADDA4B6998D6F83568FF850D048D7CA3371008DB84F1362A 1x",/us/c/reptiles/lizards/crested-geckos/762660,,"https://d20zyr0oabjxc2.cloudfront.net/variants/media/raw_images/sharpset62/2022/08/20220824152531.686-IMG_6931-396x396c.jpeg?signature=5648D7B7CC5394218A6D667C7EA55117EB4E48C70B89CAE2FFA6F753EBDC78DA 2x, https://d20zyr0oabjxc2.cloudfront.net/variants/media/raw_images/sharpset62/2022/08/20220824152531.686-IMG_6931-198x198c.jpeg?signature=08F3AA1138F08FFCADDA4B6998D6F83568FF850D048D7CA3371008DB84F1362A 1x",
Red dalmatian,Red dalmatian,"https://d20zyr0oabjxc2.cloudfront.net/variants/media/raw_images/scalesfinsfeathers/2024/10/20241022183152.868-23153_Reddalmatian_M_top-396x396c.jpeg?signature=6531C253FBB793D35FA632F953804EC42736205B5BBBF57885A3BF17DABBD5DF 2x, https://d20zyr0oabjxc2.cloudfront.net/variants/media/raw_images/scalesfinsfeathers/2024/10/20241022183152.868-23153_Reddalmatian_M_top-198x198c.jpeg?signature=5FFEB6445564AA6DF8D3480F9B481CBBC441741E42CBD0EB5CA8FAEE81D660C1 1x",/us/c/reptiles/lizards/crested-geckos/2669117,,"https://d20zyr0oabjxc2.cloudfront.net/variants/media/raw_images/scalesfinsfeathers/2024/10/20241022183152.868-23153_Reddalmatian_M_top-396x396c.jpeg?signature=6531C253FBB793D35FA632F953804EC42736205B5BBBF57885A3BF17DABBD5DF 2x, https://d20zyr0oabjxc2.cloudfront.net/variants/media/raw_images/scalesfinsfeathers/2024/10/20241022183152.868-23153_Reddalmatian_M_top-198x198c.jpeg?signature=5FFEB6445564AA6DF8D3480F9B481CBBC441741E42CBD0EB5CA8FAEE81D660C1 1x",
True Red Spot Super dalmatian,Red dalmatian,"https://d20zyr0oabjxc2.cloudfront.net/variants/media/raw_images/kishescritters1/2024/08/20240820155544.522-IMG_6914-396x396c.jpeg?signature=BC4A0435AF8D8934D1850E18E7D9B07D93B11552B8859453AD4EF7F1A5DAD9C6 2x, https://d20zyr0oabjxc2.cloudfront.net/variants/media/raw_images/kishescritters1/2024/08/20240820155544.522-IMG_6914-198x198c.jpeg?signature=FFCCDEE7E22B9E39724F8EAB5AC9046C915776B07EF170F1CF0B6EB763BD2938 1x",/us/c/reptiles/lizards/crested-geckos/2512298,,"https://d20zyr0oabjxc2.cloudfront.net/variants/media/raw_images/kishescritters1/2024/08/20240820155544.522-IMG_6914-396x396c.jpeg?signature=BC4A0435AF8D8934D1850E18E7D9B07D93B11552B8859453AD4EF7F1A5DAD9C6 2x, https://d20zyr0oabjxc2.cloudfront.net/variants/media/raw_images/kishescritters1/2024/08/20240820155544.522-IMG_6914-198x198c.jpeg?signature=FFCCDEE7E22B9E39724F8EAB5AC9046C915776B07EF170F1CF0B6EB763BD2938 1x",
Amazing Super dalmatian W Confetti Spots,dalmatian,"https://d20zyr0oabjxc2.cloudfront.net/variants/media/raw_images/nateturenate/2024/10/20241022122723.546-IMG_0641-396x396c.jpeg?signature=0696830BD9370C7BA46026A7FA17414AF198E9ED75C2AC7A7500617AA8CAFE8B 2x, https://d20zyr0oabjxc2.cloudfront.net/variants/media/raw_images/nateturenate/2024/10/20241022122723.546-IMG_0641-198x198c.jpeg?signature=10F23CB89873989FDCCF4D6290BE814600A007D2B508C5A45313565E1E1404E4 1x",/us/c/reptiles/lizards/crested-geckos/2668046,,"https://d20zyr0oabjxc2.cloudfront.net/variants/media/raw_images/nateturenate/2024/10/20241022122723.546-IMG_0641-396x396c.jpeg?signature=0696830BD9370C7BA46026A7FA17414AF198E9ED75C2AC7A7500617AA8CAFE8B 2x, https://d20zyr0oabjxc2.cloudfront.net/variants/media/raw_images/nateturenate/2024/10/20241022122723.546-IMG_0641-198x198c.jpeg?signature=10F23CB89873989FDCCF4D6290BE814600A007D2B508C5A45313565E1E1404E4 1x",
Yellow Super dalmatian,Yellow dalmatian,"https://d20zyr0oabjxc2.cloudfront.net/variants/media/raw_images/thegeckoking_inc/2024/08/20240820040213.281-IMG_8321-396x396c.jpeg?signature=E12F3A1E46610D1AB34255FA7FCE6EBA41188F6834C1B7F19AD0A2BCDE5FCA7C 2x, https://d20zyr0oabjxc2.cloudfront.net/variants/media/raw_images/thegeckoking_inc/2024/08/20240820040213.281-IMG_8321-198x198c.jpeg?signature=CB3C9D40E0FD8F1D38D35626B40E5A4672199AF02A211243BA4343E3ADED0ECB 1x",/us/c/reptiles/lizards/crested-geckos/2511485,,"https://d20zyr0oabjxc2.cloudfront.net/variants/media/raw_images/thegeckoking_inc/2024/08/20240820040213.281-IMG_8321-396x396c.jpeg?signature=E12F3A1E46610D1AB34255FA7FCE6EBA41188F6834C1B7F19AD0A2BCDE5FCA7C 2x, https://d20zyr0oabjxc2.cloudfront.net/variants/media/raw_images/thegeckoking_inc/2024/08/20240820040213.281-IMG_8321-198x198c.jpeg?signature=CB3C9D40E0FD8F1D38D35626B40E5A4672199AF02A211243BA4343E3ADED0ECB 1x",
Light Base Female dalmatian,dalmatian,"https://d20zyr0oabjxc2.cloudfront.net/variants/media/raw_images/casey72596/2024/10/20241022021332.385-Photoroom_002_202410-396x396c.jpeg?signature=C5D087CFE134AA49FCC82E1F24798EF0785BA446425C399B2A038ED38BC92E85 2x, https://d20zyr0oabjxc2.cloudfront.net/variants/media/raw_images/casey72596/2024/10/20241022021332.385-Photoroom_002_202410-198x198c.jpeg?signature=6B146B3C232EC4E69D061028B26904936AC039CE34CDA8BF8DD88D2B6EAC6063 1x",/us/c/reptiles/lizards/crested-geckos/2667435,,"https://d20zyr0oabjxc2.cloudfront.net/variants/media/raw_images/casey72596/2024/10/20241022021332.385-Photoroom_002_202410-396x396c.jpeg?signature=C5D087CFE134AA49FCC82E1F24798EF0785BA446425C399B2A038ED38BC92E85 2x, https://d20zyr0oabjxc2.cloudfront.net/variants/media/raw_images/casey72596/2024/10/20241022021332.385-Photoroom_002_202410-198x198c.jpeg?signature=6B146B3C232EC4E69D061028B26904936AC039CE34CDA8BF8DD88D2B6EAC6063 1x",
Holdback Release Crazy Ink Spot Super dalmatian,dalmatian,"https://d20zyr0oabjxc2.cloudfront.net/variants/media/raw_images/sully33/2024/10/20241021232621.777-IMG_1181-396x396c.jpeg?signature=F29265DDFB8E9BFB2F2F7CC966A4CE40B1E3FBA7BA5D2D8F62A812791E0F0027 2x, https://d20zyr0oabjxc2.cloudfront.net/variants/media/raw_images/sully33/2024/10/20241021232621.777-IMG_1181-198x198c.jpeg?signature=421BD0A0B9D74BD67ECB3818366102E208043251C58E1E80DA132673A9890A51 1x",/us/c/reptiles/lizards/crested-geckos/2667038,,"https://d20zyr0oabjxc2.cloudfront.net/variants/media/raw_images/sully33/2024/10/20241021232621.777-IMG_1181-396x396c.jpeg?signature=F29265DDFB8E9BFB2F2F7CC966A4CE40B1E3FBA7BA5D2D8F62A812791E0F0027 2x, https://d20zyr0oabjxc2.cloudfront.net/variants/media/raw_images/sully33/2024/10/20241021232621.777-IMG_1181-198x198c.jpeg?signature=421BD0A0B9D74BD67ECB3818366102E208043251C58E1E80DA132673A9890A51 1x",
Dark/charcoal dalmatian,Dark/charcoal dalmatian,"https://d20zyr0oabjxc2.cloudfront.net/variants/media/raw_images/gecko_fusion/2024/09/20240924195934.56-IMG_3392-396x396c.jpeg?signature=92279554D6753B00970097C844056FCD99E2E435572F281F44FE2007CB926763 2x, https://d20zyr0oabjxc2.cloudfront.net/variants/media/raw_images/gecko_fusion/2024/09/20240924195934.56-IMG_3392-198x198c.jpeg?signature=8CDD68EEEEB40BEF887FC2ABEA65BE6EF8E6BCF4FFB4A4D975089821D7A8F4C6 1x",/us/c/reptiles/lizards/crested-geckos/2604171,,"https://d20zyr0oabjxc2.cloudfront.net/variants/media/raw_images/gecko_fusion/2024/09/20240924195934.56-IMG_3392-396x396c.jpeg?signature=92279554D6753B00970097C844056FCD99E2E435572F281F44FE2007CB926763 2x, https://d20zyr0oabjxc2.cloudfront.net/variants/media/raw_images/gecko_fusion/2024/09/20240924195934.56-IMG_3392-198x198c.jpeg?signature=8CDD68EEEEB40BEF887FC2ABEA65BE6EF8E6BCF4FFB4A4D975089821D7A8F4C6 1x",
2024 dalmatian Crested Gecko ,dalmatian,"https://d20zyr0oabjxc2.cloudfront.net/variants/media/raw_images/dbcb-exotics/2024/10/20241021192306.604-cg2417-396x396c.jpeg?signature=7323176D7974EF64ACECDC5A17D0AE44DDEBD130C1F1C626EB4944EC1353F890 2x, https://d20zyr0oabjxc2.cloudfront.net/variants/media/raw_images/dbcb-exotics/2024/10/20241021192306.604-cg2417-198x198c.jpeg?signature=D1173589FAF5FD83F17056AA49C3E21951169092C48AFA69E99F643D457898EB 1x",/us/c/reptiles/lizards/crested-geckos/2666267,,"https://d20zyr0oabjxc2.cloudfront.net/variants/media/raw_images/dbcb-exotics/2024/10/20241021192306.604-cg2417-396x396c.jpeg?signature=7323176D7974EF64ACECDC5A17D0AE44DDEBD130C1F1C626EB4944EC1353F890 2x, https://d20zyr0oabjxc2.cloudfront.net/variants/media/raw_images/dbcb-exotics/2024/10/20241021192306.604-cg2417-198x198c.jpeg?signature=D1173589FAF5FD83F17056AA49C3E21951169092C48AFA69E99F643D457898EB 1x",
2024 dalmatian Crested Gecko,dalmatian,"https://d20zyr0oabjxc2.cloudfront.net/variants/media/raw_images/dbcb-exotics/2024/10/20241021191958.539-cg2416-396x396c.jpeg?signature=C59FDE0E0381FEAB38354502A6D4954F770D5C54241933213411BF55A3EE1FE7 2x, https://d20zyr0oabjxc2.cloudfront.net/variants/media/raw_images/dbcb-exotics/2024/10/20241021191958.539-cg2416-198x198c.jpeg?signature=F09114159E20B61029F137C1CF889A472F12B693499D48429EC17C62FB296D4C 1x",/us/c/reptiles/lizards/crested-geckos/2666252,,"https://d20zyr0oabjxc2.cloudfront.net/variants/media/raw_images/dbcb-exotics/2024/10/20241021191958.539-cg2416-396x396c.jpeg?signature=C59FDE0E0381FEAB38354502A6D4954F770D5C54241933213411BF55A3EE1FE7 2x, https://d20zyr0oabjxc2.cloudfront.net/variants/media/raw_images/dbcb-exotics/2024/10/20241021191958.539-cg2416-198x198c.jpeg?signature=F09114159E20B61029F137C1CF889A472F12B693499D48429EC17C62FB296D4C 1x",
2024 Super dalmatian,dalmatian,"https://d20zyr0oabjxc2.cloudfront.net/variants/media/raw_images/reptilianrec/2024/09/20240924191801.35-IMG_6805-396x396c.jpeg?signature=778D52578195063048B9814B684587E2877E30F78C65EE2013D7738309747BBE 2x, https://d20zyr0oabjxc2.cloudfront.net/variants/media/raw_images/reptilianrec/2024/09/20240924191801.35-IMG_6805-198x198c.jpeg?signature=418DBC38BE7C23915A7E6BEE43386E2120477C3A253D8C6D0D62F2E5975070FC 1x",/us/c/reptiles/lizards/crested-geckos/2604048,,"https://d20zyr0oabjxc2.cloudfront.net/variants/media/raw_images/reptilianrec/2024/09/20240924191801.35-IMG_6805-396x396c.jpeg?signature=778D52578195063048B9814B684587E2877E30F78C65EE2013D7738309747BBE 2x, https://d20zyr0oabjxc2.cloudfront.net/variants/media/raw_images/reptilianrec/2024/09/20240924191801.35-IMG_6805-198x198c.jpeg?signature=418DBC38BE7C23915A7E6BEE43386E2120477C3A253D8C6D0D62F2E5975070FC 1x",
Male Super dalmatian Crested Gecko Cr-1061,dalmatian,"https://d20zyr0oabjxc2.cloudfront.net/variants/media/raw_images/pangeareptile/2023/11/20231127150520.817-CR-1061FullLeft-396x396c.jpeg?signature=FA64B548973E0666CAE887A5FCA30E523D0F1F32F46DABC46B91AE6CE9A8612F 2x, https://d20zyr0oabjxc2.cloudfront.net/variants/media/raw_images/pangeareptile/2023/11/20231127150520.817-CR-1061FullLeft-198x198c.jpeg?signature=EB75AB63059C3CBC0C79C8921ED4A4CDB317EAAEAD3B4A419991BC8014DFC645 1x",/us/c/reptiles/lizards/crested-geckos/1917762,,"https://d20zyr0oabjxc2.cloudfront.net/variants/media/raw_images/pangeareptile/2023/11/20231127150520.817-CR-1061FullLeft-396x396c.jpeg?signature=FA64B548973E0666CAE887A5FCA30E523D0F1F32F46DABC46B91AE6CE9A8612F 2x, https://d20zyr0oabjxc2.cloudfront.net/variants/media/raw_images/pangeareptile/2023/11/20231127150520.817-CR-1061FullLeft-198x198c.jpeg?signature=EB75AB63059C3CBC0C79C8921ED4A4CDB317EAAEAD3B4A419991BC8014DFC645 1x",
Male Damn Daniel X Starfire Super dalmatian Crested Gecko Cr-1332,dalmatian,"https://d20zyr0oabjxc2.cloudfront.net/variants/media/raw_images/pangeareptile/2023/11/20231127150432.351-CR-1332Left-396x396c.jpeg?signature=3EBBB0F9CD93DC684C19BA25CAD686E6C46F76539C559D5BA526214DBE2E899B 2x, https://d20zyr0oabjxc2.cloudfront.net/variants/media/raw_images/pangeareptile/2023/11/20231127150432.351-CR-1332Left-198x198c.jpeg?signature=0E19459BDFC08C5F1DCE21F8CC150E5444CCC15CD13170218AAF73BEBE830307 1x",/us/c/reptiles/lizards/crested-geckos/1917747,,"https://d20zyr0oabjxc2.cloudfront.net/variants/media/raw_images/pangeareptile/2023/11/20231127150432.351-CR-1332Left-396x396c.jpeg?signature=3EBBB0F9CD93DC684C19BA25CAD686E6C46F76539C559D5BA526214DBE2E899B 2x, https://d20zyr0oabjxc2.cloudfront.net/variants/media/raw_images/pangeareptile/2023/11/20231127150432.351-CR-1332Left-198x198c.jpeg?signature=0E19459BDFC08C5F1DCE21F8CC150E5444CCC15CD13170218AAF73BEBE830307 1x",
Female Super dalmatian Crested Gecko Cr-1907,dalmatian,"https://d20zyr0oabjxc2.cloudfront.net/variants/media/raw_images/pangeareptile/2024/04/20240424175904.922-Cr-1907Left-396x396c.jpeg?signature=92A060958F6E28C69F3D35883FCB8EF472C6A8DFD2AA2A69EE994D566AD88495 2x, https://d20zyr0oabjxc2.cloudfront.net/variants/media/raw_images/pangeareptile/2024/04/20240424175904.922-Cr-1907Left-198x198c.jpeg?signature=4C864EF1CCFB1B62DC02D3B09372750402D8B3EF8A911DBC3099E35920B13061 1x",/us/c/reptiles/lizards/crested-geckos/2291780,,"https://d20zyr0oabjxc2.cloudfront.net/variants/media/raw_images/pangeareptile/2024/04/20240424175904.922-Cr-1907Left-396x396c.jpeg?signature=92A060958F6E28C69F3D35883FCB8EF472C6A8DFD2AA2A69EE994D566AD88495 2x, https://d20zyr0oabjxc2.cloudfront.net/variants/media/raw_images/pangeareptile/2024/04/20240424175904.922-Cr-1907Left-198x198c.jpeg?signature=4C864EF1CCFB1B62DC02D3B09372750402D8B3EF8A911DBC3099E35920B13061 1x",
RTB Red Base Soft Scale Red Spot Super dalmatian,Red Red dalmatian,"https://d20zyr0oabjxc2.cloudfront.net/variants/media/raw_images/jbebout18/2024/09/20240924175406.708-IMG_6564-396x396c.jpeg?signature=EF9B873ECEE0CB90781350D32B7C3215DC678F96D413A6598E7AA53F8ACA09CA 2x, https://d20zyr0oabjxc2.cloudfront.net/variants/media/raw_images/jbebout18/2024/09/20240924175406.708-IMG_6564-198x198c.jpeg?signature=172E7245B88B2908B31529E96861C840E6EBD9D0A88BD2C2724DC4F02C6AF36F 1x",/us/c/reptiles/lizards/crested-geckos/2603871,,"https://d20zyr0oabjxc2.cloudfront.net/variants/media/raw_images/jbebout18/2024/09/20240924175406.708-IMG_6564-396x396c.jpeg?signature=EF9B873ECEE0CB90781350D32B7C3215DC678F96D413A6598E7AA53F8ACA09CA 2x, https://d20zyr0oabjxc2.cloudfront.net/variants/media/raw_images/jbebout18/2024/09/20240924175406.708-IMG_6564-198x198c.jpeg?signature=172E7245B88B2908B31529E96861C840E6EBD9D0A88BD2C2724DC4F02C6AF36F 1x",
Cookies And Cream dalmatian,dalmatian,"https://d20zyr0oabjxc2.cloudfront.net/variants/media/raw_images/nateturenate/2024/09/20240924131850.738-IMG_9243-396x396c.jpeg?signature=2F48A56D92943DF15094CD4D3C36A3DDCF25F1360CA2E5586105F88A579CCF22 2x, https://d20zyr0oabjxc2.cloudfront.net/variants/media/raw_images/nateturenate/2024/09/20240924131850.738-IMG_9243-198x198c.jpeg?signature=FAC2C86A429DEDB4FE63B8AB0861769140137121167FC3051C1577E03EC29B44 1x",/us/c/reptiles/lizards/crested-geckos/2603316,,"https://d20zyr0oabjxc2.cloudfront.net/variants/media/raw_images/nateturenate/2024/09/20240924131850.738-IMG_9243-396x396c.jpeg?signature=2F48A56D92943DF15094CD4D3C36A3DDCF25F1360CA2E5586105F88A579CCF22 2x, https://d20zyr0oabjxc2.cloudfront.net/variants/media/raw_images/nateturenate/2024/09/20240924131850.738-IMG_9243-198x198c.jpeg?signature=FAC2C86A429DEDB4FE63B8AB0861769140137121167FC3051C1577E03EC29B44 1x",
Red Bicolor dalmatian Crested Gecko,Red dalmatian,"https://d20zyr0oabjxc2.cloudfront.net/variants/media/raw_images/olympianexotics/2023/10/20231027072434.172-redbicolor18gb-396x396c.jpeg?signature=80E584B50B88ACE1B4EACAF44E92B245B25F8427631C29260BCB344BCB9D7F8C 2x, https://d20zyr0oabjxc2.cloudfront.net/variants/media/raw_images/olympianexotics/2023/10/20231027072434.172-redbicolor18gb-198x198c.jpeg?signature=13B32792C0EA435E990F4B993B107D6887D65F869DE9DB80C73AB071DA25D9A3 1x",/us/c/reptiles/lizards/crested-geckos/1963639,,"https://d20zyr0oabjxc2.cloudfront.net/variants/media/raw_images/olympianexotics/2023/10/20231027072434.172-redbicolor18gb-396x396c.jpeg?signature=80E584B50B88ACE1B4EACAF44E92B245B25F8427631C29260BCB344BCB9D7F8C 2x, https://d20zyr0oabjxc2.cloudfront.net/variants/media/raw_images/olympianexotics/2023/10/20231027072434.172-redbicolor18gb-198x198c.jpeg?signature=13B32792C0EA435E990F4B993B107D6887D65F869DE9DB80C73AB071DA25D9A3 1x",
Super dalmatian Crested Gecko #71,dalmatian,"https://d20zyr0oabjxc2.cloudfront.net/variants/media/raw_images/olympianexotics/2024/07/20240720060436.140-1000018231-396x396c.jpeg?signature=6AFB05B9F8DA826545E5856D924252CCF6CD05D6AD1199599EEA29A7FB162EB4 2x, https://d20zyr0oabjxc2.cloudfront.net/variants/media/raw_images/olympianexotics/2024/07/20240720060436.140-1000018231-198x198c.jpeg?signature=D9E3E97A47427EC7E2E9DC25A105FFF0277F62CF92CC6064E5F232634C671411 1x",/us/c/reptiles/lizards/crested-geckos/1963635,,"https://d20zyr0oabjxc2.cloudfront.net/variants/media/raw_images/olympianexotics/2024/07/20240720060436.140-1000018231-396x396c.jpeg?signature=6AFB05B9F8DA826545E5856D924252CCF6CD05D6AD1199599EEA29A7FB162EB4 2x, https://d20zyr0oabjxc2.cloudfront.net/variants/media/raw_images/olympianexotics/2024/07/20240720060436.140-1000018231-198x198c.jpeg?signature=D9E3E97A47427EC7E2E9DC25A105FFF0277F62CF92CC6064E5F232634C671411 1x",
dalmatian,dalmatian,"https://d20zyr0oabjxc2.cloudfront.net/variants/media/raw_images/vannsgecks/2024/10/20241020233811.787-20241020_154937-396x396c.jpeg?signature=FF55213B9C37FD2647EED5B7B9BA195C492B27577478777916C601DAA5987C8D 2x, https://d20zyr0oabjxc2.cloudfront.net/variants/media/raw_images/vannsgecks/2024/10/20241020233811.787-20241020_154937-198x198c.jpeg?signature=AB596446BA12CDF263ECBD8FB9378999EA11E178FE3D86A9E09EB2DAC7EDF5C1 1x",/us/c/reptiles/lizards/crested-geckos/2664702,,"https://d20zyr0oabjxc2.cloudfront.net/variants/media/raw_images/vannsgecks/2024/10/20241020233811.787-20241020_154937-396x396c.jpeg?signature=FF55213B9C37FD2647EED5B7B9BA195C492B27577478777916C601DAA5987C8D 2x, https://d20zyr0oabjxc2.cloudfront.net/variants/media/raw_images/vannsgecks/2024/10/20241020233811.787-20241020_154937-198x198c.jpeg?signature=AB596446BA12CDF263ECBD8FB9378999EA11E178FE3D86A9E09EB2DAC7EDF5C1 1x",
Red Bicolor dalmatian,Red dalmatian,"https://d20zyr0oabjxc2.cloudfront.net/variants/media/raw_images/mwuorio/2024/09/20240923232959.458-1000002754-396x396c.jpeg?signature=E8AC72534A3480384B6BDD3E61A75F45D4DF79EB17F84F47DDCB77937CE80652 2x, https://d20zyr0oabjxc2.cloudfront.net/variants/media/raw_images/mwuorio/2024/09/20240923232959.458-1000002754-198x198c.jpeg?signature=B266BBDEDE38F0A44D52ED197249309907B134B42F01D85601438FB7EA8DC0E5 1x",/us/c/reptiles/lizards/crested-geckos/2602440,,"https://d20zyr0oabjxc2.cloudfront.net/variants/media/raw_images/mwuorio/2024/09/20240923232959.458-1000002754-396x396c.jpeg?signature=E8AC72534A3480384B6BDD3E61A75F45D4DF79EB17F84F47DDCB77937CE80652 2x, https://d20zyr0oabjxc2.cloudfront.net/variants/media/raw_images/mwuorio/2024/09/20240923232959.458-1000002754-198x198c.jpeg?signature=B266BBDEDE38F0A44D52ED197249309907B134B42F01D85601438FB7EA8DC0E5 1x",
dalmatian,dalmatian,"https://d20zyr0oabjxc2.cloudfront.net/variants/media/raw_images/vannsgecks/2024/10/20241020231109.67-20241020_155412-396x396c.jpeg?signature=37C7BE5FA0D5745B455BA76778EE76BA56BBB6BE4822F714734464B2D5834462 2x, https://d20zyr0oabjxc2.cloudfront.net/variants/media/raw_images/vannsgecks/2024/10/20241020231109.67-20241020_155412-198x198c.jpeg?signature=D45B4840DAA37C8A463504A2F3C16A9E389FB864710A0A39273C21B41961C7EA 1x",/us/c/reptiles/lizards/crested-geckos/2664655,,"https://d20zyr0oabjxc2.cloudfront.net/variants/media/raw_images/vannsgecks/2024/10/20241020231109.67-20241020_155412-396x396c.jpeg?signature=37C7BE5FA0D5745B455BA76778EE76BA56BBB6BE4822F714734464B2D5834462 2x, https://d20zyr0oabjxc2.cloudfront.net/variants/media/raw_images/vannsgecks/2024/10/20241020231109.67-20241020_155412-198x198c.jpeg?signature=D45B4840DAA37C8A463504A2F3C16A9E389FB864710A0A39273C21B41961C7EA 1x",
Dark Base Yellow dalmatian,Dark Yellow dalmatian,"https://d20zyr0oabjxc2.cloudfront.net/variants/media/raw_images/starrynightgeckos/2024/03/20240331182548.57-IMG_0929-396x396c.jpeg?signature=9429E215BDF8C799BB4EBF4F17304B9AC7307A0754D6B005CE50509C43E032E8 2x, https://d20zyr0oabjxc2.cloudfront.net/variants/media/raw_images/starrynightgeckos/2024/03/20240331182548.57-IMG_0929-198x198c.jpeg?signature=1902CFEA8AB7389FB1C8D37A1D76CD644AF711CD7135034DE03BFD6477B781DC 1x",/us/c/reptiles/lizards/crested-geckos/2253093,,"https://d20zyr0oabjxc2.cloudfront.net/variants/media/raw_images/starrynightgeckos/2024/03/20240331182548.57-IMG_0929-396x396c.jpeg?signature=9429E215BDF8C799BB4EBF4F17304B9AC7307A0754D6B005CE50509C43E032E8 2x, https://d20zyr0oabjxc2.cloudfront.net/variants/media/raw_images/starrynightgeckos/2024/03/20240331182548.57-IMG_0929-198x198c.jpeg?signature=1902CFEA8AB7389FB1C8D37A1D76CD644AF711CD7135034DE03BFD6477B781DC 1x",
Pale Base dalmatian Male,dalmatian,"https://d20zyr0oabjxc2.cloudfront.net/variants/media/raw_images/casey72596/2024/10/20241020204912.149-IMG_4683-396x396c.jpeg?signature=7C300CEA774B9293B67727C92DF433707A7D0C561D7801CE0862F78F28111277 2x, https://d20zyr0oabjxc2.cloudfront.net/variants/media/raw_images/casey72596/2024/10/20241020204912.149-IMG_4683-198x198c.jpeg?signature=0C7D49AA3BF747D6B60090AF77AA814173E8B2738ADEA5625BFB4D71DF41C45E 1x",/us/c/reptiles/lizards/crested-geckos/2664260,,"https://d20zyr0oabjxc2.cloudfront.net/variants/media/raw_images/casey72596/2024/10/20241020204912.149-IMG_4683-396x396c.jpeg?signature=7C300CEA774B9293B67727C92DF433707A7D0C561D7801CE0862F78F28111277 2x, https://d20zyr0oabjxc2.cloudfront.net/variants/media/raw_images/casey72596/2024/10/20241020204912.149-IMG_4683-198x198c.jpeg?signature=0C7D49AA3BF747D6B60090AF77AA814173E8B2738ADEA5625BFB4D71DF41C45E 1x",
Beautiful Red Mardi Gras Super dalmatian Female.,Red dalmatian,"https://d20zyr0oabjxc2.cloudfront.net/variants/media/raw_images/kellycho1972/2024/10/20241020195229.673-1000037425-396x396c.jpeg?signature=79D7EDEC4D123A2C10BA57AAF0696B02748DF6ED6806EC649A08E20EA52ED781 2x, https://d20zyr0oabjxc2.cloudfront.net/variants/media/raw_images/kellycho1972/2024/10/20241020195229.673-1000037425-198x198c.jpeg?signature=F67EA559B55767BF2EEA1C7C5DC88FF6E66A7B4858A3B58A6742CD21B42F9D49 1x",/us/c/reptiles/lizards/crested-geckos/2664057,,"https://d20zyr0oabjxc2.cloudfront.net/variants/media/raw_images/kellycho1972/2024/10/20241020195229.673-1000037425-396x396c.jpeg?signature=79D7EDEC4D123A2C10BA57AAF0696B02748DF6ED6806EC649A08E20EA52ED781 2x, https://d20zyr0oabjxc2.cloudfront.net/variants/media/raw_images/kellycho1972/2024/10/20241020195229.673-1000037425-198x198c.jpeg?signature=F67EA559B55767BF2EEA1C7C5DC88FF6E66A7B4858A3B58A6742CD21B42F9D49 1x",
“Popsicle” dalmatian Crested Gecko,dalmatian,"https://d20zyr0oabjxc2.cloudfront.net/variants/media/raw_images/momabear24/2023/06/20230619165204.121-IMG_6668-396x396c.jpeg?signature=F3A620D660DBE2E760DC0B198F50A7C7CF255F910EB670448F6448936254FD5B 2x, https://d20zyr0oabjxc2.cloudfront.net/variants/media/raw_images/momabear24/2023/06/20230619165204.121-IMG_6668-198x198c.jpeg?signature=0E4BB61550AE8F665E6159A7F43138487E01F112E109C3D65A352A42979858E8 1x",/us/c/reptiles/lizards/crested-geckos/998217,,"https://d20zyr0oabjxc2.cloudfront.net/variants/media/raw_images/momabear24/2023/06/20230619165204.121-IMG_6668-396x396c.jpeg?signature=F3A620D660DBE2E760DC0B198F50A7C7CF255F910EB670448F6448936254FD5B 2x, https://d20zyr0oabjxc2.cloudfront.net/variants/media/raw_images/momabear24/2023/06/20230619165204.121-IMG_6668-198x198c.jpeg?signature=0E4BB61550AE8F665E6159A7F43138487E01F112E109C3D65A352A42979858E8 1x",
“Lollipop” dalmatian Crested Gecko,dalmatian,"https://d20zyr0oabjxc2.cloudfront.net/variants/media/raw_images/momabear24/2023/06/20230619165810.435-IMG_6648-396x396c.jpeg?signature=D45D987C3E33E994669D9F7E3E89A0948ECEF46FC85D75AB46D4E5FEEA49B76A 2x, https://d20zyr0oabjxc2.cloudfront.net/variants/media/raw_images/momabear24/2023/06/20230619165810.435-IMG_6648-198x198c.jpeg?signature=C032C2BD2C94D7300E6CCDEB7981EDAB3594E362CFF7BFD6265295CE8A753C08 1x",/us/c/reptiles/lizards/crested-geckos/998239,,"https://d20zyr0oabjxc2.cloudfront.net/variants/media/raw_images/momabear24/2023/06/20230619165810.435-IMG_6648-396x396c.jpeg?signature=D45D987C3E33E994669D9F7E3E89A0948ECEF46FC85D75AB46D4E5FEEA49B76A 2x, https://d20zyr0oabjxc2.cloudfront.net/variants/media/raw_images/momabear24/2023/06/20230619165810.435-IMG_6648-198x198c.jpeg?signature=C032C2BD2C94D7300E6CCDEB7981EDAB3594E362CFF7BFD6265295CE8A753C08 1x",
Red Based Phantom dalmatian,Red dalmatian,"https://d20zyr0oabjxc2.cloudfront.net/variants/media/raw_images/glenniegeckos/2024/04/20240411174949.940-Atreus2-396x396c.jpeg?signature=83617755C92131A14AFD590E36C4152DAA48B04CF07C2E280C08E1A9953898C5 2x, https://d20zyr0oabjxc2.cloudfront.net/variants/media/raw_images/glenniegeckos/2024/04/20240411174949.940-Atreus2-198x198c.jpeg?signature=52BC5511E375FD91BB31818FA3CCF5F2C9941F50B335B93F397AA514475532C2 1x",/us/c/reptiles/lizards/crested-geckos/2270333,,"https://d20zyr0oabjxc2.cloudfront.net/variants/media/raw_images/glenniegeckos/2024/04/20240411174949.940-Atreus2-396x396c.jpeg?signature=83617755C92131A14AFD590E36C4152DAA48B04CF07C2E280C08E1A9953898C5 2x, https://d20zyr0oabjxc2.cloudfront.net/variants/media/raw_images/glenniegeckos/2024/04/20240411174949.940-Atreus2-198x198c.jpeg?signature=52BC5511E375FD91BB31818FA3CCF5F2C9941F50B335B93F397AA514475532C2 1x",
AE dalmatian Female,dalmatian,"https://d20zyr0oabjxc2.cloudfront.net/variants/media/raw_images/nisselokeo/2024/08/20240831185409.188-IMG_1286-396x396c.jpeg?signature=16A0DFF3AB0149E0D0B51533C0FD7C5585918E4800B998CAFDC22ED2999C344A 2x, https://d20zyr0oabjxc2.cloudfront.net/variants/media/raw_images/nisselokeo/2024/08/20240831185409.188-IMG_1286-198x198c.jpeg?signature=A8AA83E4DBD220424F106F9A3115982055338C384F7424479C8D3EAA6C5D60CA 1x",/us/c/reptiles/lizards/crested-geckos/2541229,,"https://d20zyr0oabjxc2.cloudfront.net/variants/media/raw_images/nisselokeo/2024/08/20240831185409.188-IMG_1286-396x396c.jpeg?signature=16A0DFF3AB0149E0D0B51533C0FD7C5585918E4800B998CAFDC22ED2999C344A 2x, https://d20zyr0oabjxc2.cloudfront.net/variants/media/raw_images/nisselokeo/2024/08/20240831185409.188-IMG_1286-198x198c.jpeg?signature=A8AA83E4DBD220424F106F9A3115982055338C384F7424479C8D3EAA6C5D60CA 1x",
Female dalmatian,dalmatian,"https://d20zyr0oabjxc2.cloudfront.net/variants/media/raw_images/rachel_apph/2024/09/20240923161416.469-1000014713-396x396c.jpeg?signature=F6149202275BE68F56A5F51F4DE4DD97930115EDDBC78235D8B79547091EAFA1 2x, https://d20zyr0oabjxc2.cloudfront.net/variants/media/raw_images/rachel_apph/2024/09/20240923161416.469-1000014713-198x198c.jpeg?signature=AD13E3951099338D77E974237DB89AAA38C5777E6DC1C8986A45CE64DBAD935B 1x",/us/c/reptiles/lizards/crested-geckos/2601331,,"https://d20zyr0oabjxc2.cloudfront.net/variants/media/raw_images/rachel_apph/2024/09/20240923161416.469-1000014713-396x396c.jpeg?signature=F6149202275BE68F56A5F51F4DE4DD97930115EDDBC78235D8B79547091EAFA1 2x, https://d20zyr0oabjxc2.cloudfront.net/variants/media/raw_images/rachel_apph/2024/09/20240923161416.469-1000014713-198x198c.jpeg?signature=AD13E3951099338D77E974237DB89AAA38C5777E6DC1C8986A45CE64DBAD935B 1x",
Red Oil Spot Super dalmatian,Red dalmatian,"https://d20zyr0oabjxc2.cloudfront.net/variants/media/raw_images/allrialedup/2024/10/20241020153508.137-IMG_0393-396x396c.jpeg?signature=5ED7AF4F43961FB959B8E95461F89AFC40435FD6FB3A4C5B002B3D6800E408FC 2x, https://d20zyr0oabjxc2.cloudfront.net/variants/media/raw_images/allrialedup/2024/10/20241020153508.137-IMG_0393-198x198c.jpeg?signature=93F1C8A8F7FA39C218ACD749DE359690E4D20E8881F95631DDFBA8CED0630182 1x",/us/c/reptiles/lizards/crested-geckos/2663223,,"https://d20zyr0oabjxc2.cloudfront.net/variants/media/raw_images/allrialedup/2024/10/20241020153508.137-IMG_0393-396x396c.jpeg?signature=5ED7AF4F43961FB959B8E95461F89AFC40435FD6FB3A4C5B002B3D6800E408FC 2x, https://d20zyr0oabjxc2.cloudfront.net/variants/media/raw_images/allrialedup/2024/10/20241020153508.137-IMG_0393-198x198c.jpeg?signature=93F1C8A8F7FA39C218ACD749DE359690E4D20E8881F95631DDFBA8CED0630182 1x",
50% Het Axanthic Male dalmatian,dalmatian,"https://d20zyr0oabjxc2.cloudfront.net/variants/media/raw_images/howlreptiles/2024/06/20240626000218.661-DSC_08842-396x396c.jpeg?signature=D99E7AED1CE6FEAADFAF8D2F0C662E0CCF183916D89D3C1E6281F6322D62C61E 2x, https://d20zyr0oabjxc2.cloudfront.net/variants/media/raw_images/howlreptiles/2024/06/20240626000218.661-DSC_08842-198x198c.jpeg?signature=BFD0022C235170E10541E9B78945FBB24A3CB7B9E8E9BE4021E41626D6334761 1x",/us/c/reptiles/lizards/crested-geckos/2397744,,"https://d20zyr0oabjxc2.cloudfront.net/variants/media/raw_images/howlreptiles/2024/06/20240626000218.661-DSC_08842-396x396c.jpeg?signature=D99E7AED1CE6FEAADFAF8D2F0C662E0CCF183916D89D3C1E6281F6322D62C61E 2x, https://d20zyr0oabjxc2.cloudfront.net/variants/media/raw_images/howlreptiles/2024/06/20240626000218.661-DSC_08842-198x198c.jpeg?signature=BFD0022C235170E10541E9B78945FBB24A3CB7B9E8E9BE4021E41626D6334761 1x",
Buckskin dalmatian Crested Gecko #506,dalmatian,"https://d20zyr0oabjxc2.cloudfront.net/variants/media/raw_images/olympianexotics/2024/10/20241009043246.781-1000029950-396x396c.jpeg?signature=0C5670B3706187BD47CAAEB39A25514D9B4A62378ED02DAC822508B7636269CA 2x, https://d20zyr0oabjxc2.cloudfront.net/variants/media/raw_images/olympianexotics/2024/10/20241009043246.781-1000029950-198x198c.jpeg?signature=A9B5493B2D3BBA5B09CFC091D97D14102730AAB7E050CCE42A3CF4BDB6A4FEA7 1x",/us/c/reptiles/lizards/crested-geckos/2486851,,"https://d20zyr0oabjxc2.cloudfront.net/variants/media/raw_images/olympianexotics/2024/10/20241009043246.781-1000029950-396x396c.jpeg?signature=0C5670B3706187BD47CAAEB39A25514D9B4A62378ED02DAC822508B7636269CA 2x, https://d20zyr0oabjxc2.cloudfront.net/variants/media/raw_images/olympianexotics/2024/10/20241009043246.781-1000029950-198x198c.jpeg?signature=A9B5493B2D3BBA5B09CFC091D97D14102730AAB7E050CCE42A3CF4BDB6A4FEA7 1x",
Red Super dalmatian Crested Gecko,Red dalmatian,"https://d20zyr0oabjxc2.cloudfront.net/variants/media/raw_images/olympianexotics/2024/08/20240809140242.665-1000020799-396x396c.jpeg?signature=A83FC1FAA02CC7F8243A46629480C52B7D140801F56FEA804661E295321A4BCC 2x, https://d20zyr0oabjxc2.cloudfront.net/variants/media/raw_images/olympianexotics/2024/08/20240809140242.665-1000020799-198x198c.jpeg?signature=2A090F5A95180ECF15A262C1BF90232229672C8F83954FD432CB815DCCAAEF26 1x",/us/c/reptiles/lizards/crested-geckos/2486847,,"https://d20zyr0oabjxc2.cloudfront.net/variants/media/raw_images/olympianexotics/2024/08/20240809140242.665-1000020799-396x396c.jpeg?signature=A83FC1FAA02CC7F8243A46629480C52B7D140801F56FEA804661E295321A4BCC 2x, https://d20zyr0oabjxc2.cloudfront.net/variants/media/raw_images/olympianexotics/2024/08/20240809140242.665-1000020799-198x198c.jpeg?signature=2A090F5A95180ECF15A262C1BF90232229672C8F83954FD432CB815DCCAAEF26 1x",
Super dalmatian,dalmatian,"https://d20zyr0oabjxc2.cloudfront.net/variants/media/raw_images/mdreptiles86/2024/09/20240923042925.976-IMG_0371-396x396c.jpeg?signature=40FAAC59E0E5E273283E33FF15FDEEB8E3E2ACC403C6980276C5EFC7414AFB2C 2x, https://d20zyr0oabjxc2.cloudfront.net/variants/media/raw_images/mdreptiles86/2024/09/20240923042925.976-IMG_0371-198x198c.jpeg?signature=E96503A1FC3E797CE41C1CD93C621877C695B42515F465A458679061536FEB09 1x",/us/c/reptiles/lizards/crested-geckos/2600660,,"https://d20zyr0oabjxc2.cloudfront.net/variants/media/raw_images/mdreptiles86/2024/09/20240923042925.976-IMG_0371-396x396c.jpeg?signature=40FAAC59E0E5E273283E33FF15FDEEB8E3E2ACC403C6980276C5EFC7414AFB2C 2x, https://d20zyr0oabjxc2.cloudfront.net/variants/media/raw_images/mdreptiles86/2024/09/20240923042925.976-IMG_0371-198x198c.jpeg?signature=E96503A1FC3E797CE41C1CD93C621877C695B42515F465A458679061536FEB09 1x",
"Capricorn, Red Phantom Female dalmatian With Portholes",Red dalmatian,"https://d20zyr0oabjxc2.cloudfront.net/variants/media/raw_images/smugbug/2024/04/20240414025931.998-Capricornright-396x396c.jpeg?signature=9981C1DFAB44C074331166AD240BB950C666D0A0AA4B3B2F9B4D85DE7EB8E705 2x, https://d20zyr0oabjxc2.cloudfront.net/variants/media/raw_images/smugbug/2024/04/20240414025931.998-Capricornright-198x198c.jpeg?signature=D6946D87F86F4032B34DB29CA0514F969DEE9D6E70830A8410F0EA15269B20F2 1x",/us/c/reptiles/lizards/crested-geckos/2274063,,"https://d20zyr0oabjxc2.cloudfront.net/variants/media/raw_images/smugbug/2024/04/20240414025931.998-Capricornright-396x396c.jpeg?signature=9981C1DFAB44C074331166AD240BB950C666D0A0AA4B3B2F9B4D85DE7EB8E705 2x, https://d20zyr0oabjxc2.cloudfront.net/variants/media/raw_images/smugbug/2024/04/20240414025931.998-Capricornright-198x198c.jpeg?signature=D6946D87F86F4032B34DB29CA0514F969DEE9D6E70830A8410F0EA15269B20F2 1x",
Axanthic dalmatian With Portholes Altitude X MSL Line,dalmatian,"https://d20zyr0oabjxc2.cloudfront.net/variants/media/raw_images/mmrogge/2024/10/20241020012849.11-1000061538-396x396c.jpeg?signature=0BD770EA74957E44593EF7256BD120EDB9867410FA13A8CD151E107E520B9A39 2x, https://d20zyr0oabjxc2.cloudfront.net/variants/media/raw_images/mmrogge/2024/10/20241020012849.11-1000061538-198x198c.jpeg?signature=D593F9C14E40BCCD8D282EDE67A3C016FDD297371B3904EDD09A8BACD7C66752 1x",/us/c/reptiles/lizards/crested-geckos/2662320,,"https://d20zyr0oabjxc2.cloudfront.net/variants/media/raw_images/mmrogge/2024/10/20241020012849.11-1000061538-396x396c.jpeg?signature=0BD770EA74957E44593EF7256BD120EDB9867410FA13A8CD151E107E520B9A39 2x, https://d20zyr0oabjxc2.cloudfront.net/variants/media/raw_images/mmrogge/2024/10/20241020012849.11-1000061538-198x198c.jpeg?signature=D593F9C14E40BCCD8D282EDE67A3C016FDD297371B3904EDD09A8BACD7C66752 1x",
Red Base W/ dalmatian Spots,Red dalmatian,"https://d20zyr0oabjxc2.cloudfront.net/variants/media/raw_images/popscresties/2024/10/20241019211256.977-IMG_8668-396x396c.jpeg?signature=FC57775E104988EFF4D6310E58199B3318E66807D059CE3E2BAA65AAE2805131 2x, https://d20zyr0oabjxc2.cloudfront.net/variants/media/raw_images/popscresties/2024/10/20241019211256.977-IMG_8668-198x198c.jpeg?signature=42834425B52C1237D5923A22C379CCEFD57F7F98EEB1E231AA64EF7CC1E0BEDE 1x",/us/c/reptiles/lizards/crested-geckos/2661697,,"https://d20zyr0oabjxc2.cloudfront.net/variants/media/raw_images/popscresties/2024/10/20241019211256.977-IMG_8668-396x396c.jpeg?signature=FC57775E104988EFF4D6310E58199B3318E66807D059CE3E2BAA65AAE2805131 2x, https://d20zyr0oabjxc2.cloudfront.net/variants/media/raw_images/popscresties/2024/10/20241019211256.977-IMG_8668-198x198c.jpeg?signature=42834425B52C1237D5923A22C379CCEFD57F7F98EEB1E231AA64EF7CC1E0BEDE 1x",
Super dalmatian,dalmatian,"https://d20zyr0oabjxc2.cloudfront.net/variants/media/raw_images/fringemorphs/2024/10/20241019201401.660-Protease-396x396c.jpeg?signature=200F2776E70F133985CB4DEF4B3BD455A08AD889C632B29023B2EDA4ABCD0EBB 2x, https://d20zyr0oabjxc2.cloudfront.net/variants/media/raw_images/fringemorphs/2024/10/20241019201401.660-Protease-198x198c.jpeg?signature=A687E3B7F73B9FEB2DCDFA6EBC32EDD303E0F615F8C474CDFA179AEBD7991C00 1x",/us/c/reptiles/lizards/crested-geckos/2661551,,"https://d20zyr0oabjxc2.cloudfront.net/variants/media/raw_images/fringemorphs/2024/10/20241019201401.660-Protease-396x396c.jpeg?signature=200F2776E70F133985CB4DEF4B3BD455A08AD889C632B29023B2EDA4ABCD0EBB 2x, https://d20zyr0oabjxc2.cloudfront.net/variants/media/raw_images/fringemorphs/2024/10/20241019201401.660-Protease-198x198c.jpeg?signature=A687E3B7F73B9FEB2DCDFA6EBC32EDD303E0F615F8C474CDFA179AEBD7991C00 1x",
Male dalmatian Crested Gecko Cr-1209,dalmatian,"https://d20zyr0oabjxc2.cloudfront.net/variants/media/raw_images/pangeareptile/2023/12/20231218193949.934-CR-1209Left-396x396c.jpeg?signature=264FD22066C60E0E14D0A21A858CAF72F2F503CBFBDAC805DAF88D6EBCA25D93 2x, https://d20zyr0oabjxc2.cloudfront.net/variants/media/raw_images/pangeareptile/2023/12/20231218193949.934-CR-1209Left-198x198c.jpeg?signature=7BA291892CDDCC2B92548743DDD3CAC2AB84AC09DFF3D692189A0F65E345A837 1x",/us/c/reptiles/lizards/crested-geckos/2067861,,"https://d20zyr0oabjxc2.cloudfront.net/variants/media/raw_images/pangeareptile/2023/12/20231218193949.934-CR-1209Left-396x396c.jpeg?signature=264FD22066C60E0E14D0A21A858CAF72F2F503CBFBDAC805DAF88D6EBCA25D93 2x, https://d20zyr0oabjxc2.cloudfront.net/variants/media/raw_images/pangeareptile/2023/12/20231218193949.934-CR-1209Left-198x198c.jpeg?signature=7BA291892CDDCC2B92548743DDD3CAC2AB84AC09DFF3D692189A0F65E345A837 1x",
Oil Spot Super dalmatian,dalmatian,"https://d20zyr0oabjxc2.cloudfront.net/variants/media/raw_images/stephanie_castillo0621/2024/10/20241028155318.677-IMG_5677-396x396c.jpeg?signature=4E07BE3E55EE90AA3AE9902CAE63D78DCCB5CC3B67F9B8CD4871D9162E9BA94B 2x, https://d20zyr0oabjxc2.cloudfront.net/variants/media/raw_images/stephanie_castillo0621/2024/10/20241028155318.677-IMG_5677-198x198c.jpeg?signature=BFAA1CEDFE0075EBB59CB34E8A17681E68C2A291445B674E4D37537151E2BF8A 1x",/us/c/reptiles/lizards/crested-geckos/2660925,,"https://d20zyr0oabjxc2.cloudfront.net/variants/media/raw_images/stephanie_castillo0621/2024/10/20241028155318.677-IMG_5677-396x396c.jpeg?signature=4E07BE3E55EE90AA3AE9902CAE63D78DCCB5CC3B67F9B8CD4871D9162E9BA94B 2x, https://d20zyr0oabjxc2.cloudfront.net/variants/media/raw_images/stephanie_castillo0621/2024/10/20241028155318.677-IMG_5677-198x198c.jpeg?signature=BFAA1CEDFE0075EBB59CB34E8A17681E68C2A291445B674E4D37537151E2BF8A 1x",
Male Super dalmatian,dalmatian,"https://d20zyr0oabjxc2.cloudfront.net/variants/media/raw_images/christians_reptiles/2024/10/20241019145315.477-IMG_2168-396x396c.jpeg?signature=3DFF7BD20D080B50E248C025F1B21DCA6E3D96CFA72F60EAB4A8D86E4B3B1ED0 2x, https://d20zyr0oabjxc2.cloudfront.net/variants/media/raw_images/christians_reptiles/2024/10/20241019145315.477-IMG_2168-198x198c.jpeg?signature=141417FD184E1BBBB74E571E1AEF9CE01029DE7BC72093A6DB23AB3F921F0DE8 1x",/us/c/reptiles/lizards/crested-geckos/2313014,,"https://d20zyr0oabjxc2.cloudfront.net/variants/media/raw_images/christians_reptiles/2024/10/20241019145315.477-IMG_2168-396x396c.jpeg?signature=3DFF7BD20D080B50E248C025F1B21DCA6E3D96CFA72F60EAB4A8D86E4B3B1ED0 2x, https://d20zyr0oabjxc2.cloudfront.net/variants/media/raw_images/christians_reptiles/2024/10/20241019145315.477-IMG_2168-198x198c.jpeg?signature=141417FD184E1BBBB74E571E1AEF9CE01029DE7BC72093A6DB23AB3F921F0DE8 1x",
Macchiato - Yellow Super dalmatian,Yellow dalmatian,"https://d20zyr0oabjxc2.cloudfront.net/variants/media/raw_images/wrathgate_reptiles/2024/10/20241019104350.928-1000017585-396x396c.jpeg?signature=8A0D1E851CB1A1DA400C19A786774DF5FEBAE90D85682A520EDE86C21C280600 2x, https://d20zyr0oabjxc2.cloudfront.net/variants/media/raw_images/wrathgate_reptiles/2024/10/20241019104350.928-1000017585-198x198c.jpeg?signature=A488ACD1A8F6466C8B00F990EBCCF2F41E476519E883318C68785E2DC102E853 1x",/us/c/reptiles/lizards/crested-geckos/2660549,,"https://d20zyr0oabjxc2.cloudfront.net/variants/media/raw_images/wrathgate_reptiles/2024/10/20241019104350.928-1000017585-396x396c.jpeg?signature=8A0D1E851CB1A1DA400C19A786774DF5FEBAE90D85682A520EDE86C21C280600 2x, https://d20zyr0oabjxc2.cloudfront.net/variants/media/raw_images/wrathgate_reptiles/2024/10/20241019104350.928-1000017585-198x198c.jpeg?signature=A488ACD1A8F6466C8B00F990EBCCF2F41E476519E883318C68785E2DC102E853 1x",
dalmatian Crested Gecko #667,dalmatian,"https://d20zyr0oabjxc2.cloudfront.net/variants/media/raw_images/olympianexotics/2024/09/20240913050031.117-1000025814-396x396c.jpeg?signature=83B4327D9F8163CDDC2966C3EBF5CAD5D0CB8DF49283134A08FB26AAC99197FD 2x, https://d20zyr0oabjxc2.cloudfront.net/variants/media/raw_images/olympianexotics/2024/09/20240913050031.117-1000025814-198x198c.jpeg?signature=752A9F82BBCDFF0C0BB691573B6F4EB92F42E44EF9B121BDD4267E109D6978BA 1x",/us/c/reptiles/lizards/crested-geckos/2575182,,"https://d20zyr0oabjxc2.cloudfront.net/variants/media/raw_images/olympianexotics/2024/09/20240913050031.117-1000025814-396x396c.jpeg?signature=83B4327D9F8163CDDC2966C3EBF5CAD5D0CB8DF49283134A08FB26AAC99197FD 2x, https://d20zyr0oabjxc2.cloudfront.net/variants/media/raw_images/olympianexotics/2024/09/20240913050031.117-1000025814-198x198c.jpeg?signature=752A9F82BBCDFF0C0BB691573B6F4EB92F42E44EF9B121BDD4267E109D6978BA 1x",
Super dalmatian,dalmatian,"https://d20zyr0oabjxc2.cloudfront.net/variants/media/raw_images/mitch-a-tech/2022/10/20221025200901.205-3B4DBF40-B921-4DB0-B-396x396c.jpeg?signature=0B82B8F7AD3EB75256D2307CAE7AB750754F02AF79D2CB54289918D83394D1EB 2x, https://d20zyr0oabjxc2.cloudfront.net/variants/media/raw_images/mitch-a-tech/2022/10/20221025200901.205-3B4DBF40-B921-4DB0-B-198x198c.jpeg?signature=FC8DC7316EE68A6C6D560D1F2B1F0792945652C7762BC80054CF1A1B886B13B0 1x",/us/c/reptiles/lizards/crested-geckos/1264436,,"https://d20zyr0oabjxc2.cloudfront.net/variants/media/raw_images/mitch-a-tech/2022/10/20221025200901.205-3B4DBF40-B921-4DB0-B-396x396c.jpeg?signature=0B82B8F7AD3EB75256D2307CAE7AB750754F02AF79D2CB54289918D83394D1EB 2x, https://d20zyr0oabjxc2.cloudfront.net/variants/media/raw_images/mitch-a-tech/2022/10/20221025200901.205-3B4DBF40-B921-4DB0-B-198x198c.jpeg?signature=FC8DC7316EE68A6C6D560D1F2B1F0792945652C7762BC80054CF1A1B886B13B0 1x",
Red Super dalmatian,Red dalmatian,"https://d20zyr0oabjxc2.cloudfront.net/variants/media/raw_images/crittercovefl/2024/09/20240907041448.186-IMG_8614-396x396c.jpeg?signature=733D39C7B1BFA81F407861649A28BEF37278E6E40A4A3A549087D6BF61712C60 2x, https://d20zyr0oabjxc2.cloudfront.net/variants/media/raw_images/crittercovefl/2024/09/20240907041448.186-IMG_8614-198x198c.jpeg?signature=3153AC7D5FB3D5A2A6BC2F5FB6FCD79B4A75216FD5CDB6ED5CC560FB45CCC6F4 1x",/us/c/reptiles/lizards/crested-geckos/2559982,,"https://d20zyr0oabjxc2.cloudfront.net/variants/media/raw_images/crittercovefl/2024/09/20240907041448.186-IMG_8614-396x396c.jpeg?signature=733D39C7B1BFA81F407861649A28BEF37278E6E40A4A3A549087D6BF61712C60 2x, https://d20zyr0oabjxc2.cloudfront.net/variants/media/raw_images/crittercovefl/2024/09/20240907041448.186-IMG_8614-198x198c.jpeg?signature=3153AC7D5FB3D5A2A6BC2F5FB6FCD79B4A75216FD5CDB6ED5CC560FB45CCC6F4 1x",
RTB Super dalmatian,dalmatian,"https://d20zyr0oabjxc2.cloudfront.net/variants/media/raw_images/blacklanterncresteds/2024/09/20240926231314.946-IMG_9356-396x396c.jpeg?signature=5BE04315719F92824248446C0198CEE4CD37977500EC20AFDA72B5341ECA61E1 2x, https://d20zyr0oabjxc2.cloudfront.net/variants/media/raw_images/blacklanterncresteds/2024/09/20240926231314.946-IMG_9356-198x198c.jpeg?signature=B5E92414D8E01B1427C16D3F97AA519DBE6E7DB72F586C621A2819FB44683F35 1x",/us/c/reptiles/lizards/crested-geckos/1547962,,"https://d20zyr0oabjxc2.cloudfront.net/variants/media/raw_images/blacklanterncresteds/2024/09/20240926231314.946-IMG_9356-396x396c.jpeg?signature=5BE04315719F92824248446C0198CEE4CD37977500EC20AFDA72B5341ECA61E1 2x, https://d20zyr0oabjxc2.cloudfront.net/variants/media/raw_images/blacklanterncresteds/2024/09/20240926231314.946-IMG_9356-198x198c.jpeg?signature=B5E92414D8E01B1427C16D3F97AA519DBE6E7DB72F586C621A2819FB44683F35 1x",
Female Yellow dalmatian,Yellow dalmatian,"https://d20zyr0oabjxc2.cloudfront.net/variants/media/raw_images/blacklanterncresteds/2024/09/20240926225711.807-IMG_9461-396x396c.jpeg?signature=4156FCC7419AB188CB95BBDB0F89A96E632E61A05B0D797A27E9C8084C487B6C 2x, https://d20zyr0oabjxc2.cloudfront.net/variants/media/raw_images/blacklanterncresteds/2024/09/20240926225711.807-IMG_9461-198x198c.jpeg?signature=0EAE0ADB2F9D7AAE4E1232CD25463496ACD1149A1A388C497C3B12D06B45B49C 1x",/us/c/reptiles/lizards/crested-geckos/1547996,,"https://d20zyr0oabjxc2.cloudfront.net/variants/media/raw_images/blacklanterncresteds/2024/09/20240926225711.807-IMG_9461-396x396c.jpeg?signature=4156FCC7419AB188CB95BBDB0F89A96E632E61A05B0D797A27E9C8084C487B6C 2x, https://d20zyr0oabjxc2.cloudfront.net/variants/media/raw_images/blacklanterncresteds/2024/09/20240926225711.807-IMG_9461-198x198c.jpeg?signature=0EAE0ADB2F9D7AAE4E1232CD25463496ACD1149A1A388C497C3B12D06B45B49C 1x",
Male Red dalmatian Crested Gecko,Red dalmatian,"https://d20zyr0oabjxc2.cloudfront.net/variants/media/raw_images/sunnyreptiles690/2024/10/20241019033646.554-Attach0-396x396c.jpeg?signature=C363E81B208D9D8FF10DE0AFBF21800E9DEA93A72820E0F3BB8547A2CAF06C6E 2x, https://d20zyr0oabjxc2.cloudfront.net/variants/media/raw_images/sunnyreptiles690/2024/10/20241019033646.554-Attach0-198x198c.jpeg?signature=7E60F0EF9F3E9ABC0AC2FDFCA47E192F10630C43268F1B28267359D916AF28D6 1x",/us/c/reptiles/lizards/crested-geckos/2660403,,"https://d20zyr0oabjxc2.cloudfront.net/variants/media/raw_images/sunnyreptiles690/2024/10/20241019033646.554-Attach0-396x396c.jpeg?signature=C363E81B208D9D8FF10DE0AFBF21800E9DEA93A72820E0F3BB8547A2CAF06C6E 2x, https://d20zyr0oabjxc2.cloudfront.net/variants/media/raw_images/sunnyreptiles690/2024/10/20241019033646.554-Attach0-198x198c.jpeg?signature=7E60F0EF9F3E9ABC0AC2FDFCA47E192F10630C43268F1B28267359D916AF28D6 1x",
Crested Gecko dalmatian,dalmatian,"https://d20zyr0oabjxc2.cloudfront.net/variants/media/raw_images/authenticreptiles/2024/10/20241019030912.191-IMG_5798-396x396c.jpeg?signature=FF34638C947C2CB9B8DAA4F604348941AF2E87F2FC35BE17B4EA503A0B98C3B3 2x, https://d20zyr0oabjxc2.cloudfront.net/variants/media/raw_images/authenticreptiles/2024/10/20241019030912.191-IMG_5798-198x198c.jpeg?signature=4C7E1F5F380F39F612B721BD240379DA449E8132A6476CD4C57B9099BB306A7E 1x",/ca/c/reptiles/lizards/crested-geckos/2660370,,"https://d20zyr0oabjxc2.cloudfront.net/variants/media/raw_images/authenticreptiles/2024/10/20241019030912.191-IMG_5798-396x396c.jpeg?signature=FF34638C947C2CB9B8DAA4F604348941AF2E87F2FC35BE17B4EA503A0B98C3B3 2x, https://d20zyr0oabjxc2.cloudfront.net/variants/media/raw_images/authenticreptiles/2024/10/20241019030912.191-IMG_5798-198x198c.jpeg?signature=4C7E1F5F380F39F612B721BD240379DA449E8132A6476CD4C57B9099BB306A7E 1x",
Dark Base Orange dalmatian,Dark dalmatian,"https://d20zyr0oabjxc2.cloudfront.net/variants/media/raw_images/serenitygeckos/2024/03/20240322013102.801-IMG_0946-396x396c.jpeg?signature=44F4DF4CFEC82C2B576DCCFADCB7F67236C31D45DB7960CB180425D155C5B8C2 2x, https://d20zyr0oabjxc2.cloudfront.net/variants/media/raw_images/serenitygeckos/2024/03/20240322013102.801-IMG_0946-198x198c.jpeg?signature=C22EE557C3011A332C35D1E38D7231C0C2041A097E4EA4CEAB71469B4A83AA59 1x",/us/c/reptiles/lizards/crested-geckos/2237201,,"https://d20zyr0oabjxc2.cloudfront.net/variants/media/raw_images/serenitygeckos/2024/03/20240322013102.801-IMG_0946-396x396c.jpeg?signature=44F4DF4CFEC82C2B576DCCFADCB7F67236C31D45DB7960CB180425D155C5B8C2 2x, https://d20zyr0oabjxc2.cloudfront.net/variants/media/raw_images/serenitygeckos/2024/03/20240322013102.801-IMG_0946-198x198c.jpeg?signature=C22EE557C3011A332C35D1E38D7231C0C2041A097E4EA4CEAB71469B4A83AA59 1x",
dalmatian,dalmatian,"https://d20zyr0oabjxc2.cloudfront.net/variants/media/raw_images/serenitygeckos/2024/03/20240322084723.430-IMG_0934-396x396c.jpeg?signature=D0E2193A96CB278B4424D7A68E4B09303A494475BBEE84E9FA362FD01712BEBB 2x, https://d20zyr0oabjxc2.cloudfront.net/variants/media/raw_images/serenitygeckos/2024/03/20240322084723.430-IMG_0934-198x198c.jpeg?signature=2C61AC9A64EF1BDF73404B372214BD9E843280C099CFC3E09D4922862385F805 1x",/us/c/reptiles/lizards/crested-geckos/2237474,,"https://d20zyr0oabjxc2.cloudfront.net/variants/media/raw_images/serenitygeckos/2024/03/20240322084723.430-IMG_0934-396x396c.jpeg?signature=D0E2193A96CB278B4424D7A68E4B09303A494475BBEE84E9FA362FD01712BEBB 2x, https://d20zyr0oabjxc2.cloudfront.net/variants/media/raw_images/serenitygeckos/2024/03/20240322084723.430-IMG_0934-198x198c.jpeg?signature=2C61AC9A64EF1BDF73404B372214BD9E843280C099CFC3E09D4922862385F805 1x",
dalmatian Possible Halequin Male,dalmatian,"https://d20zyr0oabjxc2.cloudfront.net/variants/media/raw_images/steve11/2024/08/20240831235001.723-boycr2-396x396c.jpeg?signature=BE665142092C5C83A7CCD233F6C62494F6C68E275E1E5341F320F90FBDD2B422 2x, https://d20zyr0oabjxc2.cloudfront.net/variants/media/raw_images/steve11/2024/08/20240831235001.723-boycr2-198x198c.jpeg?signature=E88D051397EC3554010DD147E0C3A51735C7A0B4E0C1E00A4EEC57D066EBBEC7 1x",/us/c/reptiles/lizards/crested-geckos/2542082,,"https://d20zyr0oabjxc2.cloudfront.net/variants/media/raw_images/steve11/2024/08/20240831235001.723-boycr2-396x396c.jpeg?signature=BE665142092C5C83A7CCD233F6C62494F6C68E275E1E5341F320F90FBDD2B422 2x, https://d20zyr0oabjxc2.cloudfront.net/variants/media/raw_images/steve11/2024/08/20240831235001.723-boycr2-198x198c.jpeg?signature=E88D051397EC3554010DD147E0C3A51735C7A0B4E0C1E00A4EEC57D066EBBEC7 1x",
Red Spotted dalmatian,Red dalmatian,"https://d20zyr0oabjxc2.cloudfront.net/variants/media/raw_images/the_derpy_gecko/2024/09/20240924233921.216-IMG_6642-396x396c.jpeg?signature=06E5206AFD80BCB8EB32193049A4E3D91A02F3ACE89DFD2BAEC708E243F7D76C 2x, https://d20zyr0oabjxc2.cloudfront.net/variants/media/raw_images/the_derpy_gecko/2024/09/20240924233921.216-IMG_6642-198x198c.jpeg?signature=E1CCDBDA5618FCBD5B1E561B07D477B52A5634E97E4CAA269C672FB89785F14C 1x",/us/c/reptiles/lizards/crested-geckos/2604897,,"https://d20zyr0oabjxc2.cloudfront.net/variants/media/raw_images/the_derpy_gecko/2024/09/20240924233921.216-IMG_6642-396x396c.jpeg?signature=06E5206AFD80BCB8EB32193049A4E3D91A02F3ACE89DFD2BAEC708E243F7D76C 2x, https://d20zyr0oabjxc2.cloudfront.net/variants/media/raw_images/the_derpy_gecko/2024/09/20240924233921.216-IMG_6642-198x198c.jpeg?signature=E1CCDBDA5618FCBD5B1E561B07D477B52A5634E97E4CAA269C672FB89785F14C 1x",
Super dalmatian,dalmatian,"https://d20zyr0oabjxc2.cloudfront.net/variants/media/raw_images/the_derpy_gecko/2024/09/20240924233248.633-IMG_4927-396x396c.jpeg?signature=87D9E90CD062BD1E6ED93CE5F300A0B790FD47B2DE6C313AAA5BC9CF40F28918 2x, https://d20zyr0oabjxc2.cloudfront.net/variants/media/raw_images/the_derpy_gecko/2024/09/20240924233248.633-IMG_4927-198x198c.jpeg?signature=22FFD9329B9FEE8E9A562449EB40E0B9D8B9BAB40DBA7482430127F638533C0E 1x",/us/c/reptiles/lizards/crested-geckos/2604878,,"https://d20zyr0oabjxc2.cloudfront.net/variants/media/raw_images/the_derpy_gecko/2024/09/20240924233248.633-IMG_4927-396x396c.jpeg?signature=87D9E90CD062BD1E6ED93CE5F300A0B790FD47B2DE6C313AAA5BC9CF40F28918 2x, https://d20zyr0oabjxc2.cloudfront.net/variants/media/raw_images/the_derpy_gecko/2024/09/20240924233248.633-IMG_4927-198x198c.jpeg?signature=22FFD9329B9FEE8E9A562449EB40E0B9D8B9BAB40DBA7482430127F638533C0E 1x",
Possibly Gravid Yellow Super dalmatian,Yellow dalmatian,"https://d20zyr0oabjxc2.cloudfront.net/variants/media/raw_images/the_derpy_gecko/2024/09/20240924232812.120-IMG_6665-396x396c.jpeg?signature=80D0C16776F5B3B7908CB6810C581DD2C0DD70E4CF4A2A30938C20FA2744D73E 2x, https://d20zyr0oabjxc2.cloudfront.net/variants/media/raw_images/the_derpy_gecko/2024/09/20240924232812.120-IMG_6665-198x198c.jpeg?signature=36DF6885337916F15168C3D41212B0F7E485E6BE946FBE6354EBA114E391014D 1x",/us/c/reptiles/lizards/crested-geckos/2279362,,"https://d20zyr0oabjxc2.cloudfront.net/variants/media/raw_images/the_derpy_gecko/2024/09/20240924232812.120-IMG_6665-396x396c.jpeg?signature=80D0C16776F5B3B7908CB6810C581DD2C0DD70E4CF4A2A30938C20FA2744D73E 2x, https://d20zyr0oabjxc2.cloudfront.net/variants/media/raw_images/the_derpy_gecko/2024/09/20240924232812.120-IMG_6665-198x198c.jpeg?signature=36DF6885337916F15168C3D41212B0F7E485E6BE946FBE6354EBA114E391014D 1x",
Super dalmatian,dalmatian,"https://d20zyr0oabjxc2.cloudfront.net/variants/media/raw_images/jmarks/2024/08/20240831201836.44-IMG_0273-396x396c.jpeg?signature=AD8B7B33567A5A5D681666304AC341ACCE25290FCD0B9D85C3467CDCFE08FDAC 2x, https://d20zyr0oabjxc2.cloudfront.net/variants/media/raw_images/jmarks/2024/08/20240831201836.44-IMG_0273-198x198c.jpeg?signature=318E27E6D42B4906A393E058C63EFD69782B923F7A997E157F2B068E74894D83 1x",/us/c/reptiles/lizards/crested-geckos/2541469,,"https://d20zyr0oabjxc2.cloudfront.net/variants/media/raw_images/jmarks/2024/08/20240831201836.44-IMG_0273-396x396c.jpeg?signature=AD8B7B33567A5A5D681666304AC341ACCE25290FCD0B9D85C3467CDCFE08FDAC 2x, https://d20zyr0oabjxc2.cloudfront.net/variants/media/raw_images/jmarks/2024/08/20240831201836.44-IMG_0273-198x198c.jpeg?signature=318E27E6D42B4906A393E058C63EFD69782B923F7A997E157F2B068E74894D83 1x",
Super dalmatian,dalmatian,"https://d20zyr0oabjxc2.cloudfront.net/variants/media/raw_images/jmarks/2024/08/20240831201616.783-IMG_0272-396x396c.jpeg?signature=CF95F6E37952EE19C65B22FBFD39EAB5EFB88E5309224DDC5874402B7FCA1D54 2x, https://d20zyr0oabjxc2.cloudfront.net/variants/media/raw_images/jmarks/2024/08/20240831201616.783-IMG_0272-198x198c.jpeg?signature=DBEE197C499C24CF3D0F8D9440B07E680D713AFF5FAB1927615962A7841417A4 1x",/us/c/reptiles/lizards/crested-geckos/2541460,,"https://d20zyr0oabjxc2.cloudfront.net/variants/media/raw_images/jmarks/2024/08/20240831201616.783-IMG_0272-396x396c.jpeg?signature=CF95F6E37952EE19C65B22FBFD39EAB5EFB88E5309224DDC5874402B7FCA1D54 2x, https://d20zyr0oabjxc2.cloudfront.net/variants/media/raw_images/jmarks/2024/08/20240831201616.783-IMG_0272-198x198c.jpeg?signature=DBEE197C499C24CF3D0F8D9440B07E680D713AFF5FAB1927615962A7841417A4 1x",
Super dalmatian,dalmatian,"https://d20zyr0oabjxc2.cloudfront.net/variants/media/raw_images/jmarks/2024/08/20240831201410.203-IMG_0271-396x396c.jpeg?signature=B4CF79770806C96DB57947A70A232C43B16267F5E2FC2C4A30B9FF8FA21E7309 2x, https://d20zyr0oabjxc2.cloudfront.net/variants/media/raw_images/jmarks/2024/08/20240831201410.203-IMG_0271-198x198c.jpeg?signature=31D1D5DEA141F6A41CF9CDFEFDA129D2C7EFBB2843A60BB6550D162C453FF3CC 1x",/us/c/reptiles/lizards/crested-geckos/2541453,,"https://d20zyr0oabjxc2.cloudfront.net/variants/media/raw_images/jmarks/2024/08/20240831201410.203-IMG_0271-396x396c.jpeg?signature=B4CF79770806C96DB57947A70A232C43B16267F5E2FC2C4A30B9FF8FA21E7309 2x, https://d20zyr0oabjxc2.cloudfront.net/variants/media/raw_images/jmarks/2024/08/20240831201410.203-IMG_0271-198x198c.jpeg?signature=31D1D5DEA141F6A41CF9CDFEFDA129D2C7EFBB2843A60BB6550D162C453FF3CC 1x",
Super dalmatian,dalmatian,"https://d20zyr0oabjxc2.cloudfront.net/variants/media/raw_images/jmarks/2024/08/20240831201109.423-IMG_0269-396x396c.jpeg?signature=2EB0ED7D9966CEB1602AFC46B91E14976A722FEA3153276D7168C5842D9FA0D7 2x, https://d20zyr0oabjxc2.cloudfront.net/variants/media/raw_images/jmarks/2024/08/20240831201109.423-IMG_0269-198x198c.jpeg?signature=E0FCD0A575BB56A395CA9B3B1CF19724EB0C0EE4489FC0D8D8CB76D2AE23C8D0 1x",/us/c/reptiles/lizards/crested-geckos/2541447,,"https://d20zyr0oabjxc2.cloudfront.net/variants/media/raw_images/jmarks/2024/08/20240831201109.423-IMG_0269-396x396c.jpeg?signature=2EB0ED7D9966CEB1602AFC46B91E14976A722FEA3153276D7168C5842D9FA0D7 2x, https://d20zyr0oabjxc2.cloudfront.net/variants/media/raw_images/jmarks/2024/08/20240831201109.423-IMG_0269-198x198c.jpeg?signature=E0FCD0A575BB56A395CA9B3B1CF19724EB0C0EE4489FC0D8D8CB76D2AE23C8D0 1x",
Super dalmatian,dalmatian,"https://d20zyr0oabjxc2.cloudfront.net/variants/media/raw_images/jmarks/2024/08/20240831200823.896-IMG_0268-396x396c.jpeg?signature=6851171B67244880B372B44F049ED0CAE61940BA47C12BB2ACC75AA1D7F5FDC8 2x, https://d20zyr0oabjxc2.cloudfront.net/variants/media/raw_images/jmarks/2024/08/20240831200823.896-IMG_0268-198x198c.jpeg?signature=0F49C8F71BF0396F2FEF917283950417C5071354995E3B4B209408D5CD574509 1x",/us/c/reptiles/lizards/crested-geckos/2541438,,"https://d20zyr0oabjxc2.cloudfront.net/variants/media/raw_images/jmarks/2024/08/20240831200823.896-IMG_0268-396x396c.jpeg?signature=6851171B67244880B372B44F049ED0CAE61940BA47C12BB2ACC75AA1D7F5FDC8 2x, https://d20zyr0oabjxc2.cloudfront.net/variants/media/raw_images/jmarks/2024/08/20240831200823.896-IMG_0268-198x198c.jpeg?signature=0F49C8F71BF0396F2FEF917283950417C5071354995E3B4B209408D5CD574509 1x",
Super dalmatian,dalmatian,"https://d20zyr0oabjxc2.cloudfront.net/variants/media/raw_images/jmarks/2024/08/20240831200523.121-IMG_0266-396x396c.jpeg?signature=F4E2BB22F838D3F07D54EC59B6F811E6B80E5B08B210FA5E77ACE5BDA415B719 2x, https://d20zyr0oabjxc2.cloudfront.net/variants/media/raw_images/jmarks/2024/08/20240831200523.121-IMG_0266-198x198c.jpeg?signature=32AB3C45F77DDC8429B3630672EF551879450D764466BB974D0595A2A43C73B3 1x",/us/c/reptiles/lizards/crested-geckos/2541430,,"https://d20zyr0oabjxc2.cloudfront.net/variants/media/raw_images/jmarks/2024/08/20240831200523.121-IMG_0266-396x396c.jpeg?signature=F4E2BB22F838D3F07D54EC59B6F811E6B80E5B08B210FA5E77ACE5BDA415B719 2x, https://d20zyr0oabjxc2.cloudfront.net/variants/media/raw_images/jmarks/2024/08/20240831200523.121-IMG_0266-198x198c.jpeg?signature=32AB3C45F77DDC8429B3630672EF551879450D764466BB974D0595A2A43C73B3 1x",
Red dalmatian,Red dalmatian,"https://d20zyr0oabjxc2.cloudfront.net/variants/media/raw_images/celestialexoticsus/2024/07/20240726195724.451-DSC05950-396x396c.jpeg?signature=E4AF1A93C7D6793CB739986736B0C336E885D8DEBBA2AB6C4A20648039F7AF50 2x, https://d20zyr0oabjxc2.cloudfront.net/variants/media/raw_images/celestialexoticsus/2024/07/20240726195724.451-DSC05950-198x198c.jpeg?signature=C557E1126083C7445BE7988D6D1220A513D507E7826D07AC4D72EC6F5105F9AE 1x",/us/c/reptiles/lizards/crested-geckos/2455873,,"https://d20zyr0oabjxc2.cloudfront.net/variants/media/raw_images/celestialexoticsus/2024/07/20240726195724.451-DSC05950-396x396c.jpeg?signature=E4AF1A93C7D6793CB739986736B0C336E885D8DEBBA2AB6C4A20648039F7AF50 2x, https://d20zyr0oabjxc2.cloudfront.net/variants/media/raw_images/celestialexoticsus/2024/07/20240726195724.451-DSC05950-198x198c.jpeg?signature=C557E1126083C7445BE7988D6D1220A513D507E7826D07AC4D72EC6F5105F9AE 1x",
Young dalmatian Proven Breeding Pair,dalmatian,"https://d20zyr0oabjxc2.cloudfront.net/variants/media/raw_images/wonderfulgeckos/2024/10/20241018190409.738-D956706E-6480-4F3C-A-396x396c.jpeg?signature=B99678E0E1461242659A24B6D94DA7D44AA5601A17B233ABCB2C246C733F400A 2x, https://d20zyr0oabjxc2.cloudfront.net/variants/media/raw_images/wonderfulgeckos/2024/10/20241018190409.738-D956706E-6480-4F3C-A-198x198c.jpeg?signature=14E0A80EBDBBBAF1DDFD737990AF8E5FD3552761C28BC1295FA7D05DF4B64BE7 1x",/us/c/reptiles/lizards/crested-geckos/2659438,,"https://d20zyr0oabjxc2.cloudfront.net/variants/media/raw_images/wonderfulgeckos/2024/10/20241018190409.738-D956706E-6480-4F3C-A-396x396c.jpeg?signature=B99678E0E1461242659A24B6D94DA7D44AA5601A17B233ABCB2C246C733F400A 2x, https://d20zyr0oabjxc2.cloudfront.net/variants/media/raw_images/wonderfulgeckos/2024/10/20241018190409.738-D956706E-6480-4F3C-A-198x198c.jpeg?signature=14E0A80EBDBBBAF1DDFD737990AF8E5FD3552761C28BC1295FA7D05DF4B64BE7 1x",
Dark dalmatian Crested Gecko,Dark dalmatian,"https://d20zyr0oabjxc2.cloudfront.net/variants/media/raw_images/mariellagrace/2024/09/20240921174926.115-IMG_0451-396x396c.jpeg?signature=978AFDA346F071ED5C32F63A159CB891AA7FBBCDFCFFE7BA220B2EBAA87F27B9 2x, https://d20zyr0oabjxc2.cloudfront.net/variants/media/raw_images/mariellagrace/2024/09/20240921174926.115-IMG_0451-198x198c.jpeg?signature=313D02B846E8273D59B8FC692E66E72F02A323262CF9A6115CE7A6B644B81DDD 1x",/us/c/reptiles/lizards/crested-geckos/2596811,,"https://d20zyr0oabjxc2.cloudfront.net/variants/media/raw_images/mariellagrace/2024/09/20240921174926.115-IMG_0451-396x396c.jpeg?signature=978AFDA346F071ED5C32F63A159CB891AA7FBBCDFCFFE7BA220B2EBAA87F27B9 2x, https://d20zyr0oabjxc2.cloudfront.net/variants/media/raw_images/mariellagrace/2024/09/20240921174926.115-IMG_0451-198x198c.jpeg?signature=313D02B846E8273D59B8FC692E66E72F02A323262CF9A6115CE7A6B644B81DDD 1x",
Mardi Gras Super dalmatian,dalmatian,"https://d20zyr0oabjxc2.cloudfront.net/variants/media/raw_images/fringemorphs/2024/10/20241018164025.461-Harpie-396x396c.jpeg?signature=53C2B91884862E31170BCE266E5299542D84079AFADC0D9F661319312E943D25 2x, https://d20zyr0oabjxc2.cloudfront.net/variants/media/raw_images/fringemorphs/2024/10/20241018164025.461-Harpie-198x198c.jpeg?signature=FA992C5187B4306E6F1DA8952F18AC1FAAEF41D6ED3CF87E83235597FD0F2980 1x",/us/c/reptiles/lizards/crested-geckos/2659128,,"https://d20zyr0oabjxc2.cloudfront.net/variants/media/raw_images/fringemorphs/2024/10/20241018164025.461-Harpie-396x396c.jpeg?signature=53C2B91884862E31170BCE266E5299542D84079AFADC0D9F661319312E943D25 2x, https://d20zyr0oabjxc2.cloudfront.net/variants/media/raw_images/fringemorphs/2024/10/20241018164025.461-Harpie-198x198c.jpeg?signature=FA992C5187B4306E6F1DA8952F18AC1FAAEF41D6ED3CF87E83235597FD0F2980 1x",
Super dalmatian Awesome Male!,dalmatian,"https://d20zyr0oabjxc2.cloudfront.net/variants/media/raw_images/geckohaven/2024/09/20240930192253.400-SpBOFA91917.5gm7-396x396c.jpeg?signature=B0CE9116E6F4609AF8FE7D49902D714C9781F925A6CABA59424E5DEC0D760ED5 2x, https://d20zyr0oabjxc2.cloudfront.net/variants/media/raw_images/geckohaven/2024/09/20240930192253.400-SpBOFA91917.5gm7-198x198c.jpeg?signature=34D643F600FCA7ED104011988D40CC2832E6F210EF10A7E705329F0238BFD08E 1x",/us/c/reptiles/lizards/crested-geckos/2540712,,"https://d20zyr0oabjxc2.cloudfront.net/variants/media/raw_images/geckohaven/2024/09/20240930192253.400-SpBOFA91917.5gm7-396x396c.jpeg?signature=B0CE9116E6F4609AF8FE7D49902D714C9781F925A6CABA59424E5DEC0D760ED5 2x, https://d20zyr0oabjxc2.cloudfront.net/variants/media/raw_images/geckohaven/2024/09/20240930192253.400-SpBOFA91917.5gm7-198x198c.jpeg?signature=34D643F600FCA7ED104011988D40CC2832E6F210EF10A7E705329F0238BFD08E 1x",
dalmatian,dalmatian,"https://d20zyr0oabjxc2.cloudfront.net/variants/media/raw_images/geckohaven/2024/08/20240831154928.104-FaAiA1267gnp1-396x396c.jpeg?signature=F8F2CD28DB9403471D4173116FD5D0C1C38205F821D1BDD7656AE427E67A6AEE 2x, https://d20zyr0oabjxc2.cloudfront.net/variants/media/raw_images/geckohaven/2024/08/20240831154928.104-FaAiA1267gnp1-198x198c.jpeg?signature=1BBC6FA5B6ED72F23870ECD41C58D98D383C1EBD272133A70675B1687A542D4D 1x",/us/c/reptiles/lizards/crested-geckos/2540702,,"https://d20zyr0oabjxc2.cloudfront.net/variants/media/raw_images/geckohaven/2024/08/20240831154928.104-FaAiA1267gnp1-396x396c.jpeg?signature=F8F2CD28DB9403471D4173116FD5D0C1C38205F821D1BDD7656AE427E67A6AEE 2x, https://d20zyr0oabjxc2.cloudfront.net/variants/media/raw_images/geckohaven/2024/08/20240831154928.104-FaAiA1267gnp1-198x198c.jpeg?signature=1BBC6FA5B6ED72F23870ECD41C58D98D383C1EBD272133A70675B1687A542D4D 1x",
Orange dalmatian,dalmatian,"https://d20zyr0oabjxc2.cloudfront.net/variants/media/raw_images/geckohaven/2024/08/20240831145923.218-PaAi111316gM1-396x396c.jpeg?signature=26C570E234DF1A0CE6973F290B2C74E89E2F39E0E09AFBAE9C79491692F0CD68 2x, https://d20zyr0oabjxc2.cloudfront.net/variants/media/raw_images/geckohaven/2024/08/20240831145923.218-PaAi111316gM1-198x198c.jpeg?signature=555DE38048A0DF14F39D69BC44A3A92374872B52D2BBFD7C05DF85298A264108 1x",/us/c/reptiles/lizards/crested-geckos/2540598,,"https://d20zyr0oabjxc2.cloudfront.net/variants/media/raw_images/geckohaven/2024/08/20240831145923.218-PaAi111316gM1-396x396c.jpeg?signature=26C570E234DF1A0CE6973F290B2C74E89E2F39E0E09AFBAE9C79491692F0CD68 2x, https://d20zyr0oabjxc2.cloudfront.net/variants/media/raw_images/geckohaven/2024/08/20240831145923.218-PaAi111316gM1-198x198c.jpeg?signature=555DE38048A0DF14F39D69BC44A3A92374872B52D2BBFD7C05DF85298A264108 1x",
Dark Phantom dalmatian,Dark dalmatian,"https://d20zyr0oabjxc2.cloudfront.net/variants/media/raw_images/glenniegeckos/2024/09/20240924083533.880-1000001477-396x396c.jpeg?signature=CB059C523CBAD646EEE57BFE8D4138B3B99F2D28A3D2AAB0174A020083997E98 2x, https://d20zyr0oabjxc2.cloudfront.net/variants/media/raw_images/glenniegeckos/2024/09/20240924083533.880-1000001477-198x198c.jpeg?signature=AA58665D2649184F0A3E83386835D25CD2002B3D9DCAD63E602D794E9CE4A866 1x",/us/c/reptiles/lizards/crested-geckos/2603111,,"https://d20zyr0oabjxc2.cloudfront.net/variants/media/raw_images/glenniegeckos/2024/09/20240924083533.880-1000001477-396x396c.jpeg?signature=CB059C523CBAD646EEE57BFE8D4138B3B99F2D28A3D2AAB0174A020083997E98 2x, https://d20zyr0oabjxc2.cloudfront.net/variants/media/raw_images/glenniegeckos/2024/09/20240924083533.880-1000001477-198x198c.jpeg?signature=AA58665D2649184F0A3E83386835D25CD2002B3D9DCAD63E602D794E9CE4A866 1x",
Dark Phantom dalmatian,Dark dalmatian,"https://d20zyr0oabjxc2.cloudfront.net/variants/media/raw_images/glenniegeckos/2024/09/20240924083045.300-34c97187-9ce3-4100-8-396x396c.jpeg?signature=9CE89CCB65BAA818829F41D0F7C403F1199C3ED9E5057D8F45727EDFB75543EF 2x, https://d20zyr0oabjxc2.cloudfront.net/variants/media/raw_images/glenniegeckos/2024/09/20240924083045.300-34c97187-9ce3-4100-8-198x198c.jpeg?signature=CDAE553D08BC97EBDCD6561D6DC2EF7A2AA1D361C84944A598325FE2B6784F37 1x",/us/c/reptiles/lizards/crested-geckos/2603109,,"https://d20zyr0oabjxc2.cloudfront.net/variants/media/raw_images/glenniegeckos/2024/09/20240924083045.300-34c97187-9ce3-4100-8-396x396c.jpeg?signature=9CE89CCB65BAA818829F41D0F7C403F1199C3ED9E5057D8F45727EDFB75543EF 2x, https://d20zyr0oabjxc2.cloudfront.net/variants/media/raw_images/glenniegeckos/2024/09/20240924083045.300-34c97187-9ce3-4100-8-198x198c.jpeg?signature=CDAE553D08BC97EBDCD6561D6DC2EF7A2AA1D361C84944A598325FE2B6784F37 1x",
Cinnabar X Fuli - Pale Base Super dalmatian,dalmatian,"https://d20zyr0oabjxc2.cloudfront.net/variants/media/raw_images/echo_cheng/2024/06/20240620064051.875-IMG_1681-396x396c.jpeg?signature=B930A687A17A53728B3021494FBDB3D8DF8242FA7A168796158595294E7AD265 2x, https://d20zyr0oabjxc2.cloudfront.net/variants/media/raw_images/echo_cheng/2024/06/20240620064051.875-IMG_1681-198x198c.jpeg?signature=8B60A76007C02CABE084B2386315AD5C67D649F63894AF4E1ED3DEF06D0AD0EE 1x",/us/c/reptiles/lizards/crested-geckos/2387409,,"https://d20zyr0oabjxc2.cloudfront.net/variants/media/raw_images/echo_cheng/2024/06/20240620064051.875-IMG_1681-396x396c.jpeg?signature=B930A687A17A53728B3021494FBDB3D8DF8242FA7A168796158595294E7AD265 2x, https://d20zyr0oabjxc2.cloudfront.net/variants/media/raw_images/echo_cheng/2024/06/20240620064051.875-IMG_1681-198x198c.jpeg?signature=8B60A76007C02CABE084B2386315AD5C67D649F63894AF4E1ED3DEF06D0AD0EE 1x",
Oil Spot Splatter On Back Legs! Ink Spot Super dalmatian,dalmatian,"https://d20zyr0oabjxc2.cloudfront.net/variants/media/raw_images/echo_cheng/2024/06/20240620063808.168-IMG_1810-396x396c.jpeg?signature=5D91D18FDCA278E03E625A317307046400CFFCECAB74786523D1A1783B8795B7 2x, https://d20zyr0oabjxc2.cloudfront.net/variants/media/raw_images/echo_cheng/2024/06/20240620063808.168-IMG_1810-198x198c.jpeg?signature=7D1BD119F9D35F39029CA605EA502ABD1DD9568D18555265D19079C8F4639FA7 1x",/us/c/reptiles/lizards/crested-geckos/2387401,,"https://d20zyr0oabjxc2.cloudfront.net/variants/media/raw_images/echo_cheng/2024/06/20240620063808.168-IMG_1810-396x396c.jpeg?signature=5D91D18FDCA278E03E625A317307046400CFFCECAB74786523D1A1783B8795B7 2x, https://d20zyr0oabjxc2.cloudfront.net/variants/media/raw_images/echo_cheng/2024/06/20240620063808.168-IMG_1810-198x198c.jpeg?signature=7D1BD119F9D35F39029CA605EA502ABD1DD9568D18555265D19079C8F4639FA7 1x",
Yellow dalmatian Male,Yellow dalmatian,"https://d20zyr0oabjxc2.cloudfront.net/variants/media/raw_images/beastiebabies/2024/05/20240531104306.486-8F1BD2E9-B3EE-45D7-B-396x396c.jpeg?signature=756D15BD1F9240D59F5C5A9906A7AF6F7722FD6916E16FE59668274FD80759BC 2x, https://d20zyr0oabjxc2.cloudfront.net/variants/media/raw_images/beastiebabies/2024/05/20240531104306.486-8F1BD2E9-B3EE-45D7-B-198x198c.jpeg?signature=530F4C850712CC6D73B4CB8319626321E6C7885C9B09B72303694AB11E4A5D54 1x",/us/c/reptiles/lizards/crested-geckos/2266574,,"https://d20zyr0oabjxc2.cloudfront.net/variants/media/raw_images/beastiebabies/2024/05/20240531104306.486-8F1BD2E9-B3EE-45D7-B-396x396c.jpeg?signature=756D15BD1F9240D59F5C5A9906A7AF6F7722FD6916E16FE59668274FD80759BC 2x, https://d20zyr0oabjxc2.cloudfront.net/variants/media/raw_images/beastiebabies/2024/05/20240531104306.486-8F1BD2E9-B3EE-45D7-B-198x198c.jpeg?signature=530F4C850712CC6D73B4CB8319626321E6C7885C9B09B72303694AB11E4A5D54 1x",
48g Proven Female Yellow/pale Base Ink Spot Super dalmatian (Canada Lineage),Yellow/pale dalmatian,"https://d20zyr0oabjxc2.cloudfront.net/variants/media/raw_images/matrixexotics/2024/10/20241018032819.901-IMG_2196-396x396c.jpeg?signature=00B211A0C908997467CD92EEE5DDD13ABA303255D83D736885FF3E6990A01976 2x, https://d20zyr0oabjxc2.cloudfront.net/variants/media/raw_images/matrixexotics/2024/10/20241018032819.901-IMG_2196-198x198c.jpeg?signature=4A8DD2565979A5B11A4DA4A6F35ED42AD5604A5FE8402065DA7892611F82BFCF 1x",/us/c/reptiles/lizards/crested-geckos/2658309,,"https://d20zyr0oabjxc2.cloudfront.net/variants/media/raw_images/matrixexotics/2024/10/20241018032819.901-IMG_2196-396x396c.jpeg?signature=00B211A0C908997467CD92EEE5DDD13ABA303255D83D736885FF3E6990A01976 2x, https://d20zyr0oabjxc2.cloudfront.net/variants/media/raw_images/matrixexotics/2024/10/20241018032819.901-IMG_2196-198x198c.jpeg?signature=4A8DD2565979A5B11A4DA4A6F35ED42AD5604A5FE8402065DA7892611F82BFCF 1x",
Super dalmatian,dalmatian,"https://d20zyr0oabjxc2.cloudfront.net/variants/media/raw_images/homesweetreptiles/2024/08/20240810163021.689-31F4AADF-FF37-410F-B-396x396c.jpeg?signature=5105E655FA19656160A2BFF18593DC8730CF65B4D32BEF71E0AF80ADC3B3C152 2x, https://d20zyr0oabjxc2.cloudfront.net/variants/media/raw_images/homesweetreptiles/2024/08/20240810163021.689-31F4AADF-FF37-410F-B-198x198c.jpeg?signature=D0B91C7F1C541279F5DA1E635BA9B69782EB0C70E00699AAE206FC6C073C29D3 1x",/us/c/reptiles/lizards/crested-geckos/2489304,,"https://d20zyr0oabjxc2.cloudfront.net/variants/media/raw_images/homesweetreptiles/2024/08/20240810163021.689-31F4AADF-FF37-410F-B-396x396c.jpeg?signature=5105E655FA19656160A2BFF18593DC8730CF65B4D32BEF71E0AF80ADC3B3C152 2x, https://d20zyr0oabjxc2.cloudfront.net/variants/media/raw_images/homesweetreptiles/2024/08/20240810163021.689-31F4AADF-FF37-410F-B-198x198c.jpeg?signature=D0B91C7F1C541279F5DA1E635BA9B69782EB0C70E00699AAE206FC6C073C29D3 1x",
Red dalmatian,Red dalmatian,"https://d20zyr0oabjxc2.cloudfront.net/variants/media/raw_images/crystalscreatures/2024/10/20241017204121.933-1000032996-396x396c.jpeg?signature=3C07454B492E2D6BC85BD34A97C9324E017CC353A28FB17D35D72B0C27C5C41C 2x, https://d20zyr0oabjxc2.cloudfront.net/variants/media/raw_images/crystalscreatures/2024/10/20241017204121.933-1000032996-198x198c.jpeg?signature=019AE91B5273ACC3BBF968A2AD0DAF561DD0863F67B30FE90B8FF593CFB25085 1x",/us/c/reptiles/lizards/crested-geckos/2657405,,"https://d20zyr0oabjxc2.cloudfront.net/variants/media/raw_images/crystalscreatures/2024/10/20241017204121.933-1000032996-396x396c.jpeg?signature=3C07454B492E2D6BC85BD34A97C9324E017CC353A28FB17D35D72B0C27C5C41C 2x, https://d20zyr0oabjxc2.cloudfront.net/variants/media/raw_images/crystalscreatures/2024/10/20241017204121.933-1000032996-198x198c.jpeg?signature=019AE91B5273ACC3BBF968A2AD0DAF561DD0863F67B30FE90B8FF593CFB25085 1x",
Super dalmatian,dalmatian,"https://d20zyr0oabjxc2.cloudfront.net/variants/media/raw_images/crystalscreatures/2024/10/20241017203414.594-1000033007-396x396c.jpeg?signature=AC5DBF21507330511D1B5EE32A89F2A871760A0C4124F3A13E301D5C88BFE0FE 2x, https://d20zyr0oabjxc2.cloudfront.net/variants/media/raw_images/crystalscreatures/2024/10/20241017203414.594-1000033007-198x198c.jpeg?signature=E13C12DA8ED18650DA371806EDC20945FA718940A1F1B6DAC5ED7FFA6F5BC643 1x",/us/c/reptiles/lizards/crested-geckos/2657394,,"https://d20zyr0oabjxc2.cloudfront.net/variants/media/raw_images/crystalscreatures/2024/10/20241017203414.594-1000033007-396x396c.jpeg?signature=AC5DBF21507330511D1B5EE32A89F2A871760A0C4124F3A13E301D5C88BFE0FE 2x, https://d20zyr0oabjxc2.cloudfront.net/variants/media/raw_images/crystalscreatures/2024/10/20241017203414.594-1000033007-198x198c.jpeg?signature=E13C12DA8ED18650DA371806EDC20945FA718940A1F1B6DAC5ED7FFA6F5BC643 1x",
Super dalmatian Crested Gecko,dalmatian,"https://d20zyr0oabjxc2.cloudfront.net/variants/media/raw_images/homesweetreptiles/2024/08/20240816144850.383-4EAF795E-FFD1-4350-8-396x396c.jpeg?signature=447310CAD8AD897B52CF86C3EAB1C82044404F0DE96144A8DE38A8EA9A9755AC 2x, https://d20zyr0oabjxc2.cloudfront.net/variants/media/raw_images/homesweetreptiles/2024/08/20240816144850.383-4EAF795E-FFD1-4350-8-198x198c.jpeg?signature=1FE49A220EDDA9830BB15E7C0FCDB7F2312D20BDFEF442E043BCD0CD4E8893FC 1x",/us/c/reptiles/lizards/crested-geckos/2503246,,"https://d20zyr0oabjxc2.cloudfront.net/variants/media/raw_images/homesweetreptiles/2024/08/20240816144850.383-4EAF795E-FFD1-4350-8-396x396c.jpeg?signature=447310CAD8AD897B52CF86C3EAB1C82044404F0DE96144A8DE38A8EA9A9755AC 2x, https://d20zyr0oabjxc2.cloudfront.net/variants/media/raw_images/homesweetreptiles/2024/08/20240816144850.383-4EAF795E-FFD1-4350-8-198x198c.jpeg?signature=1FE49A220EDDA9830BB15E7C0FCDB7F2312D20BDFEF442E043BCD0CD4E8893FC 1x",
dalmatian,dalmatian,"https://d20zyr0oabjxc2.cloudfront.net/variants/media/raw_images/geckohaven/2024/05/20240526194329.909-AmSa829m30g2-396x396c.jpeg?signature=D292F7D6C0557605634FD8638A11533D052140E7ACCBE528B6AA4EEB27037252 2x, https://d20zyr0oabjxc2.cloudfront.net/variants/media/raw_images/geckohaven/2024/05/20240526194329.909-AmSa829m30g2-198x198c.jpeg?signature=78725C8B59F707F30DC18065B2640B5F7A4A3CE26F8BD252B6893BBBCF5BD6AB 1x",/us/c/reptiles/lizards/crested-geckos/2343637,,"https://d20zyr0oabjxc2.cloudfront.net/variants/media/raw_images/geckohaven/2024/05/20240526194329.909-AmSa829m30g2-396x396c.jpeg?signature=D292F7D6C0557605634FD8638A11533D052140E7ACCBE528B6AA4EEB27037252 2x, https://d20zyr0oabjxc2.cloudfront.net/variants/media/raw_images/geckohaven/2024/05/20240526194329.909-AmSa829m30g2-198x198c.jpeg?signature=78725C8B59F707F30DC18065B2640B5F7A4A3CE26F8BD252B6893BBBCF5BD6AB 1x",
Super dalmatian,dalmatian,"https://d20zyr0oabjxc2.cloudfront.net/variants/media/raw_images/henry1877/2024/09/20240920191604.433-P9203351-396x396c.jpeg?signature=20D2F947A36330D165DFA5EB90988296687002E57F754ACA65231D93C1318826 2x, https://d20zyr0oabjxc2.cloudfront.net/variants/media/raw_images/henry1877/2024/09/20240920191604.433-P9203351-198x198c.jpeg?signature=BA6C2235CC6D42584E1A51FEEF8C6FEFF1B7C5069DEB3CE8DC09A0A2F4BF20C8 1x",/us/c/reptiles/lizards/crested-geckos/2594607,,"https://d20zyr0oabjxc2.cloudfront.net/variants/media/raw_images/henry1877/2024/09/20240920191604.433-P9203351-396x396c.jpeg?signature=20D2F947A36330D165DFA5EB90988296687002E57F754ACA65231D93C1318826 2x, https://d20zyr0oabjxc2.cloudfront.net/variants/media/raw_images/henry1877/2024/09/20240920191604.433-P9203351-198x198c.jpeg?signature=BA6C2235CC6D42584E1A51FEEF8C6FEFF1B7C5069DEB3CE8DC09A0A2F4BF20C8 1x",
Red dalmatian,Red dalmatian,"https://d20zyr0oabjxc2.cloudfront.net/variants/media/raw_images/geckohaven/2024/07/20240727172938.251-MaFrB725F12g3-396x396c.jpeg?signature=06B323DE09F2BBC670D487F23267F73C0C1669BCBED18E2F044CB6AA6DC4F59F 2x, https://d20zyr0oabjxc2.cloudfront.net/variants/media/raw_images/geckohaven/2024/07/20240727172938.251-MaFrB725F12g3-198x198c.jpeg?signature=801EE3721DF3025D5378CA9E037DFDE3441C171D45C7B0A6370B00603DC07CED 1x",/us/c/reptiles/lizards/crested-geckos/2343584,,"https://d20zyr0oabjxc2.cloudfront.net/variants/media/raw_images/geckohaven/2024/07/20240727172938.251-MaFrB725F12g3-396x396c.jpeg?signature=06B323DE09F2BBC670D487F23267F73C0C1669BCBED18E2F044CB6AA6DC4F59F 2x, https://d20zyr0oabjxc2.cloudfront.net/variants/media/raw_images/geckohaven/2024/07/20240727172938.251-MaFrB725F12g3-198x198c.jpeg?signature=801EE3721DF3025D5378CA9E037DFDE3441C171D45C7B0A6370B00603DC07CED 1x",
Patterned dalmatian,dalmatian,"https://d20zyr0oabjxc2.cloudfront.net/variants/media/raw_images/geckohaven/2024/05/20240526181657.220-StHrB83m12g2-396x396c.jpeg?signature=3A11529EECC07351D3975219FFE18F0D41E8291351FCB8328554D352A234BDF5 2x, https://d20zyr0oabjxc2.cloudfront.net/variants/media/raw_images/geckohaven/2024/05/20240526181657.220-StHrB83m12g2-198x198c.jpeg?signature=A801392FEAD79277494118A25318268778E013EC238ADF266828A067EA03319C 1x",/us/c/reptiles/lizards/crested-geckos/2343504,,"https://d20zyr0oabjxc2.cloudfront.net/variants/media/raw_images/geckohaven/2024/05/20240526181657.220-StHrB83m12g2-396x396c.jpeg?signature=3A11529EECC07351D3975219FFE18F0D41E8291351FCB8328554D352A234BDF5 2x, https://d20zyr0oabjxc2.cloudfront.net/variants/media/raw_images/geckohaven/2024/05/20240526181657.220-StHrB83m12g2-198x198c.jpeg?signature=A801392FEAD79277494118A25318268778E013EC238ADF266828A067EA03319C 1x",
Harelquin W/ dalmatian Spots,dalmatian,"https://d20zyr0oabjxc2.cloudfront.net/variants/media/raw_images/geckohaven/2024/05/20240526175604.996-StHr825f3-396x396c.jpeg?signature=6E74442FEDD12109CB01D76AE9DFFDC714A734FA86600D3C3AF14B925C2B1750 2x, https://d20zyr0oabjxc2.cloudfront.net/variants/media/raw_images/geckohaven/2024/05/20240526175604.996-StHr825f3-198x198c.jpeg?signature=167FD0B98DF2F3D4BA511816325CCA65D753F097B0839743169A4FAAC08191F9 1x",/us/c/reptiles/lizards/crested-geckos/2343486,,"https://d20zyr0oabjxc2.cloudfront.net/variants/media/raw_images/geckohaven/2024/05/20240526175604.996-StHr825f3-396x396c.jpeg?signature=6E74442FEDD12109CB01D76AE9DFFDC714A734FA86600D3C3AF14B925C2B1750 2x, https://d20zyr0oabjxc2.cloudfront.net/variants/media/raw_images/geckohaven/2024/05/20240526175604.996-StHr825f3-198x198c.jpeg?signature=167FD0B98DF2F3D4BA511816325CCA65D753F097B0839743169A4FAAC08191F9 1x",
dalmatian Patterned,dalmatian,"https://d20zyr0oabjxc2.cloudfront.net/variants/media/raw_images/geckohaven/2024/05/20240526173053.901-StHrF11g1-396x396c.jpeg?signature=B8EFB449CFA96B76B1BF543DF947A3D6E1270D1E89C9AA2BDEC3F2D7F2452AD2 2x, https://d20zyr0oabjxc2.cloudfront.net/variants/media/raw_images/geckohaven/2024/05/20240526173053.901-StHrF11g1-198x198c.jpeg?signature=AFCFA3982074048C60B537F3A39EB5A88ABF06B9E19F6474E8D30C05D95FB2E7 1x",/us/c/reptiles/lizards/crested-geckos/2343459,,"https://d20zyr0oabjxc2.cloudfront.net/variants/media/raw_images/geckohaven/2024/05/20240526173053.901-StHrF11g1-396x396c.jpeg?signature=B8EFB449CFA96B76B1BF543DF947A3D6E1270D1E89C9AA2BDEC3F2D7F2452AD2 2x, https://d20zyr0oabjxc2.cloudfront.net/variants/media/raw_images/geckohaven/2024/05/20240526173053.901-StHrF11g1-198x198c.jpeg?signature=AFCFA3982074048C60B537F3A39EB5A88ABF06B9E19F6474E8D30C05D95FB2E7 1x",
Pos Halloween dalmatian,dalmatian,"https://d20zyr0oabjxc2.cloudfront.net/variants/media/raw_images/kdavidson/2024/10/20241017160829.302-20241015_194625-396x396c.jpeg?signature=4476F4B3387B09FBE922F3855CCAFBF515886777013378D8AC4D3DB13F813CAF 2x, https://d20zyr0oabjxc2.cloudfront.net/variants/media/raw_images/kdavidson/2024/10/20241017160829.302-20241015_194625-198x198c.jpeg?signature=E8C0D99381E5590C60850BFC8D771B0F3D5C1DC25B9EFF43033051A0BE246A48 1x",/us/c/reptiles/lizards/crested-geckos/2656584,,"https://d20zyr0oabjxc2.cloudfront.net/variants/media/raw_images/kdavidson/2024/10/20241017160829.302-20241015_194625-396x396c.jpeg?signature=4476F4B3387B09FBE922F3855CCAFBF515886777013378D8AC4D3DB13F813CAF 2x, https://d20zyr0oabjxc2.cloudfront.net/variants/media/raw_images/kdavidson/2024/10/20241017160829.302-20241015_194625-198x198c.jpeg?signature=E8C0D99381E5590C60850BFC8D771B0F3D5C1DC25B9EFF43033051A0BE246A48 1x",
Super dalmatian W/ Red Spots,dalmatian Red,"https://d20zyr0oabjxc2.cloudfront.net/variants/media/raw_images/geckohaven/2024/11/20241102195415.152-GrAiA812F23g7-396x396c.jpeg?signature=EC5084444189F8C717130B0CC73D1C0A72977487961E6F17BC2B2FB852438441 2x, https://d20zyr0oabjxc2.cloudfront.net/variants/media/raw_images/geckohaven/2024/11/20241102195415.152-GrAiA812F23g7-198x198c.jpeg?signature=2BEEA7ED8E712312D9C6E7C25876B74CDD843089DBE045BD3DA13897B4EF4A55 1x",/us/c/reptiles/lizards/crested-geckos/2309139,,"https://d20zyr0oabjxc2.cloudfront.net/variants/media/raw_images/geckohaven/2024/11/20241102195415.152-GrAiA812F23g7-396x396c.jpeg?signature=EC5084444189F8C717130B0CC73D1C0A72977487961E6F17BC2B2FB852438441 2x, https://d20zyr0oabjxc2.cloudfront.net/variants/media/raw_images/geckohaven/2024/11/20241102195415.152-GrAiA812F23g7-198x198c.jpeg?signature=2BEEA7ED8E712312D9C6E7C25876B74CDD843089DBE045BD3DA13897B4EF4A55 1x",
Red Phantom dalmatian,Red dalmatian,"https://d20zyr0oabjxc2.cloudfront.net/variants/media/raw_images/kdavidson/2024/10/20241017153239.454-Screenshot_20241017_-396x396c.jpeg?signature=B897BC17346FB142BF98A96B284783AB084F160F6F753264A53A374BBF74E7B8 2x, https://d20zyr0oabjxc2.cloudfront.net/variants/media/raw_images/kdavidson/2024/10/20241017153239.454-Screenshot_20241017_-198x198c.jpeg?signature=B19476AB8C44E0EF37CB3EC3D5E4F8529DA84425F76F1DF29C9400E810D4F4C4 1x",/us/c/reptiles/lizards/crested-geckos/2656459,,"https://d20zyr0oabjxc2.cloudfront.net/variants/media/raw_images/kdavidson/2024/10/20241017153239.454-Screenshot_20241017_-396x396c.jpeg?signature=B897BC17346FB142BF98A96B284783AB084F160F6F753264A53A374BBF74E7B8 2x, https://d20zyr0oabjxc2.cloudfront.net/variants/media/raw_images/kdavidson/2024/10/20241017153239.454-Screenshot_20241017_-198x198c.jpeg?signature=B19476AB8C44E0EF37CB3EC3D5E4F8529DA84425F76F1DF29C9400E810D4F4C4 1x",
Super dalmatian ,dalmatian,"https://d20zyr0oabjxc2.cloudfront.net/variants/media/raw_images/nateturenate/2024/10/20241017122939.87-IMG_0338-396x396c.jpeg?signature=A14245A40A50E54EEAC21997BD892114699A2B66A157783D1BD95D3C4BB2A25E 2x, https://d20zyr0oabjxc2.cloudfront.net/variants/media/raw_images/nateturenate/2024/10/20241017122939.87-IMG_0338-198x198c.jpeg?signature=291CFE26FF96507AF257F1F213A93DB363B9A021D50471018E5F3048FEBBB63B 1x",/us/c/reptiles/lizards/crested-geckos/2656183,,"https://d20zyr0oabjxc2.cloudfront.net/variants/media/raw_images/nateturenate/2024/10/20241017122939.87-IMG_0338-396x396c.jpeg?signature=A14245A40A50E54EEAC21997BD892114699A2B66A157783D1BD95D3C4BB2A25E 2x, https://d20zyr0oabjxc2.cloudfront.net/variants/media/raw_images/nateturenate/2024/10/20241017122939.87-IMG_0338-198x198c.jpeg?signature=291CFE26FF96507AF257F1F213A93DB363B9A021D50471018E5F3048FEBBB63B 1x",
Super dalmatian (Superdalmatian),dalmatian (Superdalmatian),"https://d20zyr0oabjxc2.cloudfront.net/variants/media/raw_images/troysgeckos/2024/07/20240704115941.974-MMGrp.13D2023-02-396x396c.jpeg?signature=344AC098C24E78F1127478B423D15F8B9AB7607261512725EE5240C8D05A2878 2x, https://d20zyr0oabjxc2.cloudfront.net/variants/media/raw_images/troysgeckos/2024/07/20240704115941.974-MMGrp.13D2023-02-198x198c.jpeg?signature=3A40EEB9410D8AFC33221B7417A3D64B77AF4D6A70DC44C9FC2622C5370C5C80 1x",/us/c/reptiles/lizards/crested-geckos/2413279,,"https://d20zyr0oabjxc2.cloudfront.net/variants/media/raw_images/troysgeckos/2024/07/20240704115941.974-MMGrp.13D2023-02-396x396c.jpeg?signature=344AC098C24E78F1127478B423D15F8B9AB7607261512725EE5240C8D05A2878 2x, https://d20zyr0oabjxc2.cloudfront.net/variants/media/raw_images/troysgeckos/2024/07/20240704115941.974-MMGrp.13D2023-02-198x198c.jpeg?signature=3A40EEB9410D8AFC33221B7417A3D64B77AF4D6A70DC44C9FC2622C5370C5C80 1x",
Red dalmatian,Red dalmatian,"https://d20zyr0oabjxc2.cloudfront.net/variants/media/raw_images/baileyg/2024/10/20241017061130.545-1000023447-396x396c.jpeg?signature=77DC1CCA9B04AA3BA5435B26A9EC4C18B50703049BE03E2359A134A122508102 2x, https://d20zyr0oabjxc2.cloudfront.net/variants/media/raw_images/baileyg/2024/10/20241017061130.545-1000023447-198x198c.jpeg?signature=FA43F098F7FCAB60B71CA938BCC7E11493116361E47DFDEB02AC163FFC59C54C 1x",/us/c/reptiles/lizards/crested-geckos/2655950,,"https://d20zyr0oabjxc2.cloudfront.net/variants/media/raw_images/baileyg/2024/10/20241017061130.545-1000023447-396x396c.jpeg?signature=77DC1CCA9B04AA3BA5435B26A9EC4C18B50703049BE03E2359A134A122508102 2x, https://d20zyr0oabjxc2.cloudfront.net/variants/media/raw_images/baileyg/2024/10/20241017061130.545-1000023447-198x198c.jpeg?signature=FA43F098F7FCAB60B71CA938BCC7E11493116361E47DFDEB02AC163FFC59C54C 1x",
Red Phantom Super dalmatian Crested Gecko W/ Red Spots,Red dalmatian Red,"https://d20zyr0oabjxc2.cloudfront.net/variants/media/raw_images/tikisgeckos/2024/09/20240923050812.649-redsuperdalmatian_1024x102-396x396c.jpeg?signature=96C3E073A6EFA295C52FD43BE9BA0B5BD7E6F229C70614CC7B8B1B91EBBDDBC3 2x, https://d20zyr0oabjxc2.cloudfront.net/variants/media/raw_images/tikisgeckos/2024/09/20240923050812.649-redsuperdalmatian_1024x102-198x198c.jpeg?signature=C1C40731C6D540B4AA757F7BCF12F0E7C2007A745C68CC36E16619E5365955A0 1x",/us/c/reptiles/lizards/crested-geckos/2600717,,"https://d20zyr0oabjxc2.cloudfront.net/variants/media/raw_images/tikisgeckos/2024/09/20240923050812.649-redsuperdalmatian_1024x102-396x396c.jpeg?signature=96C3E073A6EFA295C52FD43BE9BA0B5BD7E6F229C70614CC7B8B1B91EBBDDBC3 2x, https://d20zyr0oabjxc2.cloudfront.net/variants/media/raw_images/tikisgeckos/2024/09/20240923050812.649-redsuperdalmatian_1024x102-198x198c.jpeg?signature=C1C40731C6D540B4AA757F7BCF12F0E7C2007A745C68CC36E16619E5365955A0 1x",
(M) Yellow Super dalmatian,Yellow dalmatian,"https://d20zyr0oabjxc2.cloudfront.net/variants/media/raw_images/bertopiageckos/2024/07/20240722015356.61-IMG_0278-396x396c.jpeg?signature=22D0DE5A48488EE4649C133700F3E6103D7E31C97DC330D5EBBB175166E1394C 2x, https://d20zyr0oabjxc2.cloudfront.net/variants/media/raw_images/bertopiageckos/2024/07/20240722015356.61-IMG_0278-198x198c.jpeg?signature=5E3DCE59A8AF4B597D87B3609443CEDDE50E4A050BBA67DC98F13ECF6D3A98FE 1x",/us/c/reptiles/lizards/crested-geckos/2374382,,"https://d20zyr0oabjxc2.cloudfront.net/variants/media/raw_images/bertopiageckos/2024/07/20240722015356.61-IMG_0278-396x396c.jpeg?signature=22D0DE5A48488EE4649C133700F3E6103D7E31C97DC330D5EBBB175166E1394C 2x, https://d20zyr0oabjxc2.cloudfront.net/variants/media/raw_images/bertopiageckos/2024/07/20240722015356.61-IMG_0278-198x198c.jpeg?signature=5E3DCE59A8AF4B597D87B3609443CEDDE50E4A050BBA67DC98F13ECF6D3A98FE 1x",
Pos Paradox Yellow dalmatian Female,Yellow dalmatian,"https://d20zyr0oabjxc2.cloudfront.net/variants/media/raw_images/mmrogge/2024/04/20240408180401.914-20240331_210945-396x396c.jpeg?signature=F63A9FAF83E5C02280BDE0E394C2797C6C6FA7F8304CF49E1B071164388FB667 2x, https://d20zyr0oabjxc2.cloudfront.net/variants/media/raw_images/mmrogge/2024/04/20240408180401.914-20240331_210945-198x198c.jpeg?signature=CD71E9AF7C52828D53D1AA4A8620E880E7A11C124D1D8B3B088A0FE5F97BCA4C 1x",/us/c/reptiles/lizards/crested-geckos/2477695,,"https://d20zyr0oabjxc2.cloudfront.net/variants/media/raw_images/mmrogge/2024/04/20240408180401.914-20240331_210945-396x396c.jpeg?signature=F63A9FAF83E5C02280BDE0E394C2797C6C6FA7F8304CF49E1B071164388FB667 2x, https://d20zyr0oabjxc2.cloudfront.net/variants/media/raw_images/mmrogge/2024/04/20240408180401.914-20240331_210945-198x198c.jpeg?signature=CD71E9AF7C52828D53D1AA4A8620E880E7A11C124D1D8B3B088A0FE5F97BCA4C 1x",
Yellow dalmatian,Yellow dalmatian,"https://d20zyr0oabjxc2.cloudfront.net/variants/media/raw_images/bertopiageckos/2024/07/20240722015712.635-IMG_0280-396x396c.jpeg?signature=B03DF5F0D04176DCA4888DCDAA6C9DCA53CAC023CCF49D7F93084013E21729A1 2x, https://d20zyr0oabjxc2.cloudfront.net/variants/media/raw_images/bertopiageckos/2024/07/20240722015712.635-IMG_0280-198x198c.jpeg?signature=B22EF3B414A22F91E9349D316E9825093F699DA1B0CE8A3C917A5864CA2DE56D 1x",/us/c/reptiles/lizards/crested-geckos/2374356,,"https://d20zyr0oabjxc2.cloudfront.net/variants/media/raw_images/bertopiageckos/2024/07/20240722015712.635-IMG_0280-396x396c.jpeg?signature=B03DF5F0D04176DCA4888DCDAA6C9DCA53CAC023CCF49D7F93084013E21729A1 2x, https://d20zyr0oabjxc2.cloudfront.net/variants/media/raw_images/bertopiageckos/2024/07/20240722015712.635-IMG_0280-198x198c.jpeg?signature=B22EF3B414A22F91E9349D316E9825093F699DA1B0CE8A3C917A5864CA2DE56D 1x",
Red dalmatian,Red dalmatian,"https://d20zyr0oabjxc2.cloudfront.net/variants/media/raw_images/rhibay3/2024/08/20240820165059.834-1000014454-396x396c.jpeg?signature=35425AAE20422BB28C2FD76A59C4937422EB18706C4CB6E6CDC15E8CCE0A0023 2x, https://d20zyr0oabjxc2.cloudfront.net/variants/media/raw_images/rhibay3/2024/08/20240820165059.834-1000014454-198x198c.jpeg?signature=5B50973891D7F07FEBE8A81C6FE6DFB1148C219C8B2FFB0C136AD27B0F9E3EFA 1x",/us/c/reptiles/lizards/crested-geckos/2512475,,"https://d20zyr0oabjxc2.cloudfront.net/variants/media/raw_images/rhibay3/2024/08/20240820165059.834-1000014454-396x396c.jpeg?signature=35425AAE20422BB28C2FD76A59C4937422EB18706C4CB6E6CDC15E8CCE0A0023 2x, https://d20zyr0oabjxc2.cloudfront.net/variants/media/raw_images/rhibay3/2024/08/20240820165059.834-1000014454-198x198c.jpeg?signature=5B50973891D7F07FEBE8A81C6FE6DFB1148C219C8B2FFB0C136AD27B0F9E3EFA 1x",
50% OFF - Super Soft Scale + Whitewall (Aberrant) + Het Empty Back + dalmatian - Lavender/Black Base Color - 57g Male,dalmatian,"https://d20zyr0oabjxc2.cloudfront.net/variants/media/raw_images/acr/2024/10/20241016175756.706-0924-M26_57g-2-396x396c.jpeg?signature=8BCA80BB7F4A6AE4E5270C22C3B574FE06C975DEA6FAD390E0D65A0554DBE3B9 2x, https://d20zyr0oabjxc2.cloudfront.net/variants/media/raw_images/acr/2024/10/20241016175756.706-0924-M26_57g-2-198x198c.jpeg?signature=E2040C47C253BF7BA1F2130C2E54DC5961964F3750B376DCB8BB17A0A1D67075 1x",/us/c/reptiles/lizards/crested-geckos/2654217,,"https://d20zyr0oabjxc2.cloudfront.net/variants/media/raw_images/acr/2024/10/20241016175756.706-0924-M26_57g-2-396x396c.jpeg?signature=8BCA80BB7F4A6AE4E5270C22C3B574FE06C975DEA6FAD390E0D65A0554DBE3B9 2x, https://d20zyr0oabjxc2.cloudfront.net/variants/media/raw_images/acr/2024/10/20241016175756.706-0924-M26_57g-2-198x198c.jpeg?signature=E2040C47C253BF7BA1F2130C2E54DC5961964F3750B376DCB8BB17A0A1D67075 1x",
Super dalmatian,dalmatian,"https://d20zyr0oabjxc2.cloudfront.net/variants/media/raw_images/btzreptiles/2024/09/20240919174229.481-IMG_8890-396x396c.jpeg?signature=891E67D77195FC1574EB893C4D3B87DDD3E846966EA63EC9824D24CAE1FB45A2 2x, https://d20zyr0oabjxc2.cloudfront.net/variants/media/raw_images/btzreptiles/2024/09/20240919174229.481-IMG_8890-198x198c.jpeg?signature=A82377913B0B52DEA80704DA7564DE27B2B273ADEC43F4AB5CAEC7C10F4D6C73 1x",/us/c/reptiles/lizards/crested-geckos/2591871,,"https://d20zyr0oabjxc2.cloudfront.net/variants/media/raw_images/btzreptiles/2024/09/20240919174229.481-IMG_8890-396x396c.jpeg?signature=891E67D77195FC1574EB893C4D3B87DDD3E846966EA63EC9824D24CAE1FB45A2 2x, https://d20zyr0oabjxc2.cloudfront.net/variants/media/raw_images/btzreptiles/2024/09/20240919174229.481-IMG_8890-198x198c.jpeg?signature=A82377913B0B52DEA80704DA7564DE27B2B273ADEC43F4AB5CAEC7C10F4D6C73 1x",
"Primarily ALL RED SPOT dalmatian ""Hella Jelly""",RED dalmatian,"https://d20zyr0oabjxc2.cloudfront.net/variants/media/raw_images/kates_colorful_cresteds/2024/05/20240502204704.256-1000054382-396x396c.jpeg?signature=465E758C10789299124BC9E331774F9592E52C1A86CD8E9CA7586D2E6803EF06 2x, https://d20zyr0oabjxc2.cloudfront.net/variants/media/raw_images/kates_colorful_cresteds/2024/05/20240502204704.256-1000054382-198x198c.jpeg?signature=4A3DEDE3B148FC3530C4208FFB70729FFFF81C458E9FC8EDFC3E88B7A03C8A65 1x",/us/c/reptiles/lizards/crested-geckos/2202416,,"https://d20zyr0oabjxc2.cloudfront.net/variants/media/raw_images/kates_colorful_cresteds/2024/05/20240502204704.256-1000054382-396x396c.jpeg?signature=465E758C10789299124BC9E331774F9592E52C1A86CD8E9CA7586D2E6803EF06 2x, https://d20zyr0oabjxc2.cloudfront.net/variants/media/raw_images/kates_colorful_cresteds/2024/05/20240502204704.256-1000054382-198x198c.jpeg?signature=4A3DEDE3B148FC3530C4208FFB70729FFFF81C458E9FC8EDFC3E88B7A03C8A65 1x",
"Bright Yellow Prob. Super dalmatian ""Skedaddle""",Yellow dalmatian,"https://d20zyr0oabjxc2.cloudfront.net/variants/media/raw_images/kates_colorful_cresteds/2024/03/20240302204759.683-1000049305-396x396c.jpeg?signature=A07A679A1BF5C1D9685937A93AE242C96B0814010E9149A2FA02652226D60C44 2x, https://d20zyr0oabjxc2.cloudfront.net/variants/media/raw_images/kates_colorful_cresteds/2024/03/20240302204759.683-1000049305-198x198c.jpeg?signature=16955403762223E0D0B44080146F49D8087A09E33415EBCA7BB334B90E3FBF18 1x",/us/c/reptiles/lizards/crested-geckos/2034623,,"https://d20zyr0oabjxc2.cloudfront.net/variants/media/raw_images/kates_colorful_cresteds/2024/03/20240302204759.683-1000049305-396x396c.jpeg?signature=A07A679A1BF5C1D9685937A93AE242C96B0814010E9149A2FA02652226D60C44 2x, https://d20zyr0oabjxc2.cloudfront.net/variants/media/raw_images/kates_colorful_cresteds/2024/03/20240302204759.683-1000049305-198x198c.jpeg?signature=16955403762223E0D0B44080146F49D8087A09E33415EBCA7BB334B90E3FBF18 1x",
50% OFF - Phantom + Whitewall + Super dalmatian + Soft Scale + Margin (Neck) - Genetic Powerhouse - 55g Male,dalmatian,"https://d20zyr0oabjxc2.cloudfront.net/variants/media/raw_images/acr/2024/10/20241016170621.619-0924-M19_55g-2-396x396c.jpeg?signature=48232ACC3A09AE8CA15E60D198F6E221948A657819F8679A7F9588DA87152F78 2x, https://d20zyr0oabjxc2.cloudfront.net/variants/media/raw_images/acr/2024/10/20241016170621.619-0924-M19_55g-2-198x198c.jpeg?signature=98861A603CA41A7025C72E8AF0196A0C64A5C15BB6E28BE6D00930AEB7BB726A 1x",/us/c/reptiles/lizards/crested-geckos/2654066,,"https://d20zyr0oabjxc2.cloudfront.net/variants/media/raw_images/acr/2024/10/20241016170621.619-0924-M19_55g-2-396x396c.jpeg?signature=48232ACC3A09AE8CA15E60D198F6E221948A657819F8679A7F9588DA87152F78 2x, https://d20zyr0oabjxc2.cloudfront.net/variants/media/raw_images/acr/2024/10/20241016170621.619-0924-M19_55g-2-198x198c.jpeg?signature=98861A603CA41A7025C72E8AF0196A0C64A5C15BB6E28BE6D00930AEB7BB726A 1x",
50% OFF - dalmatian + Portholes + Whiteout (Meaning Het For GIANT Portholes) - Clean Red Base Color From Red X Red Pairing - 41g Female,dalmatian Red Red Red,"https://d20zyr0oabjxc2.cloudfront.net/variants/media/raw_images/acr/2024/10/20241016164809.731-0924-F15_41g-3-396x396c.jpeg?signature=24B68390D210908B27990614BB103BC2ED26E21D68740744C7C5663094777798 2x, https://d20zyr0oabjxc2.cloudfront.net/variants/media/raw_images/acr/2024/10/20241016164809.731-0924-F15_41g-3-198x198c.jpeg?signature=1BD641188492CF2FAB5ADADD842BAC08599F392954712A1B0E804F8CA55621B1 1x",/us/c/reptiles/lizards/crested-geckos/2654018,,"https://d20zyr0oabjxc2.cloudfront.net/variants/media/raw_images/acr/2024/10/20241016164809.731-0924-F15_41g-3-396x396c.jpeg?signature=24B68390D210908B27990614BB103BC2ED26E21D68740744C7C5663094777798 2x, https://d20zyr0oabjxc2.cloudfront.net/variants/media/raw_images/acr/2024/10/20241016164809.731-0924-F15_41g-3-198x198c.jpeg?signature=1BD641188492CF2FAB5ADADD842BAC08599F392954712A1B0E804F8CA55621B1 1x",
202410 Super dalmatian,dalmatian,"https://d20zyr0oabjxc2.cloudfront.net/variants/media/raw_images/grayscresteds/2024/10/20241016162050.212-IMG_2796-396x396c.jpeg?signature=EC6E9BFAE51D1B4B4E3EADEC3A31353246DE4A3F6C1F1657A8D8C3FF683C5E44 2x, https://d20zyr0oabjxc2.cloudfront.net/variants/media/raw_images/grayscresteds/2024/10/20241016162050.212-IMG_2796-198x198c.jpeg?signature=CF535AC7019ECB5726DD655EA88B4A186F27AC16ECA25DDA3283670051E55BEB 1x",/us/c/reptiles/lizards/crested-geckos/2653927,,"https://d20zyr0oabjxc2.cloudfront.net/variants/media/raw_images/grayscresteds/2024/10/20241016162050.212-IMG_2796-396x396c.jpeg?signature=EC6E9BFAE51D1B4B4E3EADEC3A31353246DE4A3F6C1F1657A8D8C3FF683C5E44 2x, https://d20zyr0oabjxc2.cloudfront.net/variants/media/raw_images/grayscresteds/2024/10/20241016162050.212-IMG_2796-198x198c.jpeg?signature=CF535AC7019ECB5726DD655EA88B4A186F27AC16ECA25DDA3283670051E55BEB 1x",
50% OFF - Phantom + Super dalmatian + Whiteout X Porthole Laterals (Het For Giant Whitewall X Portholes) - 43g Male,dalmatian,"https://d20zyr0oabjxc2.cloudfront.net/variants/media/raw_images/acr/2024/10/20241016161630.955-0924-M13_43g-4-396x396c.jpeg?signature=50FBFA2481153CCC14B6A7E2FDE59C5DD0CAFDA447E9C53A40A8F39F2C2E6D7E 2x, https://d20zyr0oabjxc2.cloudfront.net/variants/media/raw_images/acr/2024/10/20241016161630.955-0924-M13_43g-4-198x198c.jpeg?signature=1818BAFDEED22086D1884E8B47DD7740F3BB00E7D5E3C98306A3C4654D09EBF4 1x",/us/c/reptiles/lizards/crested-geckos/2653902,,"https://d20zyr0oabjxc2.cloudfront.net/variants/media/raw_images/acr/2024/10/20241016161630.955-0924-M13_43g-4-396x396c.jpeg?signature=50FBFA2481153CCC14B6A7E2FDE59C5DD0CAFDA447E9C53A40A8F39F2C2E6D7E 2x, https://d20zyr0oabjxc2.cloudfront.net/variants/media/raw_images/acr/2024/10/20241016161630.955-0924-M13_43g-4-198x198c.jpeg?signature=1818BAFDEED22086D1884E8B47DD7740F3BB00E7D5E3C98306A3C4654D09EBF4 1x",
50% OFF - Phantom + Super dalmatian + Super Soft Scale + Whitewall Laterals - Drop-Dead Stunner With GIANT dalmatian. Spots - 55g Male,dalmatian dalmatian.,"https://d20zyr0oabjxc2.cloudfront.net/variants/media/raw_images/acr/2024/10/20241016155547.286-0924-M11_55g-3-396x396c.jpeg?signature=50436D85AC817B32F0FB16BA69D0B695259CFC1629937FC878FBB0D185691FF2 2x, https://d20zyr0oabjxc2.cloudfront.net/variants/media/raw_images/acr/2024/10/20241016155547.286-0924-M11_55g-3-198x198c.jpeg?signature=1F8C1DE19DD13533358654375E6EEF43040E77FB516AA2B5A548F6A65DF528AF 1x",/us/c/reptiles/lizards/crested-geckos/2653818,,"https://d20zyr0oabjxc2.cloudfront.net/variants/media/raw_images/acr/2024/10/20241016155547.286-0924-M11_55g-3-396x396c.jpeg?signature=50436D85AC817B32F0FB16BA69D0B695259CFC1629937FC878FBB0D185691FF2 2x, https://d20zyr0oabjxc2.cloudfront.net/variants/media/raw_images/acr/2024/10/20241016155547.286-0924-M11_55g-3-198x198c.jpeg?signature=1F8C1DE19DD13533358654375E6EEF43040E77FB516AA2B5A548F6A65DF528AF 1x",
Super dalmatian 50% Het Axanthic,dalmatian,"https://d20zyr0oabjxc2.cloudfront.net/variants/media/raw_images/cbrown24/2024/10/20241016154339.230-1000002411-396x396c.jpeg?signature=685B4D0915AF2B10E73ACC3F3EC141D7F6782B83347DEB5F5616569991A05093 2x, https://d20zyr0oabjxc2.cloudfront.net/variants/media/raw_images/cbrown24/2024/10/20241016154339.230-1000002411-198x198c.jpeg?signature=B5EFEE3A68FB102DECF3FE71BEBD4779D3C04728E78E3CC6E3A57B146156A837 1x",/us/c/reptiles/lizards/crested-geckos/2653780,,"https://d20zyr0oabjxc2.cloudfront.net/variants/media/raw_images/cbrown24/2024/10/20241016154339.230-1000002411-396x396c.jpeg?signature=685B4D0915AF2B10E73ACC3F3EC141D7F6782B83347DEB5F5616569991A05093 2x, https://d20zyr0oabjxc2.cloudfront.net/variants/media/raw_images/cbrown24/2024/10/20241016154339.230-1000002411-198x198c.jpeg?signature=B5EFEE3A68FB102DECF3FE71BEBD4779D3C04728E78E3CC6E3A57B146156A837 1x",
20244 Phantom With dalmatian Spot ,dalmatian,"https://d20zyr0oabjxc2.cloudfront.net/variants/media/raw_images/grayscresteds/2024/10/20241016153929.467-IMG_2766-396x396c.jpeg?signature=FFC34FA22DF82FF89457E1798AE8E67C5FBFA19AAD281C290F38DF0FB84AFB39 2x, https://d20zyr0oabjxc2.cloudfront.net/variants/media/raw_images/grayscresteds/2024/10/20241016153929.467-IMG_2766-198x198c.jpeg?signature=4C9318EE7CCE4A68785C5139DFF5625D9375CB06449BA7204A29A38482F0423A 1x",/us/c/reptiles/lizards/crested-geckos/2653778,,"https://d20zyr0oabjxc2.cloudfront.net/variants/media/raw_images/grayscresteds/2024/10/20241016153929.467-IMG_2766-396x396c.jpeg?signature=FFC34FA22DF82FF89457E1798AE8E67C5FBFA19AAD281C290F38DF0FB84AFB39 2x, https://d20zyr0oabjxc2.cloudfront.net/variants/media/raw_images/grayscresteds/2024/10/20241016153929.467-IMG_2766-198x198c.jpeg?signature=4C9318EE7CCE4A68785C5139DFF5625D9375CB06449BA7204A29A38482F0423A 1x",
Female dalmatian,dalmatian,"https://d20zyr0oabjxc2.cloudfront.net/variants/media/raw_images/meghanalvino/2024/09/20240919153453.504-20240919_112225-396x396c.jpeg?signature=07D3B2F58C173C3CB6D275EDB14A33EE11CAA5CEF6C621877ECFA82A1C67FA83 2x, https://d20zyr0oabjxc2.cloudfront.net/variants/media/raw_images/meghanalvino/2024/09/20240919153453.504-20240919_112225-198x198c.jpeg?signature=CBA3BB9B89B947C33079098E6DFEDDD6FD296EF7650DFDB302C38F6803C97CB4 1x",/us/c/reptiles/lizards/crested-geckos/2591461,,"https://d20zyr0oabjxc2.cloudfront.net/variants/media/raw_images/meghanalvino/2024/09/20240919153453.504-20240919_112225-396x396c.jpeg?signature=07D3B2F58C173C3CB6D275EDB14A33EE11CAA5CEF6C621877ECFA82A1C67FA83 2x, https://d20zyr0oabjxc2.cloudfront.net/variants/media/raw_images/meghanalvino/2024/09/20240919153453.504-20240919_112225-198x198c.jpeg?signature=CBA3BB9B89B947C33079098E6DFEDDD6FD296EF7650DFDB302C38F6803C97CB4 1x",
Yellow dalmatian,Yellow dalmatian,"https://d20zyr0oabjxc2.cloudfront.net/variants/media/raw_images/meghanalvino/2024/08/20240828123700.412-20240823_145236-396x396c.jpeg?signature=659294B187519B43F0E0B907E5D0775CD5FBCDAAD098F20EB6E32C2CD40843C2 2x, https://d20zyr0oabjxc2.cloudfront.net/variants/media/raw_images/meghanalvino/2024/08/20240828123700.412-20240823_145236-198x198c.jpeg?signature=184A823E40D42BB02D5BA98CAA2EEA2B321A5F89927CE0F9080E4E2FEB8A2FFA 1x",/us/c/reptiles/lizards/crested-geckos/2213447,,"https://d20zyr0oabjxc2.cloudfront.net/variants/media/raw_images/meghanalvino/2024/08/20240828123700.412-20240823_145236-396x396c.jpeg?signature=659294B187519B43F0E0B907E5D0775CD5FBCDAAD098F20EB6E32C2CD40843C2 2x, https://d20zyr0oabjxc2.cloudfront.net/variants/media/raw_images/meghanalvino/2024/08/20240828123700.412-20240823_145236-198x198c.jpeg?signature=184A823E40D42BB02D5BA98CAA2EEA2B321A5F89927CE0F9080E4E2FEB8A2FFA 1x",
Confetti Super dalmatian,dalmatian,"https://d20zyr0oabjxc2.cloudfront.net/variants/media/raw_images/kayla4451/2024/02/20240201233546.640-DRdalmatian6-396x396c.jpeg?signature=1F5971F79ED9E901CA7CE8E576E2AD9AE35C87133B1CF4225A334D885D7C7118 2x, https://d20zyr0oabjxc2.cloudfront.net/variants/media/raw_images/kayla4451/2024/02/20240201233546.640-DRdalmatian6-198x198c.jpeg?signature=C186C05279CB18F9C521DF531C8A84B9FCD3C7A840648E60D142A620AEADC0C8 1x",/us/c/reptiles/lizards/crested-geckos/2007606,,"https://d20zyr0oabjxc2.cloudfront.net/variants/media/raw_images/kayla4451/2024/02/20240201233546.640-DRdalmatian6-396x396c.jpeg?signature=1F5971F79ED9E901CA7CE8E576E2AD9AE35C87133B1CF4225A334D885D7C7118 2x, https://d20zyr0oabjxc2.cloudfront.net/variants/media/raw_images/kayla4451/2024/02/20240201233546.640-DRdalmatian6-198x198c.jpeg?signature=C186C05279CB18F9C521DF531C8A84B9FCD3C7A840648E60D142A620AEADC0C8 1x",
50% OFF - Phantom + dalmatian + Whitewall + Paper White - Citrus X Tangerine Lineage - 64g Female,dalmatian,"https://d20zyr0oabjxc2.cloudfront.net/variants/media/raw_images/acr/2024/10/20241016144727.460-0924-F6_64g-5-396x396c.jpeg?signature=44168715507FCE5235F6207D824D87E64E934079E39F195E0F97B6A5932D80BC 2x, https://d20zyr0oabjxc2.cloudfront.net/variants/media/raw_images/acr/2024/10/20241016144727.460-0924-F6_64g-5-198x198c.jpeg?signature=DEC7EE11729141017A285A1530574642DD07E74108527AB0948F918BE7258EE1 1x",/us/c/reptiles/lizards/crested-geckos/2653590,,"https://d20zyr0oabjxc2.cloudfront.net/variants/media/raw_images/acr/2024/10/20241016144727.460-0924-F6_64g-5-396x396c.jpeg?signature=44168715507FCE5235F6207D824D87E64E934079E39F195E0F97B6A5932D80BC 2x, https://d20zyr0oabjxc2.cloudfront.net/variants/media/raw_images/acr/2024/10/20241016144727.460-0924-F6_64g-5-198x198c.jpeg?signature=DEC7EE11729141017A285A1530574642DD07E74108527AB0948F918BE7258EE1 1x",
Cappuccino Super dalmatian,dalmatian,"https://d20zyr0oabjxc2.cloudfront.net/variants/media/raw_images/mfloyd87/2024/10/20241016144851.962-IMG_3026-396x396c.jpeg?signature=B389A71D359CAE09A1EB51904EE7DC6C935E7BB79F708F336DFB4CD8E99D3338 2x, https://d20zyr0oabjxc2.cloudfront.net/variants/media/raw_images/mfloyd87/2024/10/20241016144851.962-IMG_3026-198x198c.jpeg?signature=D992DAB19465A2F1451F45D22A74EFB6CFE11FF6A16473926E88052571026C58 1x",/us/c/reptiles/lizards/crested-geckos/2653567,,"https://d20zyr0oabjxc2.cloudfront.net/variants/media/raw_images/mfloyd87/2024/10/20241016144851.962-IMG_3026-396x396c.jpeg?signature=B389A71D359CAE09A1EB51904EE7DC6C935E7BB79F708F336DFB4CD8E99D3338 2x, https://d20zyr0oabjxc2.cloudfront.net/variants/media/raw_images/mfloyd87/2024/10/20241016144851.962-IMG_3026-198x198c.jpeg?signature=D992DAB19465A2F1451F45D22A74EFB6CFE11FF6A16473926E88052571026C58 1x",
50% OFF - Soft Scale + Tangerine + Whitewall + dalmatian (Weird Ink Spot!) + Het Empty Back (Super Stripe) - 54g Male,dalmatian,"https://d20zyr0oabjxc2.cloudfront.net/variants/media/raw_images/acr/2024/10/20241016142104.731-0924-M2_70g-55g-2-396x396c.jpeg?signature=994279157287BE4105DCC9594CAE5EDF7669A5BBB3B12C1CC394E890107A7D32 2x, https://d20zyr0oabjxc2.cloudfront.net/variants/media/raw_images/acr/2024/10/20241016142104.731-0924-M2_70g-55g-2-198x198c.jpeg?signature=0DB3CF45B1E836BECA17244E8C5D5718D27E5828438E63FB11F25BD3D40612C2 1x",/us/c/reptiles/lizards/crested-geckos/2653538,,"https://d20zyr0oabjxc2.cloudfront.net/variants/media/raw_images/acr/2024/10/20241016142104.731-0924-M2_70g-55g-2-396x396c.jpeg?signature=994279157287BE4105DCC9594CAE5EDF7669A5BBB3B12C1CC394E890107A7D32 2x, https://d20zyr0oabjxc2.cloudfront.net/variants/media/raw_images/acr/2024/10/20241016142104.731-0924-M2_70g-55g-2-198x198c.jpeg?signature=0DB3CF45B1E836BECA17244E8C5D5718D27E5828438E63FB11F25BD3D40612C2 1x",
Yellow And White Super dalmatian,Yellow dalmatian,"https://d20zyr0oabjxc2.cloudfront.net/variants/media/raw_images/geck_olife/2024/10/20241016035452.396-Screenshot2024-10-1-396x396c.jpeg?signature=134F608D08BDADAB714325C808EF35E60C69A88EF92FDB7A84A7F0B2C779AEF3 2x, https://d20zyr0oabjxc2.cloudfront.net/variants/media/raw_images/geck_olife/2024/10/20241016035452.396-Screenshot2024-10-1-198x198c.jpeg?signature=D5D518654B38C960031C49C3F81736EA5321A71A4DB5BB1DA5E83391DD64E7D9 1x",/us/c/reptiles/lizards/crested-geckos/2652950,,"https://d20zyr0oabjxc2.cloudfront.net/variants/media/raw_images/geck_olife/2024/10/20241016035452.396-Screenshot2024-10-1-396x396c.jpeg?signature=134F608D08BDADAB714325C808EF35E60C69A88EF92FDB7A84A7F0B2C779AEF3 2x, https://d20zyr0oabjxc2.cloudfront.net/variants/media/raw_images/geck_olife/2024/10/20241016035452.396-Screenshot2024-10-1-198x198c.jpeg?signature=D5D518654B38C960031C49C3F81736EA5321A71A4DB5BB1DA5E83391DD64E7D9 1x",
Red Phantom With dalmatian Spots,Red dalmatian,"https://d20zyr0oabjxc2.cloudfront.net/variants/media/raw_images/kdavidson/2024/10/20241016021821.34-20241015_110242-396x396c.jpeg?signature=FA526F165650F6206125EB1FB9569A898CEFFBB5C90269F4D2020BA229204E11 2x, https://d20zyr0oabjxc2.cloudfront.net/variants/media/raw_images/kdavidson/2024/10/20241016021821.34-20241015_110242-198x198c.jpeg?signature=7584BE0DEA87700FD08D2C7A5E7F7B4DB9F1802EB432411FC53CC25CCA1DDBD9 1x",/us/c/reptiles/lizards/crested-geckos/2652829,,"https://d20zyr0oabjxc2.cloudfront.net/variants/media/raw_images/kdavidson/2024/10/20241016021821.34-20241015_110242-396x396c.jpeg?signature=FA526F165650F6206125EB1FB9569A898CEFFBB5C90269F4D2020BA229204E11 2x, https://d20zyr0oabjxc2.cloudfront.net/variants/media/raw_images/kdavidson/2024/10/20241016021821.34-20241015_110242-198x198c.jpeg?signature=7584BE0DEA87700FD08D2C7A5E7F7B4DB9F1802EB432411FC53CC25CCA1DDBD9 1x",
Yellow Bicolor With dalmatian Spots,Yellow dalmatian,"https://d20zyr0oabjxc2.cloudfront.net/variants/media/raw_images/kdavidson/2024/10/20241016021339.455-20241015_110150-396x396c.jpeg?signature=851F2CC621906691561D81867099B5190E7F8E008E1EC3D9526F2858778760FF 2x, https://d20zyr0oabjxc2.cloudfront.net/variants/media/raw_images/kdavidson/2024/10/20241016021339.455-20241015_110150-198x198c.jpeg?signature=3307124862AEAB5FBE1065681A1502B40E08DB378F53E7BC2E39D6EC58E7D290 1x",/us/c/reptiles/lizards/crested-geckos/2652823,,"https://d20zyr0oabjxc2.cloudfront.net/variants/media/raw_images/kdavidson/2024/10/20241016021339.455-20241015_110150-396x396c.jpeg?signature=851F2CC621906691561D81867099B5190E7F8E008E1EC3D9526F2858778760FF 2x, https://d20zyr0oabjxc2.cloudfront.net/variants/media/raw_images/kdavidson/2024/10/20241016021339.455-20241015_110150-198x198c.jpeg?signature=3307124862AEAB5FBE1065681A1502B40E08DB378F53E7BC2E39D6EC58E7D290 1x",
Red Phantom dalmatian,Red dalmatian,"https://d20zyr0oabjxc2.cloudfront.net/variants/media/raw_images/kdavidson/2024/10/20241016010151.697-20241015_105613-396x396c.jpeg?signature=7D5100E898E391DC7BC298CC388E14F53F3DD73BD7EABCD5F55B4BD107099232 2x, https://d20zyr0oabjxc2.cloudfront.net/variants/media/raw_images/kdavidson/2024/10/20241016010151.697-20241015_105613-198x198c.jpeg?signature=DFAF38ACE570924A9614CB426A30D87782C582D7EDB84FC2C914D3BDFD670CBE 1x",/us/c/reptiles/lizards/crested-geckos/2652618,,"https://d20zyr0oabjxc2.cloudfront.net/variants/media/raw_images/kdavidson/2024/10/20241016010151.697-20241015_105613-396x396c.jpeg?signature=7D5100E898E391DC7BC298CC388E14F53F3DD73BD7EABCD5F55B4BD107099232 2x, https://d20zyr0oabjxc2.cloudfront.net/variants/media/raw_images/kdavidson/2024/10/20241016010151.697-20241015_105613-198x198c.jpeg?signature=DFAF38ACE570924A9614CB426A30D87782C582D7EDB84FC2C914D3BDFD670CBE 1x",
Dusty Red dalmatian Lily White Lineage,Red dalmatian,"https://d20zyr0oabjxc2.cloudfront.net/variants/media/raw_images/kdavidson/2024/10/20241016000955.256-20241015_105234-396x396c.jpeg?signature=C8C1A5AA12EDB7E8445DFA2F3243E4C886947C7EE1A71A15339C0667288AC502 2x, https://d20zyr0oabjxc2.cloudfront.net/variants/media/raw_images/kdavidson/2024/10/20241016000955.256-20241015_105234-198x198c.jpeg?signature=635D9FAF2E3747123CA1735D9A81A622D1086E441242EA7043CE6B887C72FCEA 1x",/us/c/reptiles/lizards/crested-geckos/2652464,,"https://d20zyr0oabjxc2.cloudfront.net/variants/media/raw_images/kdavidson/2024/10/20241016000955.256-20241015_105234-396x396c.jpeg?signature=C8C1A5AA12EDB7E8445DFA2F3243E4C886947C7EE1A71A15339C0667288AC502 2x, https://d20zyr0oabjxc2.cloudfront.net/variants/media/raw_images/kdavidson/2024/10/20241016000955.256-20241015_105234-198x198c.jpeg?signature=635D9FAF2E3747123CA1735D9A81A622D1086E441242EA7043CE6B887C72FCEA 1x",
dalmatian,dalmatian,"https://d20zyr0oabjxc2.cloudfront.net/variants/media/raw_images/smitty198245/2024/05/20240512234941.72-1000014314-396x396c.jpeg?signature=8AAEA32E7C5C8C9D74E904E0A31F63631F3070D13DC33B62C90296B74C3F5C43 2x, https://d20zyr0oabjxc2.cloudfront.net/variants/media/raw_images/smitty198245/2024/05/20240512234941.72-1000014314-198x198c.jpeg?signature=4A60D592A48BD23B0816ACD2F49B62E4459CAA20E586BD0512CDE7AFA0EA961B 1x",/us/c/reptiles/lizards/crested-geckos/2308481,,"https://d20zyr0oabjxc2.cloudfront.net/variants/media/raw_images/smitty198245/2024/05/20240512234941.72-1000014314-396x396c.jpeg?signature=8AAEA32E7C5C8C9D74E904E0A31F63631F3070D13DC33B62C90296B74C3F5C43 2x, https://d20zyr0oabjxc2.cloudfront.net/variants/media/raw_images/smitty198245/2024/05/20240512234941.72-1000014314-198x198c.jpeg?signature=4A60D592A48BD23B0816ACD2F49B62E4459CAA20E586BD0512CDE7AFA0EA961B 1x",
💛Yellow dalmatian 💛,💛Yellow dalmatian,"https://d20zyr0oabjxc2.cloudfront.net/variants/media/raw_images/ariste/2024/08/20240829000316.1-1000001474-396x396c.jpeg?signature=D4A2F774FF710514185EE4EADE1AB3BA9D069C7D4C57CFE94B475F14DB9DD0EE 2x, https://d20zyr0oabjxc2.cloudfront.net/variants/media/raw_images/ariste/2024/08/20240829000316.1-1000001474-198x198c.jpeg?signature=B1A13D6A151097D30E43FD17976E5E4C200CDCB78685799B1BCA6F8E23B5E092 1x",/us/c/reptiles/lizards/crested-geckos/2534021,,"https://d20zyr0oabjxc2.cloudfront.net/variants/media/raw_images/ariste/2024/08/20240829000316.1-1000001474-396x396c.jpeg?signature=D4A2F774FF710514185EE4EADE1AB3BA9D069C7D4C57CFE94B475F14DB9DD0EE 2x, https://d20zyr0oabjxc2.cloudfront.net/variants/media/raw_images/ariste/2024/08/20240829000316.1-1000001474-198x198c.jpeg?signature=B1A13D6A151097D30E43FD17976E5E4C200CDCB78685799B1BCA6F8E23B5E092 1x",
Yellow Freckled dalmatian,Yellow dalmatian,"https://d20zyr0oabjxc2.cloudfront.net/variants/media/raw_images/kdavidson/2024/10/20241015233542.508-20241015_104639-396x396c.jpeg?signature=826FFE4A261B0B06B63F5770ABDEC8600DD4B740BAAE30CC1C12C7583E6A8798 2x, https://d20zyr0oabjxc2.cloudfront.net/variants/media/raw_images/kdavidson/2024/10/20241015233542.508-20241015_104639-198x198c.jpeg?signature=E9B286FB2CE1D7A2B8105DF31ADADAC6BF976408C2A88A76B146D98D8C5F42D5 1x",/us/c/reptiles/lizards/crested-geckos/2652322,,"https://d20zyr0oabjxc2.cloudfront.net/variants/media/raw_images/kdavidson/2024/10/20241015233542.508-20241015_104639-396x396c.jpeg?signature=826FFE4A261B0B06B63F5770ABDEC8600DD4B740BAAE30CC1C12C7583E6A8798 2x, https://d20zyr0oabjxc2.cloudfront.net/variants/media/raw_images/kdavidson/2024/10/20241015233542.508-20241015_104639-198x198c.jpeg?signature=E9B286FB2CE1D7A2B8105DF31ADADAC6BF976408C2A88A76B146D98D8C5F42D5 1x",
Female Phantom dalmatian,dalmatian,"https://d20zyr0oabjxc2.cloudfront.net/variants/media/raw_images/geckoemporium/2024/10/20241015232505.392-20241003_163729-396x396c.jpeg?signature=3730FE00F2E15DD20E1DA6F0DA987F2281EC817F4B5B2E6238E319E65AEEF8AB 2x, https://d20zyr0oabjxc2.cloudfront.net/variants/media/raw_images/geckoemporium/2024/10/20241015232505.392-20241003_163729-198x198c.jpeg?signature=6E968B60B44453160F80359A38AE3D7CE9133B5E746BBF093D563AB6482EE360 1x",/us/c/reptiles/lizards/crested-geckos/2652280,,"https://d20zyr0oabjxc2.cloudfront.net/variants/media/raw_images/geckoemporium/2024/10/20241015232505.392-20241003_163729-396x396c.jpeg?signature=3730FE00F2E15DD20E1DA6F0DA987F2281EC817F4B5B2E6238E319E65AEEF8AB 2x, https://d20zyr0oabjxc2.cloudfront.net/variants/media/raw_images/geckoemporium/2024/10/20241015232505.392-20241003_163729-198x198c.jpeg?signature=6E968B60B44453160F80359A38AE3D7CE9133B5E746BBF093D563AB6482EE360 1x",
"Dusty Treadmill, Red dalmatian With Portholes Proven Female Crested Gecko",Red dalmatian,"https://d20zyr0oabjxc2.cloudfront.net/variants/media/raw_images/smugbug/2024/09/20240903214538.310-dustytreadmilltop-396x396c.jpeg?signature=0F07A2733CA0E7B44E77E0A94F5954499C08AFC4CBF5D66B931EC3E48D921E2D 2x, https://d20zyr0oabjxc2.cloudfront.net/variants/media/raw_images/smugbug/2024/09/20240903214538.310-dustytreadmilltop-198x198c.jpeg?signature=641D62F803827033077B5D3ECB23A1ED634B059547DE955246BBEC7B1470858C 1x",/us/c/reptiles/lizards/crested-geckos/2551002,,"https://d20zyr0oabjxc2.cloudfront.net/variants/media/raw_images/smugbug/2024/09/20240903214538.310-dustytreadmilltop-396x396c.jpeg?signature=0F07A2733CA0E7B44E77E0A94F5954499C08AFC4CBF5D66B931EC3E48D921E2D 2x, https://d20zyr0oabjxc2.cloudfront.net/variants/media/raw_images/smugbug/2024/09/20240903214538.310-dustytreadmilltop-198x198c.jpeg?signature=641D62F803827033077B5D3ECB23A1ED634B059547DE955246BBEC7B1470858C 1x",
Raspberry Red dalmatian + Porthole + Possible Low Expression White Out (RTB)),Red dalmatian,"https://d20zyr0oabjxc2.cloudfront.net/variants/media/raw_images/kdavidson/2024/08/20240809214427.549-1000007197-396x396c.jpeg?signature=FE96294DDA2FDA18D6FCB43D63E754C220C0D5F4713FA4C308D5E091B9BA8D13 2x, https://d20zyr0oabjxc2.cloudfront.net/variants/media/raw_images/kdavidson/2024/08/20240809214427.549-1000007197-198x198c.jpeg?signature=FCDF6C6F9BC0A031B55C6F8639BA87A5AEED93D6358C647DD8EC1314244C8A5D 1x",/us/c/reptiles/lizards/crested-geckos/2487757,,"https://d20zyr0oabjxc2.cloudfront.net/variants/media/raw_images/kdavidson/2024/08/20240809214427.549-1000007197-396x396c.jpeg?signature=FE96294DDA2FDA18D6FCB43D63E754C220C0D5F4713FA4C308D5E091B9BA8D13 2x, https://d20zyr0oabjxc2.cloudfront.net/variants/media/raw_images/kdavidson/2024/08/20240809214427.549-1000007197-198x198c.jpeg?signature=FCDF6C6F9BC0A031B55C6F8639BA87A5AEED93D6358C647DD8EC1314244C8A5D 1x",
Suoer dalmatian,dalmatian,"https://d20zyr0oabjxc2.cloudfront.net/variants/media/raw_images/kcupar/2024/09/20240918173830.652-1000007979-396x396c.jpeg?signature=AB8438A285FDF13F8539E2FA7B3AB3B4FF662096B8BB14671F2662B95BBFF253 2x, https://d20zyr0oabjxc2.cloudfront.net/variants/media/raw_images/kcupar/2024/09/20240918173830.652-1000007979-198x198c.jpeg?signature=8554D3BD4FE97D3CDA4CCAB5FA1A5A12AA1A1401A0BEBF5FD7853995D8751FAB 1x",/ca/c/reptiles/lizards/crested-geckos/2588758,,"https://d20zyr0oabjxc2.cloudfront.net/variants/media/raw_images/kcupar/2024/09/20240918173830.652-1000007979-396x396c.jpeg?signature=AB8438A285FDF13F8539E2FA7B3AB3B4FF662096B8BB14671F2662B95BBFF253 2x, https://d20zyr0oabjxc2.cloudfront.net/variants/media/raw_images/kcupar/2024/09/20240918173830.652-1000007979-198x198c.jpeg?signature=8554D3BD4FE97D3CDA4CCAB5FA1A5A12AA1A1401A0BEBF5FD7853995D8751FAB 1x",
RTB dalmatian Crested Gecko,dalmatian,"https://d20zyr0oabjxc2.cloudfront.net/variants/media/raw_images/jbebout18/2024/09/20240923014211.96-IMG_6507-396x396c.jpeg?signature=363F1B7A4F4E4096B2679E5ABA2C61C7882AD8ADCABC5C9980CF12D1A489726E 2x, https://d20zyr0oabjxc2.cloudfront.net/variants/media/raw_images/jbebout18/2024/09/20240923014211.96-IMG_6507-198x198c.jpeg?signature=DD1430CD5F9ED6C8D0F6C3F875E40186949C066B36F2A3DB89DF63012B834A3C 1x",/us/c/reptiles/lizards/crested-geckos/2588749,,"https://d20zyr0oabjxc2.cloudfront.net/variants/media/raw_images/jbebout18/2024/09/20240923014211.96-IMG_6507-396x396c.jpeg?signature=363F1B7A4F4E4096B2679E5ABA2C61C7882AD8ADCABC5C9980CF12D1A489726E 2x, https://d20zyr0oabjxc2.cloudfront.net/variants/media/raw_images/jbebout18/2024/09/20240923014211.96-IMG_6507-198x198c.jpeg?signature=DD1430CD5F9ED6C8D0F6C3F875E40186949C066B36F2A3DB89DF63012B834A3C 1x",
BEAUTIFUL “Super dalmatian,dalmatian,"https://d20zyr0oabjxc2.cloudfront.net/variants/media/raw_images/clintdowns/2024/09/20240918090642.878-IMG_6960-396x396c.jpeg?signature=065724C371B6FAE58D10CAD53C5D04C78DD7337E3FD07188C033D3B435FA9B82 2x, https://d20zyr0oabjxc2.cloudfront.net/variants/media/raw_images/clintdowns/2024/09/20240918090642.878-IMG_6960-198x198c.jpeg?signature=D7E5460C822D30445B206E360E7FDFF2D897EFBFE6BE54E478D7EBA8C3A75D3F 1x",/us/c/reptiles/lizards/crested-geckos/2587986,,"https://d20zyr0oabjxc2.cloudfront.net/variants/media/raw_images/clintdowns/2024/09/20240918090642.878-IMG_6960-396x396c.jpeg?signature=065724C371B6FAE58D10CAD53C5D04C78DD7337E3FD07188C033D3B435FA9B82 2x, https://d20zyr0oabjxc2.cloudfront.net/variants/media/raw_images/clintdowns/2024/09/20240918090642.878-IMG_6960-198x198c.jpeg?signature=D7E5460C822D30445B206E360E7FDFF2D897EFBFE6BE54E478D7EBA8C3A75D3F 1x",
BEAUTIFUL “Super dalmatian” Male,dalmatian”,"https://d20zyr0oabjxc2.cloudfront.net/variants/media/raw_images/clintdowns/2024/09/20240918085906.248-IMG_6956-396x396c.jpeg?signature=2BFAD366978BDFEB9FDEB307E83574843CA52815B1E244EA9DD767F0C15FADAA 2x, https://d20zyr0oabjxc2.cloudfront.net/variants/media/raw_images/clintdowns/2024/09/20240918085906.248-IMG_6956-198x198c.jpeg?signature=F7E1DDBB0DF08CFF839D0DCFDCD2C54065383C0D153359C197D8F48F93A86DFC 1x",/us/c/reptiles/lizards/crested-geckos/2587982,,"https://d20zyr0oabjxc2.cloudfront.net/variants/media/raw_images/clintdowns/2024/09/20240918085906.248-IMG_6956-396x396c.jpeg?signature=2BFAD366978BDFEB9FDEB307E83574843CA52815B1E244EA9DD767F0C15FADAA 2x, https://d20zyr0oabjxc2.cloudfront.net/variants/media/raw_images/clintdowns/2024/09/20240918085906.248-IMG_6956-198x198c.jpeg?signature=F7E1DDBB0DF08CFF839D0DCFDCD2C54065383C0D153359C197D8F48F93A86DFC 1x",
Unique Orangish Yellowish Parti-spot dalmatian,Yellowish dalmatian,"https://d20zyr0oabjxc2.cloudfront.net/variants/media/raw_images/katerxw/2024/10/20241015023204.443-1000056823-396x396c.jpeg?signature=94676CA8D21FC7EBCEFF9FD5D7EBE06513F73FF5C1A0A0C32AB4B7B9622CE163 2x, https://d20zyr0oabjxc2.cloudfront.net/variants/media/raw_images/katerxw/2024/10/20241015023204.443-1000056823-198x198c.jpeg?signature=5BC42C8C6425292A84F2E3AD755DC0F7E691CAB2A98E7E996D81CA21B1204778 1x",/us/c/reptiles/lizards/crested-geckos/2650439,,"https://d20zyr0oabjxc2.cloudfront.net/variants/media/raw_images/katerxw/2024/10/20241015023204.443-1000056823-396x396c.jpeg?signature=94676CA8D21FC7EBCEFF9FD5D7EBE06513F73FF5C1A0A0C32AB4B7B9622CE163 2x, https://d20zyr0oabjxc2.cloudfront.net/variants/media/raw_images/katerxw/2024/10/20241015023204.443-1000056823-198x198c.jpeg?signature=5BC42C8C6425292A84F2E3AD755DC0F7E691CAB2A98E7E996D81CA21B1204778 1x",
Super dalmatian,dalmatian,"https://d20zyr0oabjxc2.cloudfront.net/variants/media/raw_images/rockstargeckos/2024/08/20240827185553.648-SRBeP04collage-396x396c.jpeg?signature=AC05BAAEFD709A8E51F41783038D34249E4CA747901E1A2261E63925F603082D 2x, https://d20zyr0oabjxc2.cloudfront.net/variants/media/raw_images/rockstargeckos/2024/08/20240827185553.648-SRBeP04collage-198x198c.jpeg?signature=AED8B51F721F67BCFC73EFDD1A254B5887ED74801577403917E0B47748957FE1 1x",/us/c/reptiles/lizards/crested-geckos/2530613,,"https://d20zyr0oabjxc2.cloudfront.net/variants/media/raw_images/rockstargeckos/2024/08/20240827185553.648-SRBeP04collage-396x396c.jpeg?signature=AC05BAAEFD709A8E51F41783038D34249E4CA747901E1A2261E63925F603082D 2x, https://d20zyr0oabjxc2.cloudfront.net/variants/media/raw_images/rockstargeckos/2024/08/20240827185553.648-SRBeP04collage-198x198c.jpeg?signature=AED8B51F721F67BCFC73EFDD1A254B5887ED74801577403917E0B47748957FE1 1x",
Orange dalmatian,dalmatian,"https://d20zyr0oabjxc2.cloudfront.net/variants/media/raw_images/lyonfish3/2024/10/20241014132658.81-1000008539-396x396c.jpeg?signature=81CED455E37241F55562C4BEE165E042C9F6A8267E72B9C8998466D6B398D206 2x, https://d20zyr0oabjxc2.cloudfront.net/variants/media/raw_images/lyonfish3/2024/10/20241014132658.81-1000008539-198x198c.jpeg?signature=10CF5946522C6941F7100D9FF031EED5AE4D840A235CDED60F2A0E3665E5EFBD 1x",/us/c/reptiles/lizards/crested-geckos/2648662,,"https://d20zyr0oabjxc2.cloudfront.net/variants/media/raw_images/lyonfish3/2024/10/20241014132658.81-1000008539-396x396c.jpeg?signature=81CED455E37241F55562C4BEE165E042C9F6A8267E72B9C8998466D6B398D206 2x, https://d20zyr0oabjxc2.cloudfront.net/variants/media/raw_images/lyonfish3/2024/10/20241014132658.81-1000008539-198x198c.jpeg?signature=10CF5946522C6941F7100D9FF031EED5AE4D840A235CDED60F2A0E3665E5EFBD 1x",
Super dalmatian,dalmatian,"https://d20zyr0oabjxc2.cloudfront.net/variants/media/raw_images/lyonfish3/2024/10/20241014130913.313-1000008499-396x396c.jpeg?signature=B17B7B6E296F4790D602C8C89C815659C99D680C66AEBC809BB0F6216D015A6E 2x, https://d20zyr0oabjxc2.cloudfront.net/variants/media/raw_images/lyonfish3/2024/10/20241014130913.313-1000008499-198x198c.jpeg?signature=5B103A6FD86B4A2EB5D2207724DCF08CD4763801BE81A5366E556BB7E87C5B07 1x",/us/c/reptiles/lizards/crested-geckos/2648639,,"https://d20zyr0oabjxc2.cloudfront.net/variants/media/raw_images/lyonfish3/2024/10/20241014130913.313-1000008499-396x396c.jpeg?signature=B17B7B6E296F4790D602C8C89C815659C99D680C66AEBC809BB0F6216D015A6E 2x, https://d20zyr0oabjxc2.cloudfront.net/variants/media/raw_images/lyonfish3/2024/10/20241014130913.313-1000008499-198x198c.jpeg?signature=5B103A6FD86B4A2EB5D2207724DCF08CD4763801BE81A5366E556BB7E87C5B07 1x",
Yellow Phantom dalmatian,Yellow dalmatian,"https://d20zyr0oabjxc2.cloudfront.net/variants/media/raw_images/reptilliad/2024/06/20240612012017.924-Snoke23-396x396c.jpeg?signature=36B7E989FC2F292380DC39A996EDB033B5DBB29850D0B9E88DFDF02EB0A03024 2x, https://d20zyr0oabjxc2.cloudfront.net/variants/media/raw_images/reptilliad/2024/06/20240612012017.924-Snoke23-198x198c.jpeg?signature=1DA6B738869EC02956D16B17EE05DD61EA443F18BEB201121DC0CD3E0D087D47 1x",/us/c/reptiles/lizards/crested-geckos/2023939,,"https://d20zyr0oabjxc2.cloudfront.net/variants/media/raw_images/reptilliad/2024/06/20240612012017.924-Snoke23-396x396c.jpeg?signature=36B7E989FC2F292380DC39A996EDB033B5DBB29850D0B9E88DFDF02EB0A03024 2x, https://d20zyr0oabjxc2.cloudfront.net/variants/media/raw_images/reptilliad/2024/06/20240612012017.924-Snoke23-198x198c.jpeg?signature=1DA6B738869EC02956D16B17EE05DD61EA443F18BEB201121DC0CD3E0D087D47 1x",
Super dalmatian Breeding Pair,dalmatian,"https://d20zyr0oabjxc2.cloudfront.net/variants/media/raw_images/mfloyd87/2024/10/20241017214042.44-IMG_3078-396x396c.jpeg?signature=060B314D4FAD3145D1BEB177D06715039ED7167B1922EB8566431973A49409DE 2x, https://d20zyr0oabjxc2.cloudfront.net/variants/media/raw_images/mfloyd87/2024/10/20241017214042.44-IMG_3078-198x198c.jpeg?signature=77ED44D922BD0297D6C7132C58AE3A1E87D13FEA5ADA7B1F3A00ABB5C3A2F8DE 1x",/us/c/reptiles/lizards/crested-geckos/2648376,,"https://d20zyr0oabjxc2.cloudfront.net/variants/media/raw_images/mfloyd87/2024/10/20241017214042.44-IMG_3078-396x396c.jpeg?signature=060B314D4FAD3145D1BEB177D06715039ED7167B1922EB8566431973A49409DE 2x, https://d20zyr0oabjxc2.cloudfront.net/variants/media/raw_images/mfloyd87/2024/10/20241017214042.44-IMG_3078-198x198c.jpeg?signature=77ED44D922BD0297D6C7132C58AE3A1E87D13FEA5ADA7B1F3A00ABB5C3A2F8DE 1x",
Red dalmatian,Red dalmatian,"https://d20zyr0oabjxc2.cloudfront.net/variants/media/raw_images/the_gecko_genie/2024/09/20240916232730.103-IMG_2982-396x396c.jpeg?signature=B272595347489FC9DD2DBFD5B659E530D01610A6F23243654EC568F3A3960E2F 2x, https://d20zyr0oabjxc2.cloudfront.net/variants/media/raw_images/the_gecko_genie/2024/09/20240916232730.103-IMG_2982-198x198c.jpeg?signature=5742094E9AC5AA9FC21CB44FDA56ECDA6FE5F013E99D3A11D3766F6445100072 1x",/us/c/reptiles/lizards/crested-geckos/2584206,,"https://d20zyr0oabjxc2.cloudfront.net/variants/media/raw_images/the_gecko_genie/2024/09/20240916232730.103-IMG_2982-396x396c.jpeg?signature=B272595347489FC9DD2DBFD5B659E530D01610A6F23243654EC568F3A3960E2F 2x, https://d20zyr0oabjxc2.cloudfront.net/variants/media/raw_images/the_gecko_genie/2024/09/20240916232730.103-IMG_2982-198x198c.jpeg?signature=5742094E9AC5AA9FC21CB44FDA56ECDA6FE5F013E99D3A11D3766F6445100072 1x",
dalmatian,dalmatian,"https://d20zyr0oabjxc2.cloudfront.net/variants/media/raw_images/smilinpitbull/2024/10/20241013212357.253-20241005_185246-396x396c.jpeg?signature=7047EDCCBC1A4E30430FB51A7D6EDFE8D529BF4B5FE1D46E17EC961B396E5A06 2x, https://d20zyr0oabjxc2.cloudfront.net/variants/media/raw_images/smilinpitbull/2024/10/20241013212357.253-20241005_185246-198x198c.jpeg?signature=38E0C9735316C0D93D7EC413BE9EA4EB63FDF0D8985F6D493848CD7A5FBCB7B0 1x",/us/c/reptiles/lizards/crested-geckos/2647649,,"https://d20zyr0oabjxc2.cloudfront.net/variants/media/raw_images/smilinpitbull/2024/10/20241013212357.253-20241005_185246-396x396c.jpeg?signature=7047EDCCBC1A4E30430FB51A7D6EDFE8D529BF4B5FE1D46E17EC961B396E5A06 2x, https://d20zyr0oabjxc2.cloudfront.net/variants/media/raw_images/smilinpitbull/2024/10/20241013212357.253-20241005_185246-198x198c.jpeg?signature=38E0C9735316C0D93D7EC413BE9EA4EB63FDF0D8985F6D493848CD7A5FBCB7B0 1x",
dalmatian Crested Gecko,dalmatian,"https://d20zyr0oabjxc2.cloudfront.net/variants/media/raw_images/asandg/2024/10/20241013204025.66-20240728_131430-396x396c.jpeg?signature=856DB921B92652D542AFA7D768F7246C11A25E450D28B712CB5A736D597F90D3 2x, https://d20zyr0oabjxc2.cloudfront.net/variants/media/raw_images/asandg/2024/10/20241013204025.66-20240728_131430-198x198c.jpeg?signature=BB5B61C86F1253F8ED0D4BB4B4D9C22173170309052D31B4640DB2630BC4E1E6 1x",/us/c/reptiles/lizards/crested-geckos/2647511,,"https://d20zyr0oabjxc2.cloudfront.net/variants/media/raw_images/asandg/2024/10/20241013204025.66-20240728_131430-396x396c.jpeg?signature=856DB921B92652D542AFA7D768F7246C11A25E450D28B712CB5A736D597F90D3 2x, https://d20zyr0oabjxc2.cloudfront.net/variants/media/raw_images/asandg/2024/10/20241013204025.66-20240728_131430-198x198c.jpeg?signature=BB5B61C86F1253F8ED0D4BB4B4D9C22173170309052D31B4640DB2630BC4E1E6 1x",
Red Confetti dalmatian,Red dalmatian,"https://d20zyr0oabjxc2.cloudfront.net/variants/media/raw_images/sarafina22/2023/02/20230215023107.381-20221026_231300-396x396c.jpeg?signature=B92FB19FD6A406618EDBF4441E035BFB7B32FED7FA6B9747F21AC7306C2C89AA 2x, https://d20zyr0oabjxc2.cloudfront.net/variants/media/raw_images/sarafina22/2023/02/20230215023107.381-20221026_231300-198x198c.jpeg?signature=7CFE319539FE8606409F01FAD8B5F3040306859A7D66E058963ADEC1F234E76D 1x",/us/c/reptiles/lizards/crested-geckos/1063790,,"https://d20zyr0oabjxc2.cloudfront.net/variants/media/raw_images/sarafina22/2023/02/20230215023107.381-20221026_231300-396x396c.jpeg?signature=B92FB19FD6A406618EDBF4441E035BFB7B32FED7FA6B9747F21AC7306C2C89AA 2x, https://d20zyr0oabjxc2.cloudfront.net/variants/media/raw_images/sarafina22/2023/02/20230215023107.381-20221026_231300-198x198c.jpeg?signature=7CFE319539FE8606409F01FAD8B5F3040306859A7D66E058963ADEC1F234E76D 1x",
Super dalmatian,dalmatian,"https://d20zyr0oabjxc2.cloudfront.net/variants/media/raw_images/clutchifiedmorphs/2024/09/20240915192906.209-DSC_14923-396x396c.jpeg?signature=2037CDEAE22246461270A6E88747DBDDE0A19F1F362D405C06EAC001242E4C16 2x, https://d20zyr0oabjxc2.cloudfront.net/variants/media/raw_images/clutchifiedmorphs/2024/09/20240915192906.209-DSC_14923-198x198c.jpeg?signature=210AC5F28A8BC39DEF58C909A68C2F6EA66915DB957E65863082B85354D136D0 1x",/us/c/reptiles/lizards/crested-geckos/2344435,,"https://d20zyr0oabjxc2.cloudfront.net/variants/media/raw_images/clutchifiedmorphs/2024/09/20240915192906.209-DSC_14923-396x396c.jpeg?signature=2037CDEAE22246461270A6E88747DBDDE0A19F1F362D405C06EAC001242E4C16 2x, https://d20zyr0oabjxc2.cloudfront.net/variants/media/raw_images/clutchifiedmorphs/2024/09/20240915192906.209-DSC_14923-198x198c.jpeg?signature=210AC5F28A8BC39DEF58C909A68C2F6EA66915DB957E65863082B85354D136D0 1x",
Pink/Red Super dalmatian,Pink/Red dalmatian,"https://d20zyr0oabjxc2.cloudfront.net/variants/media/raw_images/mikesexotics/2024/07/20240709013737.626-CrestedGecko9-4-396x396c.jpeg?signature=487BF098FC2072AF8DE31FD13AB398B80199A3F081D59457E8D6A87AFF18AC40 2x, https://d20zyr0oabjxc2.cloudfront.net/variants/media/raw_images/mikesexotics/2024/07/20240709013737.626-CrestedGecko9-4-198x198c.jpeg?signature=D8B41B0E8D5AB9485ACB20602676751CD4167FC0EC59EDDFCBED4B73B814CB28 1x",/us/c/reptiles/lizards/crested-geckos/2421720,,"https://d20zyr0oabjxc2.cloudfront.net/variants/media/raw_images/mikesexotics/2024/07/20240709013737.626-CrestedGecko9-4-396x396c.jpeg?signature=487BF098FC2072AF8DE31FD13AB398B80199A3F081D59457E8D6A87AFF18AC40 2x, https://d20zyr0oabjxc2.cloudfront.net/variants/media/raw_images/mikesexotics/2024/07/20240709013737.626-CrestedGecko9-4-198x198c.jpeg?signature=D8B41B0E8D5AB9485ACB20602676751CD4167FC0EC59EDDFCBED4B73B814CB28 1x",
True Pale Base dalmatian,dalmatian,"https://d20zyr0oabjxc2.cloudfront.net/variants/media/raw_images/stephanie_castillo0621/2024/09/20240927194751.246-IMG_5518-396x396c.jpeg?signature=579423096082AFC3F3FA52394E4C7CC59270B84625E401FAF0D5C14BE5464D7C 2x, https://d20zyr0oabjxc2.cloudfront.net/variants/media/raw_images/stephanie_castillo0621/2024/09/20240927194751.246-IMG_5518-198x198c.jpeg?signature=0534BDE0642CA685FA0131383F599749B824A560E682D4C9AD70DC3C35B08649 1x",/us/c/reptiles/lizards/crested-geckos/2581660,,"https://d20zyr0oabjxc2.cloudfront.net/variants/media/raw_images/stephanie_castillo0621/2024/09/20240927194751.246-IMG_5518-396x396c.jpeg?signature=579423096082AFC3F3FA52394E4C7CC59270B84625E401FAF0D5C14BE5464D7C 2x, https://d20zyr0oabjxc2.cloudfront.net/variants/media/raw_images/stephanie_castillo0621/2024/09/20240927194751.246-IMG_5518-198x198c.jpeg?signature=0534BDE0642CA685FA0131383F599749B824A560E682D4C9AD70DC3C35B08649 1x",
dalmatian,dalmatian,"https://d20zyr0oabjxc2.cloudfront.net/variants/media/raw_images/ncscales/2024/09/20240916000515.27-IMG_6180-396x396c.jpeg?signature=666159899AAF6E806136B4B7769FC03679FC49E0F4489440E55C272A0761EFAC 2x, https://d20zyr0oabjxc2.cloudfront.net/variants/media/raw_images/ncscales/2024/09/20240916000515.27-IMG_6180-198x198c.jpeg?signature=9A491B51D4894BA062BEB9B6C24A5522210A5AEF70C971432D01DD4CB656D876 1x",/us/c/reptiles/lizards/crested-geckos/2581523,,"https://d20zyr0oabjxc2.cloudfront.net/variants/media/raw_images/ncscales/2024/09/20240916000515.27-IMG_6180-396x396c.jpeg?signature=666159899AAF6E806136B4B7769FC03679FC49E0F4489440E55C272A0761EFAC 2x, https://d20zyr0oabjxc2.cloudfront.net/variants/media/raw_images/ncscales/2024/09/20240916000515.27-IMG_6180-198x198c.jpeg?signature=9A491B51D4894BA062BEB9B6C24A5522210A5AEF70C971432D01DD4CB656D876 1x",
RTB dalmatian,dalmatian,"https://d20zyr0oabjxc2.cloudfront.net/variants/media/raw_images/cockrellta01/2024/08/20240819193937.878-DSC00520-396x396c.jpeg?signature=F2C8F888758C595B442B3A6E1A911AB772AF4B2CB1366CFB9A3DC9C4E5131921 2x, https://d20zyr0oabjxc2.cloudfront.net/variants/media/raw_images/cockrellta01/2024/08/20240819193937.878-DSC00520-198x198c.jpeg?signature=84DB9060D63AF4431F6F692426CEA654D82DE6B04991D412A3D422239BECE4FC 1x",/us/c/reptiles/lizards/crested-geckos/2510109,,"https://d20zyr0oabjxc2.cloudfront.net/variants/media/raw_images/cockrellta01/2024/08/20240819193937.878-DSC00520-396x396c.jpeg?signature=F2C8F888758C595B442B3A6E1A911AB772AF4B2CB1366CFB9A3DC9C4E5131921 2x, https://d20zyr0oabjxc2.cloudfront.net/variants/media/raw_images/cockrellta01/2024/08/20240819193937.878-DSC00520-198x198c.jpeg?signature=84DB9060D63AF4431F6F692426CEA654D82DE6B04991D412A3D422239BECE4FC 1x",
Extreme Ink Spot Super dalmatian,dalmatian,"https://d20zyr0oabjxc2.cloudfront.net/variants/media/raw_images/rmg_sonya/2024/05/20240521231202.475-IMG_0506-396x396c.jpeg?signature=96E89EE905EE918B30FB9F533595BEBCBC86992E5B873E2E3E93E58821C31804 2x, https://d20zyr0oabjxc2.cloudfront.net/variants/media/raw_images/rmg_sonya/2024/05/20240521231202.475-IMG_0506-198x198c.jpeg?signature=8327BEC40421A0875D28F33885ECBCD0B86F3E1824BEC4220F2310876721D833 1x",/us/c/reptiles/lizards/crested-geckos/2336177,,"https://d20zyr0oabjxc2.cloudfront.net/variants/media/raw_images/rmg_sonya/2024/05/20240521231202.475-IMG_0506-396x396c.jpeg?signature=96E89EE905EE918B30FB9F533595BEBCBC86992E5B873E2E3E93E58821C31804 2x, https://d20zyr0oabjxc2.cloudfront.net/variants/media/raw_images/rmg_sonya/2024/05/20240521231202.475-IMG_0506-198x198c.jpeg?signature=8327BEC40421A0875D28F33885ECBCD0B86F3E1824BEC4220F2310876721D833 1x",
dalmatian Gecko,dalmatian,"https://d20zyr0oabjxc2.cloudfront.net/variants/media/raw_images/halcyonexotics/2024/10/20241012225206.482-IMG_6802-396x396c.jpeg?signature=26C20029B4DC32C7EFCB52619BC50F48E0F3631CA00911675A764E239BF6A110 2x, https://d20zyr0oabjxc2.cloudfront.net/variants/media/raw_images/halcyonexotics/2024/10/20241012225206.482-IMG_6802-198x198c.jpeg?signature=DA612000FC3BE9B65D114BD8946C32D325625EF2BFDE9C163DF5DA9D73C5E7D0 1x",/us/c/reptiles/lizards/crested-geckos/2645766,,"https://d20zyr0oabjxc2.cloudfront.net/variants/media/raw_images/halcyonexotics/2024/10/20241012225206.482-IMG_6802-396x396c.jpeg?signature=26C20029B4DC32C7EFCB52619BC50F48E0F3631CA00911675A764E239BF6A110 2x, https://d20zyr0oabjxc2.cloudfront.net/variants/media/raw_images/halcyonexotics/2024/10/20241012225206.482-IMG_6802-198x198c.jpeg?signature=DA612000FC3BE9B65D114BD8946C32D325625EF2BFDE9C163DF5DA9D73C5E7D0 1x",
dalmatian Spot,dalmatian,"https://d20zyr0oabjxc2.cloudfront.net/variants/media/raw_images/dl_python/2024/10/20241012223617.251-IMG_4387-396x396c.jpeg?signature=F34B1A739077BD3E9F471127ED9A24AF0C3D2D1EBDB513B5D1DD56CBFB5279ED 2x, https://d20zyr0oabjxc2.cloudfront.net/variants/media/raw_images/dl_python/2024/10/20241012223617.251-IMG_4387-198x198c.jpeg?signature=75140CF533938D020227889F144D3C12AFFA4BAC09C68AA64944355413E77E1C 1x",/us/c/reptiles/lizards/crested-geckos/2645734,,"https://d20zyr0oabjxc2.cloudfront.net/variants/media/raw_images/dl_python/2024/10/20241012223617.251-IMG_4387-396x396c.jpeg?signature=F34B1A739077BD3E9F471127ED9A24AF0C3D2D1EBDB513B5D1DD56CBFB5279ED 2x, https://d20zyr0oabjxc2.cloudfront.net/variants/media/raw_images/dl_python/2024/10/20241012223617.251-IMG_4387-198x198c.jpeg?signature=75140CF533938D020227889F144D3C12AFFA4BAC09C68AA64944355413E77E1C 1x",
Dark Red dalmatian With Port Holes,Dark Red dalmatian,"https://d20zyr0oabjxc2.cloudfront.net/variants/media/raw_images/zackm/2024/10/20241012220242.859-IMG_3480-396x396c.jpeg?signature=C0CB048C971574E8398C60B91E581B44303F7B7053811FD7FD611D23F116C6BE 2x, https://d20zyr0oabjxc2.cloudfront.net/variants/media/raw_images/zackm/2024/10/20241012220242.859-IMG_3480-198x198c.jpeg?signature=26BE94829EB8655BF7464609F158E5748FF8E3C0B7D7E0B820D964D305A8659E 1x",/us/c/reptiles/lizards/crested-geckos/2645648,,"https://d20zyr0oabjxc2.cloudfront.net/variants/media/raw_images/zackm/2024/10/20241012220242.859-IMG_3480-396x396c.jpeg?signature=C0CB048C971574E8398C60B91E581B44303F7B7053811FD7FD611D23F116C6BE 2x, https://d20zyr0oabjxc2.cloudfront.net/variants/media/raw_images/zackm/2024/10/20241012220242.859-IMG_3480-198x198c.jpeg?signature=26BE94829EB8655BF7464609F158E5748FF8E3C0B7D7E0B820D964D305A8659E 1x",
Dark Red dalmatian With Port Holes,Dark Red dalmatian,"https://d20zyr0oabjxc2.cloudfront.net/variants/media/raw_images/zackm/2024/10/20241012220044.709-IMG_3479-396x396c.jpeg?signature=913685742262866D9A219906E67BB9857DA93105475ED088A876564A8AD18A0C 2x, https://d20zyr0oabjxc2.cloudfront.net/variants/media/raw_images/zackm/2024/10/20241012220044.709-IMG_3479-198x198c.jpeg?signature=57AB371C53978B9168FBE5115487DB92305B797DE9FED1443CBB38200F91F1D5 1x",/us/c/reptiles/lizards/crested-geckos/2645639,,"https://d20zyr0oabjxc2.cloudfront.net/variants/media/raw_images/zackm/2024/10/20241012220044.709-IMG_3479-396x396c.jpeg?signature=913685742262866D9A219906E67BB9857DA93105475ED088A876564A8AD18A0C 2x, https://d20zyr0oabjxc2.cloudfront.net/variants/media/raw_images/zackm/2024/10/20241012220044.709-IMG_3479-198x198c.jpeg?signature=57AB371C53978B9168FBE5115487DB92305B797DE9FED1443CBB38200F91F1D5 1x",
Adult dalmatian PB,dalmatian,"https://d20zyr0oabjxc2.cloudfront.net/variants/media/raw_images/exotic-addicts/2024/06/20240614210925.289-1000010274-396x396c.jpeg?signature=461BC43FC1A1B43A48BC937F4DD33B7448204BEFCA963D047C4BB49300126DB7 2x, https://d20zyr0oabjxc2.cloudfront.net/variants/media/raw_images/exotic-addicts/2024/06/20240614210925.289-1000010274-198x198c.jpeg?signature=9D85A4ACD8C0321BEE5C9F9993173E4F2E59D0C3A58DF51718A3DC3FA8DFC91E 1x",/ca/c/reptiles/lizards/crested-geckos/2377565,,"https://d20zyr0oabjxc2.cloudfront.net/variants/media/raw_images/exotic-addicts/2024/06/20240614210925.289-1000010274-396x396c.jpeg?signature=461BC43FC1A1B43A48BC937F4DD33B7448204BEFCA963D047C4BB49300126DB7 2x, https://d20zyr0oabjxc2.cloudfront.net/variants/media/raw_images/exotic-addicts/2024/06/20240614210925.289-1000010274-198x198c.jpeg?signature=9D85A4ACD8C0321BEE5C9F9993173E4F2E59D0C3A58DF51718A3DC3FA8DFC91E 1x",
Phantom dalmatian Red/black Spots,dalmatian Red/black,"https://d20zyr0oabjxc2.cloudfront.net/variants/media/raw_images/celestialcresties/2024/10/20241012233957.160-1000022622-396x396c.jpeg?signature=B0E30E279F03034CD9665A3E3D0DF079538B1AAC68AA132E797809EDED05D406 2x, https://d20zyr0oabjxc2.cloudfront.net/variants/media/raw_images/celestialcresties/2024/10/20241012233957.160-1000022622-198x198c.jpeg?signature=C71017E658120DD7FA19B3CF3A68B5459237C1157237CF1AEC420DC356F43512 1x",/us/c/reptiles/lizards/crested-geckos/2645547,,"https://d20zyr0oabjxc2.cloudfront.net/variants/media/raw_images/celestialcresties/2024/10/20241012233957.160-1000022622-396x396c.jpeg?signature=B0E30E279F03034CD9665A3E3D0DF079538B1AAC68AA132E797809EDED05D406 2x, https://d20zyr0oabjxc2.cloudfront.net/variants/media/raw_images/celestialcresties/2024/10/20241012233957.160-1000022622-198x198c.jpeg?signature=C71017E658120DD7FA19B3CF3A68B5459237C1157237CF1AEC420DC356F43512 1x",
Red dalmatian Female,Red dalmatian,"https://d20zyr0oabjxc2.cloudfront.net/variants/media/raw_images/murderous_morphs/2024/09/20240915184912.497-1000040691-396x396c.jpeg?signature=5B1B20918A00551A7B04EDADFB44B589486E2A1A2D9DE81F935F8B426BD996E4 2x, https://d20zyr0oabjxc2.cloudfront.net/variants/media/raw_images/murderous_morphs/2024/09/20240915184912.497-1000040691-198x198c.jpeg?signature=D2C61EBBE15D55E7C1AE5397364959AD1D49B3FD08578A4E765CFBB79A0C8AAC 1x",/us/c/reptiles/lizards/crested-geckos/2580564,,"https://d20zyr0oabjxc2.cloudfront.net/variants/media/raw_images/murderous_morphs/2024/09/20240915184912.497-1000040691-396x396c.jpeg?signature=5B1B20918A00551A7B04EDADFB44B589486E2A1A2D9DE81F935F8B426BD996E4 2x, https://d20zyr0oabjxc2.cloudfront.net/variants/media/raw_images/murderous_morphs/2024/09/20240915184912.497-1000040691-198x198c.jpeg?signature=D2C61EBBE15D55E7C1AE5397364959AD1D49B3FD08578A4E765CFBB79A0C8AAC 1x",
Red Spot dalmatian,Red dalmatian,"https://d20zyr0oabjxc2.cloudfront.net/variants/media/raw_images/murderous_morphs/2024/09/20240915184546.851-1000040677-396x396c.jpeg?signature=3267085872B1E1AB4D4A457169CD1CDA234037299F69373B7EB397A4A29DB123 2x, https://d20zyr0oabjxc2.cloudfront.net/variants/media/raw_images/murderous_morphs/2024/09/20240915184546.851-1000040677-198x198c.jpeg?signature=F1FB0FA9F77FD82D0994A717948AD52BCDC0B0413445E3C86A8F8EA439D114B4 1x",/us/c/reptiles/lizards/crested-geckos/2580554,,"https://d20zyr0oabjxc2.cloudfront.net/variants/media/raw_images/murderous_morphs/2024/09/20240915184546.851-1000040677-396x396c.jpeg?signature=3267085872B1E1AB4D4A457169CD1CDA234037299F69373B7EB397A4A29DB123 2x, https://d20zyr0oabjxc2.cloudfront.net/variants/media/raw_images/murderous_morphs/2024/09/20240915184546.851-1000040677-198x198c.jpeg?signature=F1FB0FA9F77FD82D0994A717948AD52BCDC0B0413445E3C86A8F8EA439D114B4 1x",
Ink Spot Super dalmatian Male,dalmatian,"https://d20zyr0oabjxc2.cloudfront.net/variants/media/raw_images/vannsgecks/2024/05/20240519235428.958-438137605_1503482693-396x396c.jpeg?signature=AB7BA481483679732697242B5C009853019A21649CB9CE8EA5A5C5CD5FCA27DC 2x, https://d20zyr0oabjxc2.cloudfront.net/variants/media/raw_images/vannsgecks/2024/05/20240519235428.958-438137605_1503482693-198x198c.jpeg?signature=641508EBA5E79FAAD8F18ECFE38FF0C7DCFED8AF23806299A4D753468224C1A3 1x",/us/c/reptiles/lizards/crested-geckos/2333115,,"https://d20zyr0oabjxc2.cloudfront.net/variants/media/raw_images/vannsgecks/2024/05/20240519235428.958-438137605_1503482693-396x396c.jpeg?signature=AB7BA481483679732697242B5C009853019A21649CB9CE8EA5A5C5CD5FCA27DC 2x, https://d20zyr0oabjxc2.cloudfront.net/variants/media/raw_images/vannsgecks/2024/05/20240519235428.958-438137605_1503482693-198x198c.jpeg?signature=641508EBA5E79FAAD8F18ECFE38FF0C7DCFED8AF23806299A4D753468224C1A3 1x",
dalmatian,dalmatian,"https://d20zyr0oabjxc2.cloudfront.net/variants/media/raw_images/cockrellta01/2024/08/20240818195203.931-DSC00517-396x396c.jpeg?signature=0A523A0D94DA2772EE5353F1AAAD58F84F8D862FAA5FDB7C56B46CA383031A5F 2x, https://d20zyr0oabjxc2.cloudfront.net/variants/media/raw_images/cockrellta01/2024/08/20240818195203.931-DSC00517-198x198c.jpeg?signature=6BB75F8AB7A1B99B7926DCC4C2A0868CBFBE9F6A5C5F3F517ED3CC7BCC4B64B9 1x",/us/c/reptiles/lizards/crested-geckos/2507972,,"https://d20zyr0oabjxc2.cloudfront.net/variants/media/raw_images/cockrellta01/2024/08/20240818195203.931-DSC00517-396x396c.jpeg?signature=0A523A0D94DA2772EE5353F1AAAD58F84F8D862FAA5FDB7C56B46CA383031A5F 2x, https://d20zyr0oabjxc2.cloudfront.net/variants/media/raw_images/cockrellta01/2024/08/20240818195203.931-DSC00517-198x198c.jpeg?signature=6BB75F8AB7A1B99B7926DCC4C2A0868CBFBE9F6A5C5F3F517ED3CC7BCC4B64B9 1x",
Ink Spot Super dalmatian Male,dalmatian,"https://d20zyr0oabjxc2.cloudfront.net/variants/media/raw_images/vannsgecks/2024/09/20240915164929.43-D-MD-3_3-396x396c.jpeg?signature=62735B22A3C19CBAF52EC4CDCE43E9E2129D1C1C3F5D51253ED2DD16F2A93995 2x, https://d20zyr0oabjxc2.cloudfront.net/variants/media/raw_images/vannsgecks/2024/09/20240915164929.43-D-MD-3_3-198x198c.jpeg?signature=F473A372B96C020D2DB567D8E6919644EBECE511C9DD58419DAC9FDBB9E3B7AD 1x",/us/c/reptiles/lizards/crested-geckos/2580168,,"https://d20zyr0oabjxc2.cloudfront.net/variants/media/raw_images/vannsgecks/2024/09/20240915164929.43-D-MD-3_3-396x396c.jpeg?signature=62735B22A3C19CBAF52EC4CDCE43E9E2129D1C1C3F5D51253ED2DD16F2A93995 2x, https://d20zyr0oabjxc2.cloudfront.net/variants/media/raw_images/vannsgecks/2024/09/20240915164929.43-D-MD-3_3-198x198c.jpeg?signature=F473A372B96C020D2DB567D8E6919644EBECE511C9DD58419DAC9FDBB9E3B7AD 1x",
Ink Spot Super dalmatian Unsexed,dalmatian,"https://d20zyr0oabjxc2.cloudfront.net/variants/media/raw_images/vannsgecks/2024/09/20240915164547.617-D-MD-2_3-396x396c.jpeg?signature=481F6596F2A2A571B882A586F8E76746736D0C5DBCE142C956614304B14E67A4 2x, https://d20zyr0oabjxc2.cloudfront.net/variants/media/raw_images/vannsgecks/2024/09/20240915164547.617-D-MD-2_3-198x198c.jpeg?signature=C9CF747FD65A632F2C6748206375E72A7700DA5B21BC1E6EFF348F1B1B6692DF 1x",/us/c/reptiles/lizards/crested-geckos/2580159,,"https://d20zyr0oabjxc2.cloudfront.net/variants/media/raw_images/vannsgecks/2024/09/20240915164547.617-D-MD-2_3-396x396c.jpeg?signature=481F6596F2A2A571B882A586F8E76746736D0C5DBCE142C956614304B14E67A4 2x, https://d20zyr0oabjxc2.cloudfront.net/variants/media/raw_images/vannsgecks/2024/09/20240915164547.617-D-MD-2_3-198x198c.jpeg?signature=C9CF747FD65A632F2C6748206375E72A7700DA5B21BC1E6EFF348F1B1B6692DF 1x",
MaKi-06 Yellow dalmatian,Yellow dalmatian,"https://d20zyr0oabjxc2.cloudfront.net/variants/media/raw_images/gfernandez12486/2024/10/20241009203522.846-A7303487_edited-396x396c.jpeg?signature=115FAD418981D818089715CFEB66A6D1CAB0028147CF629A0E1935CF34E38989 2x, https://d20zyr0oabjxc2.cloudfront.net/variants/media/raw_images/gfernandez12486/2024/10/20241009203522.846-A7303487_edited-198x198c.jpeg?signature=8F7C87E5E526B828BAEF78035A99DBB2AEE623A30758FC0A1CEAE84978D3FEF6 1x",/us/c/reptiles/lizards/crested-geckos/2310462,,"https://d20zyr0oabjxc2.cloudfront.net/variants/media/raw_images/gfernandez12486/2024/10/20241009203522.846-A7303487_edited-396x396c.jpeg?signature=115FAD418981D818089715CFEB66A6D1CAB0028147CF629A0E1935CF34E38989 2x, https://d20zyr0oabjxc2.cloudfront.net/variants/media/raw_images/gfernandez12486/2024/10/20241009203522.846-A7303487_edited-198x198c.jpeg?signature=8F7C87E5E526B828BAEF78035A99DBB2AEE623A30758FC0A1CEAE84978D3FEF6 1x",
Ink Blot dalmatian,dalmatian,"https://d20zyr0oabjxc2.cloudfront.net/variants/media/raw_images/ambercharles0811/2024/01/20240122053905.214-DC659F34-E761-4EA7-B-396x396c.jpeg?signature=9823A1DCE1C09770D9DA493584EEF88F378CD3736E50C3BA37B437DCE6D9E5CC 2x, https://d20zyr0oabjxc2.cloudfront.net/variants/media/raw_images/ambercharles0811/2024/01/20240122053905.214-DC659F34-E761-4EA7-B-198x198c.jpeg?signature=9A262212260B023B929FEACCF72CEFFF5A73BA251C223BAD50195687C3E722C5 1x",/us/c/reptiles/lizards/crested-geckos/2124780,,"https://d20zyr0oabjxc2.cloudfront.net/variants/media/raw_images/ambercharles0811/2024/01/20240122053905.214-DC659F34-E761-4EA7-B-396x396c.jpeg?signature=9823A1DCE1C09770D9DA493584EEF88F378CD3736E50C3BA37B437DCE6D9E5CC 2x, https://d20zyr0oabjxc2.cloudfront.net/variants/media/raw_images/ambercharles0811/2024/01/20240122053905.214-DC659F34-E761-4EA7-B-198x198c.jpeg?signature=9A262212260B023B929FEACCF72CEFFF5A73BA251C223BAD50195687C3E722C5 1x",
Oil Spot/dalmatian Crested Gecko,Spot/dalmatian,"https://d20zyr0oabjxc2.cloudfront.net/variants/media/raw_images/lazycrestedgeckos/2024/09/20240910193806.825-TGDPep23-05_4.2-396x396c.jpeg?signature=9B49DD1DB164ACDE6F6C28CABCD41244E176A78CCD9BC822728989EAD8740F01 2x, https://d20zyr0oabjxc2.cloudfront.net/variants/media/raw_images/lazycrestedgeckos/2024/09/20240910193806.825-TGDPep23-05_4.2-198x198c.jpeg?signature=473B76A81108E51A7C1A49ABD0510165797A44381456EFA5582E78370B697F8A 1x",/us/c/reptiles/lizards/crested-geckos/2419825,,"https://d20zyr0oabjxc2.cloudfront.net/variants/media/raw_images/lazycrestedgeckos/2024/09/20240910193806.825-TGDPep23-05_4.2-396x396c.jpeg?signature=9B49DD1DB164ACDE6F6C28CABCD41244E176A78CCD9BC822728989EAD8740F01 2x, https://d20zyr0oabjxc2.cloudfront.net/variants/media/raw_images/lazycrestedgeckos/2024/09/20240910193806.825-TGDPep23-05_4.2-198x198c.jpeg?signature=473B76A81108E51A7C1A49ABD0510165797A44381456EFA5582E78370B697F8A 1x",
Orange dalmatian With Inkspots!,dalmatian,"https://d20zyr0oabjxc2.cloudfront.net/variants/media/raw_images/geckohaven/2024/07/20240726141948.867-FaAiA8823m16g6-396x396c.jpeg?signature=8D4B6FD9438211834B764FCAE581E07DF5B340C0B81475A7515CC3A9C45984B0 2x, https://d20zyr0oabjxc2.cloudfront.net/variants/media/raw_images/geckohaven/2024/07/20240726141948.867-FaAiA8823m16g6-198x198c.jpeg?signature=F06746CD0D656A7389FC4409F3EEBF6D5162B48A8753111A64DFBA41376F9403 1x",/us/c/reptiles/lizards/crested-geckos/2296205,,"https://d20zyr0oabjxc2.cloudfront.net/variants/media/raw_images/geckohaven/2024/07/20240726141948.867-FaAiA8823m16g6-396x396c.jpeg?signature=8D4B6FD9438211834B764FCAE581E07DF5B340C0B81475A7515CC3A9C45984B0 2x, https://d20zyr0oabjxc2.cloudfront.net/variants/media/raw_images/geckohaven/2024/07/20240726141948.867-FaAiA8823m16g6-198x198c.jpeg?signature=F06746CD0D656A7389FC4409F3EEBF6D5162B48A8753111A64DFBA41376F9403 1x",
Olive Phantom dalmatian,dalmatian,"https://d20zyr0oabjxc2.cloudfront.net/variants/media/raw_images/exoticos_exotics/2024/10/20241011164911.630-IMG_7882-396x396c.jpeg?signature=1901F89EAEA615D6BFCB5DC29FC37E5006AEA80960330CAE0DFD38C4023C04B8 2x, https://d20zyr0oabjxc2.cloudfront.net/variants/media/raw_images/exoticos_exotics/2024/10/20241011164911.630-IMG_7882-198x198c.jpeg?signature=09CBD8C8520FB3975E2238B4E661A4E71B50282714A235D3B65D433CEBF01705 1x",/us/c/reptiles/lizards/crested-geckos/2643492,,"https://d20zyr0oabjxc2.cloudfront.net/variants/media/raw_images/exoticos_exotics/2024/10/20241011164911.630-IMG_7882-396x396c.jpeg?signature=1901F89EAEA615D6BFCB5DC29FC37E5006AEA80960330CAE0DFD38C4023C04B8 2x, https://d20zyr0oabjxc2.cloudfront.net/variants/media/raw_images/exoticos_exotics/2024/10/20241011164911.630-IMG_7882-198x198c.jpeg?signature=09CBD8C8520FB3975E2238B4E661A4E71B50282714A235D3B65D433CEBF01705 1x",
White Spot Super dalmatian,dalmatian,"https://d20zyr0oabjxc2.cloudfront.net/variants/media/raw_images/nateturenate/2024/10/20241011121615.247-IMG_0074-396x396c.jpeg?signature=B74BD3828896EA8CB5F8DF00E0EFFB8B15ED6709F336FBC9F106D238B707E1AB 2x, https://d20zyr0oabjxc2.cloudfront.net/variants/media/raw_images/nateturenate/2024/10/20241011121615.247-IMG_0074-198x198c.jpeg?signature=7551CC3943BC1C7DBA9633FD9BAFD7A7F6609E7DBBE6404A387025DBD389D2A3 1x",/us/c/reptiles/lizards/crested-geckos/2643070,,"https://d20zyr0oabjxc2.cloudfront.net/variants/media/raw_images/nateturenate/2024/10/20241011121615.247-IMG_0074-396x396c.jpeg?signature=B74BD3828896EA8CB5F8DF00E0EFFB8B15ED6709F336FBC9F106D238B707E1AB 2x, https://d20zyr0oabjxc2.cloudfront.net/variants/media/raw_images/nateturenate/2024/10/20241011121615.247-IMG_0074-198x198c.jpeg?signature=7551CC3943BC1C7DBA9633FD9BAFD7A7F6609E7DBBE6404A387025DBD389D2A3 1x",
Male Red Spot Super dalmatian,Red dalmatian,"https://d20zyr0oabjxc2.cloudfront.net/variants/media/raw_images/nateturenate/2024/10/20241011121103.806-IMG_0078-396x396c.jpeg?signature=145B8DCBC5DB2E13DE7ECA03F85432D8EEA3EC3EAB5DE52BE95B8496AE07F9C6 2x, https://d20zyr0oabjxc2.cloudfront.net/variants/media/raw_images/nateturenate/2024/10/20241011121103.806-IMG_0078-198x198c.jpeg?signature=F47C973D2D3CE6BD7826A4505C878002CF2A3EFBCB930CA4AAE4CCC46F874D7B 1x",/us/c/reptiles/lizards/crested-geckos/2643063,,"https://d20zyr0oabjxc2.cloudfront.net/variants/media/raw_images/nateturenate/2024/10/20241011121103.806-IMG_0078-396x396c.jpeg?signature=145B8DCBC5DB2E13DE7ECA03F85432D8EEA3EC3EAB5DE52BE95B8496AE07F9C6 2x, https://d20zyr0oabjxc2.cloudfront.net/variants/media/raw_images/nateturenate/2024/10/20241011121103.806-IMG_0078-198x198c.jpeg?signature=F47C973D2D3CE6BD7826A4505C878002CF2A3EFBCB930CA4AAE4CCC46F874D7B 1x",
"Perfect Red Spot dalmatian ""Pixy Stix""",Red dalmatian,"https://d20zyr0oabjxc2.cloudfront.net/variants/media/raw_images/kates_colorful_cresteds/2024/06/20240612003528.236-1000057312-396x396c.jpeg?signature=CE54292F142F32ED3DE9916E7997B44EBF6F41D36E0F0EBEB52F0834EF2C545A 2x, https://d20zyr0oabjxc2.cloudfront.net/variants/media/raw_images/kates_colorful_cresteds/2024/06/20240612003528.236-1000057312-198x198c.jpeg?signature=AA3EE9CBE19B308832C56987A34434B60BED4785DCADB0E5DAF321F685E191F8 1x",/us/c/reptiles/lizards/crested-geckos/2372459,,"https://d20zyr0oabjxc2.cloudfront.net/variants/media/raw_images/kates_colorful_cresteds/2024/06/20240612003528.236-1000057312-396x396c.jpeg?signature=CE54292F142F32ED3DE9916E7997B44EBF6F41D36E0F0EBEB52F0834EF2C545A 2x, https://d20zyr0oabjxc2.cloudfront.net/variants/media/raw_images/kates_colorful_cresteds/2024/06/20240612003528.236-1000057312-198x198c.jpeg?signature=AA3EE9CBE19B308832C56987A34434B60BED4785DCADB0E5DAF321F685E191F8 1x",
Pale Yellow dalmatian,Yellow dalmatian,"https://d20zyr0oabjxc2.cloudfront.net/variants/media/raw_images/carlyg/2024/09/20240913131940.283-BB851371-BD52-4D42-B-396x396c.jpeg?signature=7A3B7026364F8583945A897847ADF0501B1FF86ED4261164545BD11FAB3ACDF7 2x, https://d20zyr0oabjxc2.cloudfront.net/variants/media/raw_images/carlyg/2024/09/20240913131940.283-BB851371-BD52-4D42-B-198x198c.jpeg?signature=9D2084821E960916DF91B4DDCBECDB08CFFE3174F8E1342B2525A20745D7EEB4 1x",/us/c/reptiles/lizards/crested-geckos/2277546,,"https://d20zyr0oabjxc2.cloudfront.net/variants/media/raw_images/carlyg/2024/09/20240913131940.283-BB851371-BD52-4D42-B-396x396c.jpeg?signature=7A3B7026364F8583945A897847ADF0501B1FF86ED4261164545BD11FAB3ACDF7 2x, https://d20zyr0oabjxc2.cloudfront.net/variants/media/raw_images/carlyg/2024/09/20240913131940.283-BB851371-BD52-4D42-B-198x198c.jpeg?signature=9D2084821E960916DF91B4DDCBECDB08CFFE3174F8E1342B2525A20745D7EEB4 1x",
Phantom Porthole dalmatian,dalmatian,"https://d20zyr0oabjxc2.cloudfront.net/variants/media/raw_images/m_sutt/2024/09/20240913033342.877-IMG_4862-396x396c.jpeg?signature=99F3AB69B9C692F022D15DEF62636B28B76322F87603F865EEB6DECBF6A561C4 2x, https://d20zyr0oabjxc2.cloudfront.net/variants/media/raw_images/m_sutt/2024/09/20240913033342.877-IMG_4862-198x198c.jpeg?signature=6F11B3C3AB44C1DAD65584F966341A14B61F91427454EDF2F2DA7CF14CD0FE26 1x",/us/c/reptiles/lizards/crested-geckos/2575100,,"https://d20zyr0oabjxc2.cloudfront.net/variants/media/raw_images/m_sutt/2024/09/20240913033342.877-IMG_4862-396x396c.jpeg?signature=99F3AB69B9C692F022D15DEF62636B28B76322F87603F865EEB6DECBF6A561C4 2x, https://d20zyr0oabjxc2.cloudfront.net/variants/media/raw_images/m_sutt/2024/09/20240913033342.877-IMG_4862-198x198c.jpeg?signature=6F11B3C3AB44C1DAD65584F966341A14B61F91427454EDF2F2DA7CF14CD0FE26 1x",
Vibrant Red Super dalmatian,Red dalmatian,"https://d20zyr0oabjxc2.cloudfront.net/variants/media/raw_images/emryldexotics/2024/08/20240811213251.416-IMG_9526-396x396c.jpeg?signature=3ACAD77108757269CD0C86DA7725328F4B0312997A983290632F9155DB3260B9 2x, https://d20zyr0oabjxc2.cloudfront.net/variants/media/raw_images/emryldexotics/2024/08/20240811213251.416-IMG_9526-198x198c.jpeg?signature=F09E0F4B6D82B17A0A946E5F6351CC149A94E69A5FA953AD6A711D8D6CFB1397 1x",/us/c/reptiles/lizards/crested-geckos/2243012,,"https://d20zyr0oabjxc2.cloudfront.net/variants/media/raw_images/emryldexotics/2024/08/20240811213251.416-IMG_9526-396x396c.jpeg?signature=3ACAD77108757269CD0C86DA7725328F4B0312997A983290632F9155DB3260B9 2x, https://d20zyr0oabjxc2.cloudfront.net/variants/media/raw_images/emryldexotics/2024/08/20240811213251.416-IMG_9526-198x198c.jpeg?signature=F09E0F4B6D82B17A0A946E5F6351CC149A94E69A5FA953AD6A711D8D6CFB1397 1x",
47g Orange Base Red Spot dalmatian Male,Red dalmatian,"https://d20zyr0oabjxc2.cloudfront.net/variants/media/raw_images/matrixexotics/2024/10/20241009054920.490-IMG_2073-396x396c.jpeg?signature=EC8FF924F0ECBC6287B891D49F3093284101D373869DA6977F02CC11E10F9747 2x, https://d20zyr0oabjxc2.cloudfront.net/variants/media/raw_images/matrixexotics/2024/10/20241009054920.490-IMG_2073-198x198c.jpeg?signature=10682D6930E6DF65873A116A3D3582A8F6553B30DA82E29565A736EF8C43AC0B 1x",/us/c/reptiles/lizards/crested-geckos/2638601,,"https://d20zyr0oabjxc2.cloudfront.net/variants/media/raw_images/matrixexotics/2024/10/20241009054920.490-IMG_2073-396x396c.jpeg?signature=EC8FF924F0ECBC6287B891D49F3093284101D373869DA6977F02CC11E10F9747 2x, https://d20zyr0oabjxc2.cloudfront.net/variants/media/raw_images/matrixexotics/2024/10/20241009054920.490-IMG_2073-198x198c.jpeg?signature=10682D6930E6DF65873A116A3D3582A8F6553B30DA82E29565A736EF8C43AC0B 1x",
7/12/23 Confetti dalmatian Out Of Situation X Funfetti,dalmatian,"https://d20zyr0oabjxc2.cloudfront.net/variants/media/raw_images/chelsea/2024/08/20240813200809.961-453257497_4800501615-396x396c.jpeg?signature=D40557A835A7CF697E6D6D569D8505E33AA34A8FB4177C188555E945B6B194F8 2x, https://d20zyr0oabjxc2.cloudfront.net/variants/media/raw_images/chelsea/2024/08/20240813200809.961-453257497_4800501615-198x198c.jpeg?signature=1EF9B292D500EA195E4D0E83FD09DF8E2E0EFCD64C433994158183EE9A625212 1x",/us/c/reptiles/lizards/crested-geckos/2496988,,"https://d20zyr0oabjxc2.cloudfront.net/variants/media/raw_images/chelsea/2024/08/20240813200809.961-453257497_4800501615-396x396c.jpeg?signature=D40557A835A7CF697E6D6D569D8505E33AA34A8FB4177C188555E945B6B194F8 2x, https://d20zyr0oabjxc2.cloudfront.net/variants/media/raw_images/chelsea/2024/08/20240813200809.961-453257497_4800501615-198x198c.jpeg?signature=1EF9B292D500EA195E4D0E83FD09DF8E2E0EFCD64C433994158183EE9A625212 1x",
7/19/23 Super dalmatian Out Of Mayhem X Pyro,dalmatian,"https://d20zyr0oabjxc2.cloudfront.net/variants/media/raw_images/chelsea/2024/08/20240813212632.529-454033516_8961095123-396x396c.jpeg?signature=051AA5BEDBA3CF96A92C9FE435092B579D809E9278BF5F04249B859A40760A93 2x, https://d20zyr0oabjxc2.cloudfront.net/variants/media/raw_images/chelsea/2024/08/20240813212632.529-454033516_8961095123-198x198c.jpeg?signature=A28B336EAE26ADBBB5DF96B808FA3F6916AA393C059EC4894A5A9DD55D0CE5AC 1x",/us/c/reptiles/lizards/crested-geckos/2497160,,"https://d20zyr0oabjxc2.cloudfront.net/variants/media/raw_images/chelsea/2024/08/20240813212632.529-454033516_8961095123-396x396c.jpeg?signature=051AA5BEDBA3CF96A92C9FE435092B579D809E9278BF5F04249B859A40760A93 2x, https://d20zyr0oabjxc2.cloudfront.net/variants/media/raw_images/chelsea/2024/08/20240813212632.529-454033516_8961095123-198x198c.jpeg?signature=A28B336EAE26ADBBB5DF96B808FA3F6916AA393C059EC4894A5A9DD55D0CE5AC 1x",
Super dalmatian,dalmatian,"https://d20zyr0oabjxc2.cloudfront.net/variants/media/raw_images/sapphirehabitatsandexotics/2024/10/20241009174012.242-image000000-396x396c.jpeg?signature=801FE66A2D8846BCDF14CEC0F81F80BB33E4B685CC9D6FB1D448DADED6F14712 2x, https://d20zyr0oabjxc2.cloudfront.net/variants/media/raw_images/sapphirehabitatsandexotics/2024/10/20241009174012.242-image000000-198x198c.jpeg?signature=E7707152AD00DF2E196780F464193628459838CE9FB9D747263FB5EC1541F45D 1x",/us/c/reptiles/lizards/crested-geckos/2639479,,"https://d20zyr0oabjxc2.cloudfront.net/variants/media/raw_images/sapphirehabitatsandexotics/2024/10/20241009174012.242-image000000-396x396c.jpeg?signature=801FE66A2D8846BCDF14CEC0F81F80BB33E4B685CC9D6FB1D448DADED6F14712 2x, https://d20zyr0oabjxc2.cloudfront.net/variants/media/raw_images/sapphirehabitatsandexotics/2024/10/20241009174012.242-image000000-198x198c.jpeg?signature=E7707152AD00DF2E196780F464193628459838CE9FB9D747263FB5EC1541F45D 1x",
Proven Male Super dalmatian,dalmatian,"https://d20zyr0oabjxc2.cloudfront.net/variants/media/raw_images/abstract_arboreals/2024/04/20240407010518.108-IMG_7013-396x396c.jpeg?signature=B24FD3C332411A8B679895AC7C4A34862D92ECC106ADD7965DF60D87066B3C0B 2x, https://d20zyr0oabjxc2.cloudfront.net/variants/media/raw_images/abstract_arboreals/2024/04/20240407010518.108-IMG_7013-198x198c.jpeg?signature=5727BB55FF0D3E290CB2E34C6398AFDD3442994E3F58D6378EC37245C574F0C9 1x",/us/c/reptiles/lizards/crested-geckos/1998253,,"https://d20zyr0oabjxc2.cloudfront.net/variants/media/raw_images/abstract_arboreals/2024/04/20240407010518.108-IMG_7013-396x396c.jpeg?signature=B24FD3C332411A8B679895AC7C4A34862D92ECC106ADD7965DF60D87066B3C0B 2x, https://d20zyr0oabjxc2.cloudfront.net/variants/media/raw_images/abstract_arboreals/2024/04/20240407010518.108-IMG_7013-198x198c.jpeg?signature=5727BB55FF0D3E290CB2E34C6398AFDD3442994E3F58D6378EC37245C574F0C9 1x",
39g Proven Female Ink Spot dalmatian,dalmatian,"https://d20zyr0oabjxc2.cloudfront.net/variants/media/raw_images/matrixexotics/2024/10/20241009053008.97-IMG_2068-396x396c.jpeg?signature=3DA2203909C419632155D38C1A3BA2D2217350A4F7F441DC1FE50C81FEBC4191 2x, https://d20zyr0oabjxc2.cloudfront.net/variants/media/raw_images/matrixexotics/2024/10/20241009053008.97-IMG_2068-198x198c.jpeg?signature=2442BD8923507ACD16B78E473643F33048409A6A97EBBC656009B232D700A96E 1x",/us/c/reptiles/lizards/crested-geckos/2638589,,"https://d20zyr0oabjxc2.cloudfront.net/variants/media/raw_images/matrixexotics/2024/10/20241009053008.97-IMG_2068-396x396c.jpeg?signature=3DA2203909C419632155D38C1A3BA2D2217350A4F7F441DC1FE50C81FEBC4191 2x, https://d20zyr0oabjxc2.cloudfront.net/variants/media/raw_images/matrixexotics/2024/10/20241009053008.97-IMG_2068-198x198c.jpeg?signature=2442BD8923507ACD16B78E473643F33048409A6A97EBBC656009B232D700A96E 1x",
Orange Super dalmatian,dalmatian,"https://d20zyr0oabjxc2.cloudfront.net/variants/media/raw_images/spriggan/2024/09/20240912003018.672-IMG_9971-396x396c.jpeg?signature=360D773EC65ADDD3882E0B8256524FEBA61DDA8109D5971DD096E6D0D55B42D8 2x, https://d20zyr0oabjxc2.cloudfront.net/variants/media/raw_images/spriggan/2024/09/20240912003018.672-IMG_9971-198x198c.jpeg?signature=A25D6BD080E5B79B6195F9A6986D26577A22074C15C3BDCB64E4191B1755B21A 1x",/us/c/reptiles/lizards/crested-geckos/2572420,,"https://d20zyr0oabjxc2.cloudfront.net/variants/media/raw_images/spriggan/2024/09/20240912003018.672-IMG_9971-396x396c.jpeg?signature=360D773EC65ADDD3882E0B8256524FEBA61DDA8109D5971DD096E6D0D55B42D8 2x, https://d20zyr0oabjxc2.cloudfront.net/variants/media/raw_images/spriggan/2024/09/20240912003018.672-IMG_9971-198x198c.jpeg?signature=A25D6BD080E5B79B6195F9A6986D26577A22074C15C3BDCB64E4191B1755B21A 1x",
dalmatian,dalmatian,"https://d20zyr0oabjxc2.cloudfront.net/variants/media/raw_images/spriggan/2024/08/20240803023406.649-IMG_8502-396x396c.jpeg?signature=346DC795AE511E355406AD23E7CB2A22B51B04B2B0BD35B4D8284D4895A0FE78 2x, https://d20zyr0oabjxc2.cloudfront.net/variants/media/raw_images/spriggan/2024/08/20240803023406.649-IMG_8502-198x198c.jpeg?signature=6FA99FEA62B20A72B004141EF398CD21BCEE2D58FA75B093BFADA643900B26DB 1x",/us/c/reptiles/lizards/crested-geckos/2472096,,"https://d20zyr0oabjxc2.cloudfront.net/variants/media/raw_images/spriggan/2024/08/20240803023406.649-IMG_8502-396x396c.jpeg?signature=346DC795AE511E355406AD23E7CB2A22B51B04B2B0BD35B4D8284D4895A0FE78 2x, https://d20zyr0oabjxc2.cloudfront.net/variants/media/raw_images/spriggan/2024/08/20240803023406.649-IMG_8502-198x198c.jpeg?signature=6FA99FEA62B20A72B004141EF398CD21BCEE2D58FA75B093BFADA643900B26DB 1x",
Red  dalmatian,Red dalmatian,"https://d20zyr0oabjxc2.cloudfront.net/variants/media/raw_images/sarafina22/2024/10/20241013082920.338-1000012728-396x396c.jpeg?signature=13FF3205B9C1384568AD482AAFC68E3B051C43B81BBFEC04D321729E5127F3A9 2x, https://d20zyr0oabjxc2.cloudfront.net/variants/media/raw_images/sarafina22/2024/10/20241013082920.338-1000012728-198x198c.jpeg?signature=0CB368596F1892C485DCEFA368A6B3CE07193DA2DFBD59022BAF89E0E9451AF2 1x",/us/c/reptiles/lizards/crested-geckos/2637841,,"https://d20zyr0oabjxc2.cloudfront.net/variants/media/raw_images/sarafina22/2024/10/20241013082920.338-1000012728-396x396c.jpeg?signature=13FF3205B9C1384568AD482AAFC68E3B051C43B81BBFEC04D321729E5127F3A9 2x, https://d20zyr0oabjxc2.cloudfront.net/variants/media/raw_images/sarafina22/2024/10/20241013082920.338-1000012728-198x198c.jpeg?signature=0CB368596F1892C485DCEFA368A6B3CE07193DA2DFBD59022BAF89E0E9451AF2 1x",
Super dalmatian Crested Gecko,dalmatian,"https://d20zyr0oabjxc2.cloudfront.net/variants/media/raw_images/mariellagrace/2024/09/20240911232220.724-IMG_0083-396x396c.jpeg?signature=AF9AEE49D7254302A2604420A145C92FDF1437C7034A3C60A8E17FC9C6A36FC9 2x, https://d20zyr0oabjxc2.cloudfront.net/variants/media/raw_images/mariellagrace/2024/09/20240911232220.724-IMG_0083-198x198c.jpeg?signature=E0C8E28227052B5A6CB8BAA5855D3CB25F9F9EA5C0CA32CF1DE9D1884C1D963D 1x",/us/c/reptiles/lizards/crested-geckos/2572280,,"https://d20zyr0oabjxc2.cloudfront.net/variants/media/raw_images/mariellagrace/2024/09/20240911232220.724-IMG_0083-396x396c.jpeg?signature=AF9AEE49D7254302A2604420A145C92FDF1437C7034A3C60A8E17FC9C6A36FC9 2x, https://d20zyr0oabjxc2.cloudfront.net/variants/media/raw_images/mariellagrace/2024/09/20240911232220.724-IMG_0083-198x198c.jpeg?signature=E0C8E28227052B5A6CB8BAA5855D3CB25F9F9EA5C0CA32CF1DE9D1884C1D963D 1x",
Yellow Super dalmatian,Yellow dalmatian,"https://d20zyr0oabjxc2.cloudfront.net/variants/media/raw_images/kmw314/2024/10/20241005233454.764-IMG_3001-396x396c.jpeg?signature=2A6A21A55127C6B5C6A11D44BB9AEB54545776BFBE2FD8C81F8A8FB7290DDE50 2x, https://d20zyr0oabjxc2.cloudfront.net/variants/media/raw_images/kmw314/2024/10/20241005233454.764-IMG_3001-198x198c.jpeg?signature=BB6987CCD3DBA76317E9521E5967D0C52D0A509862CB797B0434592DB51CB730 1x",/us/c/reptiles/lizards/crested-geckos/2630625,,"https://d20zyr0oabjxc2.cloudfront.net/variants/media/raw_images/kmw314/2024/10/20241005233454.764-IMG_3001-396x396c.jpeg?signature=2A6A21A55127C6B5C6A11D44BB9AEB54545776BFBE2FD8C81F8A8FB7290DDE50 2x, https://d20zyr0oabjxc2.cloudfront.net/variants/media/raw_images/kmw314/2024/10/20241005233454.764-IMG_3001-198x198c.jpeg?signature=BB6987CCD3DBA76317E9521E5967D0C52D0A509862CB797B0434592DB51CB730 1x",
29g Female Yellow Super dalmatian,Yellow dalmatian,"https://d20zyr0oabjxc2.cloudfront.net/variants/media/raw_images/mygeckospot/2024/03/20240323230540.429-IMG_9296-396x396c.jpeg?signature=779C8ACD262FDC884305560A215EAABCB2226AEA426E7AD2B7E2DC2A9480DBC4 2x, https://d20zyr0oabjxc2.cloudfront.net/variants/media/raw_images/mygeckospot/2024/03/20240323230540.429-IMG_9296-198x198c.jpeg?signature=8DDCB5734EBDD424988C2E282A63AF33C91B2A249DBF4C81FF8E4B254765D863 1x",/us/c/reptiles/lizards/crested-geckos/2240118,,"https://d20zyr0oabjxc2.cloudfront.net/variants/media/raw_images/mygeckospot/2024/03/20240323230540.429-IMG_9296-396x396c.jpeg?signature=779C8ACD262FDC884305560A215EAABCB2226AEA426E7AD2B7E2DC2A9480DBC4 2x, https://d20zyr0oabjxc2.cloudfront.net/variants/media/raw_images/mygeckospot/2024/03/20240323230540.429-IMG_9296-198x198c.jpeg?signature=8DDCB5734EBDD424988C2E282A63AF33C91B2A249DBF4C81FF8E4B254765D863 1x",
Red Spot dalmatian,Red dalmatian,"https://d20zyr0oabjxc2.cloudfront.net/variants/media/raw_images/ilovebeardies/2024/04/20240416021812.631-20240411194155_IMG_5-396x396c.jpeg?signature=680DAD3B9B919F5A2069D98E9FEFC9CB0A61DFED7DFDB3F52458001FD2A260C0 2x, https://d20zyr0oabjxc2.cloudfront.net/variants/media/raw_images/ilovebeardies/2024/04/20240416021812.631-20240411194155_IMG_5-198x198c.jpeg?signature=E0B035F3E095E3CDF460026E5E049B2F6393EB5456ACBDCF2BA16F603AEFE2FC 1x",/us/c/reptiles/lizards/crested-geckos/2277140,,"https://d20zyr0oabjxc2.cloudfront.net/variants/media/raw_images/ilovebeardies/2024/04/20240416021812.631-20240411194155_IMG_5-396x396c.jpeg?signature=680DAD3B9B919F5A2069D98E9FEFC9CB0A61DFED7DFDB3F52458001FD2A260C0 2x, https://d20zyr0oabjxc2.cloudfront.net/variants/media/raw_images/ilovebeardies/2024/04/20240416021812.631-20240411194155_IMG_5-198x198c.jpeg?signature=E0B035F3E095E3CDF460026E5E049B2F6393EB5456ACBDCF2BA16F603AEFE2FC 1x",
32g Male Super dalmatian,dalmatian,"https://d20zyr0oabjxc2.cloudfront.net/variants/media/raw_images/mygeckospot/2024/03/20240323230102.343-IMG_9290-396x396c.jpeg?signature=432CEE55BFB8397905DECBB0D71D6B2AEBA496BD3910B9F40FE9573C8A63F8B6 2x, https://d20zyr0oabjxc2.cloudfront.net/variants/media/raw_images/mygeckospot/2024/03/20240323230102.343-IMG_9290-198x198c.jpeg?signature=8E173E6B1B20FA7384212C018FEE5743773722F4487BF785EDD1833A2B9751CA 1x",/us/c/reptiles/lizards/crested-geckos/2240098,,"https://d20zyr0oabjxc2.cloudfront.net/variants/media/raw_images/mygeckospot/2024/03/20240323230102.343-IMG_9290-396x396c.jpeg?signature=432CEE55BFB8397905DECBB0D71D6B2AEBA496BD3910B9F40FE9573C8A63F8B6 2x, https://d20zyr0oabjxc2.cloudfront.net/variants/media/raw_images/mygeckospot/2024/03/20240323230102.343-IMG_9290-198x198c.jpeg?signature=8E173E6B1B20FA7384212C018FEE5743773722F4487BF785EDD1833A2B9751CA 1x",
28g Male Orange Ink-spot Super dalmatian,dalmatian,"https://d20zyr0oabjxc2.cloudfront.net/variants/media/raw_images/mygeckospot/2024/03/20240323222607.449-IMG_9320-396x396c.jpeg?signature=168DF6A75FBD5DC8BAEB6A7E368FFCB730A19F69E9FE9AB91564F400184CC6EC 2x, https://d20zyr0oabjxc2.cloudfront.net/variants/media/raw_images/mygeckospot/2024/03/20240323222607.449-IMG_9320-198x198c.jpeg?signature=DB715F11201E38875258730FFF7BF016E944BC5531ED1EC5C2F672E2DDF7FD60 1x",/us/c/reptiles/lizards/crested-geckos/2095002,,"https://d20zyr0oabjxc2.cloudfront.net/variants/media/raw_images/mygeckospot/2024/03/20240323222607.449-IMG_9320-396x396c.jpeg?signature=168DF6A75FBD5DC8BAEB6A7E368FFCB730A19F69E9FE9AB91564F400184CC6EC 2x, https://d20zyr0oabjxc2.cloudfront.net/variants/media/raw_images/mygeckospot/2024/03/20240323222607.449-IMG_9320-198x198c.jpeg?signature=DB715F11201E38875258730FFF7BF016E944BC5531ED1EC5C2F672E2DDF7FD60 1x",
26g Male Super dalmatian,dalmatian,"https://d20zyr0oabjxc2.cloudfront.net/variants/media/raw_images/mygeckospot/2024/03/20240323225947.291-IMG_9292-396x396c.jpeg?signature=7EE05EC826F94A8CFD076A472994C50A51F4C6F40644281DB7524F9E5B9802C7 2x, https://d20zyr0oabjxc2.cloudfront.net/variants/media/raw_images/mygeckospot/2024/03/20240323225947.291-IMG_9292-198x198c.jpeg?signature=15E474190B05CCE636C4D15045CB9855916D1C263B3C9884346EE9822B8E6EF6 1x",/us/c/reptiles/lizards/crested-geckos/2240110,,"https://d20zyr0oabjxc2.cloudfront.net/variants/media/raw_images/mygeckospot/2024/03/20240323225947.291-IMG_9292-396x396c.jpeg?signature=7EE05EC826F94A8CFD076A472994C50A51F4C6F40644281DB7524F9E5B9802C7 2x, https://d20zyr0oabjxc2.cloudfront.net/variants/media/raw_images/mygeckospot/2024/03/20240323225947.291-IMG_9292-198x198c.jpeg?signature=15E474190B05CCE636C4D15045CB9855916D1C263B3C9884346EE9822B8E6EF6 1x",
42g Female Super dalmatian,dalmatian,"https://d20zyr0oabjxc2.cloudfront.net/variants/media/raw_images/mygeckospot/2023/12/20231217185249.356-VH1Edited2-396x396c.jpeg?signature=0C1AC8431F734C47E77DE5CDAC85F5991EE4E83F16535B59D78167E09FB475BC 2x, https://d20zyr0oabjxc2.cloudfront.net/variants/media/raw_images/mygeckospot/2023/12/20231217185249.356-VH1Edited2-198x198c.jpeg?signature=85681293C2DC4F1AB01A41926ECAFC2B13501E46886C15B188CF3C5B701D5F74 1x",/us/c/reptiles/lizards/crested-geckos/2066166,,"https://d20zyr0oabjxc2.cloudfront.net/variants/media/raw_images/mygeckospot/2023/12/20231217185249.356-VH1Edited2-396x396c.jpeg?signature=0C1AC8431F734C47E77DE5CDAC85F5991EE4E83F16535B59D78167E09FB475BC 2x, https://d20zyr0oabjxc2.cloudfront.net/variants/media/raw_images/mygeckospot/2023/12/20231217185249.356-VH1Edited2-198x198c.jpeg?signature=85681293C2DC4F1AB01A41926ECAFC2B13501E46886C15B188CF3C5B701D5F74 1x",
24g Male Orange Ink-Spot Super dalmatian,dalmatian,"https://d20zyr0oabjxc2.cloudfront.net/variants/media/raw_images/mygeckospot/2024/03/20240329033654.416-IMG_9433-396x396c.jpeg?signature=4D04E45FDA2584B48F7E4CAE255D60D435EF597C892F19C60F46799B1D882AD6 2x, https://d20zyr0oabjxc2.cloudfront.net/variants/media/raw_images/mygeckospot/2024/03/20240329033654.416-IMG_9433-198x198c.jpeg?signature=191F7C6E35627AFA4D1603A96315F0C5F02F76DACF8EDC000F319E3ED8E704E7 1x",/us/c/reptiles/lizards/crested-geckos/1888636,,"https://d20zyr0oabjxc2.cloudfront.net/variants/media/raw_images/mygeckospot/2024/03/20240329033654.416-IMG_9433-396x396c.jpeg?signature=4D04E45FDA2584B48F7E4CAE255D60D435EF597C892F19C60F46799B1D882AD6 2x, https://d20zyr0oabjxc2.cloudfront.net/variants/media/raw_images/mygeckospot/2024/03/20240329033654.416-IMG_9433-198x198c.jpeg?signature=191F7C6E35627AFA4D1603A96315F0C5F02F76DACF8EDC000F319E3ED8E704E7 1x",
Hypo dalmatian,dalmatian,"https://d20zyr0oabjxc2.cloudfront.net/variants/media/raw_images/nikki42/2024/09/20240927150031.422-1000004137-396x396c.jpeg?signature=8811A50951CD236F50AF4064F491BBDDEC1FF3F808FD2276F398DE4557B55AA4 2x, https://d20zyr0oabjxc2.cloudfront.net/variants/media/raw_images/nikki42/2024/09/20240927150031.422-1000004137-198x198c.jpeg?signature=12CC2B83721966A75CD3DC60CE2A190CEBFD75AF583D4EB9BAA00FFC10520AC9 1x",/us/c/reptiles/lizards/crested-geckos/2610686,,"https://d20zyr0oabjxc2.cloudfront.net/variants/media/raw_images/nikki42/2024/09/20240927150031.422-1000004137-396x396c.jpeg?signature=8811A50951CD236F50AF4064F491BBDDEC1FF3F808FD2276F398DE4557B55AA4 2x, https://d20zyr0oabjxc2.cloudfront.net/variants/media/raw_images/nikki42/2024/09/20240927150031.422-1000004137-198x198c.jpeg?signature=12CC2B83721966A75CD3DC60CE2A190CEBFD75AF583D4EB9BAA00FFC10520AC9 1x",
Olive dalmatian,dalmatian,"https://d20zyr0oabjxc2.cloudfront.net/variants/media/raw_images/nikki42/2024/09/20240927144343.332-1000004170-396x396c.jpeg?signature=008BE44670BF0125E187BB80AB2D8B3AE5A8BB58BBA06AFF3AF8CA3D6F2582A1 2x, https://d20zyr0oabjxc2.cloudfront.net/variants/media/raw_images/nikki42/2024/09/20240927144343.332-1000004170-198x198c.jpeg?signature=C40B4B0DCC67EE53C66661A85A1C58D5FAA5817E51F5B8FBF3B7CF76210533FA 1x",/us/c/reptiles/lizards/crested-geckos/2610643,,"https://d20zyr0oabjxc2.cloudfront.net/variants/media/raw_images/nikki42/2024/09/20240927144343.332-1000004170-396x396c.jpeg?signature=008BE44670BF0125E187BB80AB2D8B3AE5A8BB58BBA06AFF3AF8CA3D6F2582A1 2x, https://d20zyr0oabjxc2.cloudfront.net/variants/media/raw_images/nikki42/2024/09/20240927144343.332-1000004170-198x198c.jpeg?signature=C40B4B0DCC67EE53C66661A85A1C58D5FAA5817E51F5B8FBF3B7CF76210533FA 1x",
Yellow dalmatian,Yellow dalmatian,"https://d20zyr0oabjxc2.cloudfront.net/variants/media/raw_images/ksevachko/2024/08/20240830223145.806-IMG_9150-396x396c.jpeg?signature=ED56EF92C86F06888132BA1DE751BD52A9B5DAE28E460647C45FE4DCB6A4E548 2x, https://d20zyr0oabjxc2.cloudfront.net/variants/media/raw_images/ksevachko/2024/08/20240830223145.806-IMG_9150-198x198c.jpeg?signature=CC4EE430C032EC427CCEBCEDBF16A1619406B78F78E8513BB3A0466AB15A54E1 1x",/us/c/reptiles/lizards/crested-geckos/2539415,,"https://d20zyr0oabjxc2.cloudfront.net/variants/media/raw_images/ksevachko/2024/08/20240830223145.806-IMG_9150-396x396c.jpeg?signature=ED56EF92C86F06888132BA1DE751BD52A9B5DAE28E460647C45FE4DCB6A4E548 2x, https://d20zyr0oabjxc2.cloudfront.net/variants/media/raw_images/ksevachko/2024/08/20240830223145.806-IMG_9150-198x198c.jpeg?signature=CC4EE430C032EC427CCEBCEDBF16A1619406B78F78E8513BB3A0466AB15A54E1 1x",
Red Chunky Spot dalmatian,Red dalmatian,"https://d20zyr0oabjxc2.cloudfront.net/variants/media/raw_images/ksevachko/2024/08/20240803010453.637-IMG_6326-396x396c.jpeg?signature=7E1EA69346C53597779CFA6F41402A2684B38E04DDC3AE6515609C783FAA5911 2x, https://d20zyr0oabjxc2.cloudfront.net/variants/media/raw_images/ksevachko/2024/08/20240803010453.637-IMG_6326-198x198c.jpeg?signature=76BFC9B2525DEEA30F702D3E170EA275AA308D5E7E603B64C0120A5FEEA56C16 1x",/us/c/reptiles/lizards/crested-geckos/2237181,,"https://d20zyr0oabjxc2.cloudfront.net/variants/media/raw_images/ksevachko/2024/08/20240803010453.637-IMG_6326-396x396c.jpeg?signature=7E1EA69346C53597779CFA6F41402A2684B38E04DDC3AE6515609C783FAA5911 2x, https://d20zyr0oabjxc2.cloudfront.net/variants/media/raw_images/ksevachko/2024/08/20240803010453.637-IMG_6326-198x198c.jpeg?signature=76BFC9B2525DEEA30F702D3E170EA275AA308D5E7E603B64C0120A5FEEA56C16 1x",
7/19/23 Confetti dalmatian Out Of Mayhem X Pyro,dalmatian,"https://d20zyr0oabjxc2.cloudfront.net/variants/media/raw_images/chelsea/2024/08/20240813212127.579-453063419_3818690916-396x396c.jpeg?signature=C4BD4340EFF2DBEF5B0DDBF235609498225479A3D8EF11FAE42F5B760608F5DB 2x, https://d20zyr0oabjxc2.cloudfront.net/variants/media/raw_images/chelsea/2024/08/20240813212127.579-453063419_3818690916-198x198c.jpeg?signature=0D428CCB0D1F4782F653CC44DD3715DB461EBBB9B2DFFC47465850B928F36557 1x",/us/c/reptiles/lizards/crested-geckos/2497154,,"https://d20zyr0oabjxc2.cloudfront.net/variants/media/raw_images/chelsea/2024/08/20240813212127.579-453063419_3818690916-396x396c.jpeg?signature=C4BD4340EFF2DBEF5B0DDBF235609498225479A3D8EF11FAE42F5B760608F5DB 2x, https://d20zyr0oabjxc2.cloudfront.net/variants/media/raw_images/chelsea/2024/08/20240813212127.579-453063419_3818690916-198x198c.jpeg?signature=0D428CCB0D1F4782F653CC44DD3715DB461EBBB9B2DFFC47465850B928F36557 1x",
6/2/23 Confetti dalmatian Out Of Situation X Funfetti,dalmatian,"https://d20zyr0oabjxc2.cloudfront.net/variants/media/raw_images/chelsea/2024/08/20240813205020.59-453112149_2256301084-396x396c.jpeg?signature=58776483D5ECBC4ADDA5F57181F8BE14198700FA932B25C9E2B468B78A13F57B 2x, https://d20zyr0oabjxc2.cloudfront.net/variants/media/raw_images/chelsea/2024/08/20240813205020.59-453112149_2256301084-198x198c.jpeg?signature=0FA16015C3D2A65C76FD9BE19B95FCE6296ED7FD1034FC1C923A72C3C1AB4101 1x",/us/c/reptiles/lizards/crested-geckos/2497087,,"https://d20zyr0oabjxc2.cloudfront.net/variants/media/raw_images/chelsea/2024/08/20240813205020.59-453112149_2256301084-396x396c.jpeg?signature=58776483D5ECBC4ADDA5F57181F8BE14198700FA932B25C9E2B468B78A13F57B 2x, https://d20zyr0oabjxc2.cloudfront.net/variants/media/raw_images/chelsea/2024/08/20240813205020.59-453112149_2256301084-198x198c.jpeg?signature=0FA16015C3D2A65C76FD9BE19B95FCE6296ED7FD1034FC1C923A72C3C1AB4101 1x",
8/28/23 Super dalmatian Out Of Mayhem X Hayden,dalmatian,"https://d20zyr0oabjxc2.cloudfront.net/variants/media/raw_images/chelsea/2024/08/20240813213102.853-453910833_1183310242-396x396c.jpeg?signature=970498EFA6B50CADB63C7C263C6932A3DC31243361376DC38BF66BCEFDC5D419 2x, https://d20zyr0oabjxc2.cloudfront.net/variants/media/raw_images/chelsea/2024/08/20240813213102.853-453910833_1183310242-198x198c.jpeg?signature=151C8E64694B2605C0E48BB7F8E117CCE05AE000FC536480C6231B9AC0A6ACD9 1x",/us/c/reptiles/lizards/crested-geckos/2497168,,"https://d20zyr0oabjxc2.cloudfront.net/variants/media/raw_images/chelsea/2024/08/20240813213102.853-453910833_1183310242-396x396c.jpeg?signature=970498EFA6B50CADB63C7C263C6932A3DC31243361376DC38BF66BCEFDC5D419 2x, https://d20zyr0oabjxc2.cloudfront.net/variants/media/raw_images/chelsea/2024/08/20240813213102.853-453910833_1183310242-198x198c.jpeg?signature=151C8E64694B2605C0E48BB7F8E117CCE05AE000FC536480C6231B9AC0A6ACD9 1x",
6/2/23 Confetti dalmatian Out Of Situation X Vanilla Bean,dalmatian,"https://d20zyr0oabjxc2.cloudfront.net/variants/media/raw_images/chelsea/2024/08/20240813195155.711-453511331_2639235403-396x396c.jpeg?signature=671C51A395972F568F1877F2137D733776FCBE2BE7A69C6209CC7158662A528A 2x, https://d20zyr0oabjxc2.cloudfront.net/variants/media/raw_images/chelsea/2024/08/20240813195155.711-453511331_2639235403-198x198c.jpeg?signature=EEDE281E9DEEBA1639F74B64E667EF47423E94784E4A7CAB1C40CB0587910A48 1x",/us/c/reptiles/lizards/crested-geckos/2496964,,"https://d20zyr0oabjxc2.cloudfront.net/variants/media/raw_images/chelsea/2024/08/20240813195155.711-453511331_2639235403-396x396c.jpeg?signature=671C51A395972F568F1877F2137D733776FCBE2BE7A69C6209CC7158662A528A 2x, https://d20zyr0oabjxc2.cloudfront.net/variants/media/raw_images/chelsea/2024/08/20240813195155.711-453511331_2639235403-198x198c.jpeg?signature=EEDE281E9DEEBA1639F74B64E667EF47423E94784E4A7CAB1C40CB0587910A48 1x",
8/28/23 Confetti dalmatian Out Of Situation X Funfetti,dalmatian,"https://d20zyr0oabjxc2.cloudfront.net/variants/media/raw_images/chelsea/2024/10/20241012130655.751-IMG_5907-396x396c.jpeg?signature=6504CE04681F2687AF64CF1B3B81F065B0AB2BEF00CB487034E11D040992FD07 2x, https://d20zyr0oabjxc2.cloudfront.net/variants/media/raw_images/chelsea/2024/10/20241012130655.751-IMG_5907-198x198c.jpeg?signature=5E4DA00582923E38772C1A8E3228D5DC30470ECA32CA10D4CC06F1E9FF40BEFD 1x",/us/c/reptiles/lizards/crested-geckos/2496976,,"https://d20zyr0oabjxc2.cloudfront.net/variants/media/raw_images/chelsea/2024/10/20241012130655.751-IMG_5907-396x396c.jpeg?signature=6504CE04681F2687AF64CF1B3B81F065B0AB2BEF00CB487034E11D040992FD07 2x, https://d20zyr0oabjxc2.cloudfront.net/variants/media/raw_images/chelsea/2024/10/20241012130655.751-IMG_5907-198x198c.jpeg?signature=5E4DA00582923E38772C1A8E3228D5DC30470ECA32CA10D4CC06F1E9FF40BEFD 1x",
Red dalmatian Portholes,Red dalmatian,"https://d20zyr0oabjxc2.cloudfront.net/variants/media/raw_images/kiki1991/2024/09/20240925124017.975-BF293E05-7197-4F17-8-396x396c.jpeg?signature=732064122EBD460ACE7ECE6B4C4277247A53E912ECEBBBF28CBFD7D18608D532 2x, https://d20zyr0oabjxc2.cloudfront.net/variants/media/raw_images/kiki1991/2024/09/20240925124017.975-BF293E05-7197-4F17-8-198x198c.jpeg?signature=7861EDA4A6F59BEADFCC0BEB4EDBF28BD84DD3F78BD8C745357E53E06899C8DF 1x",/us/c/reptiles/lizards/crested-geckos/2605735,,"https://d20zyr0oabjxc2.cloudfront.net/variants/media/raw_images/kiki1991/2024/09/20240925124017.975-BF293E05-7197-4F17-8-396x396c.jpeg?signature=732064122EBD460ACE7ECE6B4C4277247A53E912ECEBBBF28CBFD7D18608D532 2x, https://d20zyr0oabjxc2.cloudfront.net/variants/media/raw_images/kiki1991/2024/09/20240925124017.975-BF293E05-7197-4F17-8-198x198c.jpeg?signature=7861EDA4A6F59BEADFCC0BEB4EDBF28BD84DD3F78BD8C745357E53E06899C8DF 1x",
dalmatian Gecko,dalmatian,"https://d20zyr0oabjxc2.cloudfront.net/variants/media/raw_images/halcyonexotics/2024/09/20240924021254.928-IMG_6293.HEIC-396x396c.jpeg?signature=935FDB1474C3D51504867024F168BDB147F485652A2F02D93F2FCBBBBDC5088E 2x, https://d20zyr0oabjxc2.cloudfront.net/variants/media/raw_images/halcyonexotics/2024/09/20240924021254.928-IMG_6293.HEIC-198x198c.jpeg?signature=49ADBD305607060015528CFB69B904E2A772567103C6F2C3A90C5015D8EDBED0 1x",/us/c/reptiles/lizards/crested-geckos/2602753,,"https://d20zyr0oabjxc2.cloudfront.net/variants/media/raw_images/halcyonexotics/2024/09/20240924021254.928-IMG_6293.HEIC-396x396c.jpeg?signature=935FDB1474C3D51504867024F168BDB147F485652A2F02D93F2FCBBBBDC5088E 2x, https://d20zyr0oabjxc2.cloudfront.net/variants/media/raw_images/halcyonexotics/2024/09/20240924021254.928-IMG_6293.HEIC-198x198c.jpeg?signature=49ADBD305607060015528CFB69B904E2A772567103C6F2C3A90C5015D8EDBED0 1x",
Beautiful Male Super dalmatian Crested Gecko,dalmatian,"https://d20zyr0oabjxc2.cloudfront.net/variants/media/raw_images/red_rocks_exotic_reptiles/2024/04/20240402185621.486-nugget2-396x396c.jpeg?signature=7D0E6322812A420A2BC2105BFFE3BCE74A5FCF2306A342B84F3DC50CCEB055C8 2x, https://d20zyr0oabjxc2.cloudfront.net/variants/media/raw_images/red_rocks_exotic_reptiles/2024/04/20240402185621.486-nugget2-198x198c.jpeg?signature=7CEEEAFB1C9BBF5A1F16A3883C12146B30C650569F173B5FB4D29651AAC9D07A 1x",/us/c/reptiles/lizards/crested-geckos/2256237,,"https://d20zyr0oabjxc2.cloudfront.net/variants/media/raw_images/red_rocks_exotic_reptiles/2024/04/20240402185621.486-nugget2-396x396c.jpeg?signature=7D0E6322812A420A2BC2105BFFE3BCE74A5FCF2306A342B84F3DC50CCEB055C8 2x, https://d20zyr0oabjxc2.cloudfront.net/variants/media/raw_images/red_rocks_exotic_reptiles/2024/04/20240402185621.486-nugget2-198x198c.jpeg?signature=7CEEEAFB1C9BBF5A1F16A3883C12146B30C650569F173B5FB4D29651AAC9D07A 1x",
Couple) Super dalmatian Crested Geckos,dalmatian,"https://d20zyr0oabjxc2.cloudfront.net/variants/media/raw_images/angelinadomic/2024/09/20240909161922.51-C8D7618E-5021-41FC-A-396x396c.jpeg?signature=CFD791C2A811352ED242709CF71033F88A196D29B9BA7EE6648E69BD3ED62428 2x, https://d20zyr0oabjxc2.cloudfront.net/variants/media/raw_images/angelinadomic/2024/09/20240909161922.51-C8D7618E-5021-41FC-A-198x198c.jpeg?signature=B64C90E7B8408577949A93591ED3697FFCE4E90B9468599C101A7E13B3239393 1x",/us/c/reptiles/lizards/crested-geckos/2565746,,"https://d20zyr0oabjxc2.cloudfront.net/variants/media/raw_images/angelinadomic/2024/09/20240909161922.51-C8D7618E-5021-41FC-A-396x396c.jpeg?signature=CFD791C2A811352ED242709CF71033F88A196D29B9BA7EE6648E69BD3ED62428 2x, https://d20zyr0oabjxc2.cloudfront.net/variants/media/raw_images/angelinadomic/2024/09/20240909161922.51-C8D7618E-5021-41FC-A-198x198c.jpeg?signature=B64C90E7B8408577949A93591ED3697FFCE4E90B9468599C101A7E13B3239393 1x",
Orange Super dalmatian,dalmatian,"https://d20zyr0oabjxc2.cloudfront.net/variants/media/raw_images/crestopia_reptiles/2024/09/20240904230501.860-1000016601-396x396c.jpeg?signature=8B5E9F3771CE35C7043CB6F4288984033393B2868C38BCCD16FD416D22C66E12 2x, https://d20zyr0oabjxc2.cloudfront.net/variants/media/raw_images/crestopia_reptiles/2024/09/20240904230501.860-1000016601-198x198c.jpeg?signature=9E98C7A8238050FEA8A81E7152139C84131B744F4EE6306C5E3432A13FA7ADD0 1x",/us/c/reptiles/lizards/crested-geckos/2554359,,"https://d20zyr0oabjxc2.cloudfront.net/variants/media/raw_images/crestopia_reptiles/2024/09/20240904230501.860-1000016601-396x396c.jpeg?signature=8B5E9F3771CE35C7043CB6F4288984033393B2868C38BCCD16FD416D22C66E12 2x, https://d20zyr0oabjxc2.cloudfront.net/variants/media/raw_images/crestopia_reptiles/2024/09/20240904230501.860-1000016601-198x198c.jpeg?signature=9E98C7A8238050FEA8A81E7152139C84131B744F4EE6306C5E3432A13FA7ADD0 1x",
dalmatian Crested Gecko Baby,dalmatian,"https://d20zyr0oabjxc2.cloudfront.net/variants/media/raw_images/ew_exotics/2024/09/20240904185327.37-IMG_1230-396x396c.jpeg?signature=ECE642947AE1F0D29B13BE7B0538676DEC301950048124E4908063865AB5ED36 2x, https://d20zyr0oabjxc2.cloudfront.net/variants/media/raw_images/ew_exotics/2024/09/20240904185327.37-IMG_1230-198x198c.jpeg?signature=8B2C1D904641D3B73BA71D70DD0578C0DDBCC8C5817E030404FD5BC5A253F930 1x",/ca/c/reptiles/lizards/crested-geckos/2553555,,"https://d20zyr0oabjxc2.cloudfront.net/variants/media/raw_images/ew_exotics/2024/09/20240904185327.37-IMG_1230-396x396c.jpeg?signature=ECE642947AE1F0D29B13BE7B0538676DEC301950048124E4908063865AB5ED36 2x, https://d20zyr0oabjxc2.cloudfront.net/variants/media/raw_images/ew_exotics/2024/09/20240904185327.37-IMG_1230-198x198c.jpeg?signature=8B2C1D904641D3B73BA71D70DD0578C0DDBCC8C5817E030404FD5BC5A253F930 1x",
dalmatian AC Reptile Line RTB,dalmatian,"https://d20zyr0oabjxc2.cloudfront.net/variants/media/raw_images/geckom0m444/2024/09/20240904152947.376-IMG_4434-396x396c.jpeg?signature=17BEB4243470CE54AA41AD1B1F70898092DE110BC1BE9ECE3B1212623949B853 2x, https://d20zyr0oabjxc2.cloudfront.net/variants/media/raw_images/geckom0m444/2024/09/20240904152947.376-IMG_4434-198x198c.jpeg?signature=C249EF4759971AFCA027BFF74366D1D653E6D3DC30014F9F56E90FAF10C84C80 1x",/us/c/reptiles/lizards/crested-geckos/2552604,,"https://d20zyr0oabjxc2.cloudfront.net/variants/media/raw_images/geckom0m444/2024/09/20240904152947.376-IMG_4434-396x396c.jpeg?signature=17BEB4243470CE54AA41AD1B1F70898092DE110BC1BE9ECE3B1212623949B853 2x, https://d20zyr0oabjxc2.cloudfront.net/variants/media/raw_images/geckom0m444/2024/09/20240904152947.376-IMG_4434-198x198c.jpeg?signature=C249EF4759971AFCA027BFF74366D1D653E6D3DC30014F9F56E90FAF10C84C80 1x",
Yellow dalmatian,Yellow dalmatian,"https://d20zyr0oabjxc2.cloudfront.net/variants/media/raw_images/jessi8402/2024/09/20240901185850.955-IMG_7898-396x396c.jpeg?signature=D4F3A273B5C7089D4471F0E720A08CA1A76F4EF7DAE1EA9C85CA82514EE76381 2x, https://d20zyr0oabjxc2.cloudfront.net/variants/media/raw_images/jessi8402/2024/09/20240901185850.955-IMG_7898-198x198c.jpeg?signature=81C61F1D9DC353FF726E9FA93838F23441A0CDB21B66F43E254FE349A2C210D9 1x",/us/c/reptiles/lizards/crested-geckos/2544332,,"https://d20zyr0oabjxc2.cloudfront.net/variants/media/raw_images/jessi8402/2024/09/20240901185850.955-IMG_7898-396x396c.jpeg?signature=D4F3A273B5C7089D4471F0E720A08CA1A76F4EF7DAE1EA9C85CA82514EE76381 2x, https://d20zyr0oabjxc2.cloudfront.net/variants/media/raw_images/jessi8402/2024/09/20240901185850.955-IMG_7898-198x198c.jpeg?signature=81C61F1D9DC353FF726E9FA93838F23441A0CDB21B66F43E254FE349A2C210D9 1x",
53g dalmatian Crested Gecko,dalmatian,"https://d20zyr0oabjxc2.cloudfront.net/variants/media/raw_images/breezycovenut69/2024/10/20241005020851.629-IMG_8295-396x396c.jpeg?signature=378F5CE0224CA51C9699F08DBCD21F8516B9B29F8714C8DB812179F11F962397 2x, https://d20zyr0oabjxc2.cloudfront.net/variants/media/raw_images/breezycovenut69/2024/10/20241005020851.629-IMG_8295-198x198c.jpeg?signature=ACF3BA810DA813F272C7271EA7F7E8D6A6D65A852195172F2D361DE351B1E158 1x",/us/c/reptiles/lizards/crested-geckos/2526650,,"https://d20zyr0oabjxc2.cloudfront.net/variants/media/raw_images/breezycovenut69/2024/10/20241005020851.629-IMG_8295-396x396c.jpeg?signature=378F5CE0224CA51C9699F08DBCD21F8516B9B29F8714C8DB812179F11F962397 2x, https://d20zyr0oabjxc2.cloudfront.net/variants/media/raw_images/breezycovenut69/2024/10/20241005020851.629-IMG_8295-198x198c.jpeg?signature=ACF3BA810DA813F272C7271EA7F7E8D6A6D65A852195172F2D361DE351B1E158 1x",
61g Ink Spot Super dalmatian,dalmatian,"https://d20zyr0oabjxc2.cloudfront.net/variants/media/raw_images/breezycovenut69/2024/08/20240824215136.589-IMG_4371-396x396c.jpeg?signature=B3B721802358DDFE0A52941BDB79380B5F59534B4E6186C47BFB98F85BE5590F 2x, https://d20zyr0oabjxc2.cloudfront.net/variants/media/raw_images/breezycovenut69/2024/08/20240824215136.589-IMG_4371-198x198c.jpeg?signature=87EE256773C47106AA259A51934C5677336F908A5668617A602D8BCF02CFD058 1x",/us/c/reptiles/lizards/crested-geckos/2523270,,"https://d20zyr0oabjxc2.cloudfront.net/variants/media/raw_images/breezycovenut69/2024/08/20240824215136.589-IMG_4371-396x396c.jpeg?signature=B3B721802358DDFE0A52941BDB79380B5F59534B4E6186C47BFB98F85BE5590F 2x, https://d20zyr0oabjxc2.cloudfront.net/variants/media/raw_images/breezycovenut69/2024/08/20240824215136.589-IMG_4371-198x198c.jpeg?signature=87EE256773C47106AA259A51934C5677336F908A5668617A602D8BCF02CFD058 1x",
Yellow dalmatian With Lots Of Red Spots! Pores Visible,Yellow dalmatian Red,"https://d20zyr0oabjxc2.cloudfront.net/variants/media/raw_images/jessi8402/2024/11/20241103043606.832-IMG_8584-396x396c.jpeg?signature=5E84EE8E5ABC9E45CFA63AF3A19190D8D1B6766840F5D31EFD39443679F363AF 2x, https://d20zyr0oabjxc2.cloudfront.net/variants/media/raw_images/jessi8402/2024/11/20241103043606.832-IMG_8584-198x198c.jpeg?signature=52DF0E0058040E8C50E23AD8278AE6664521AD0AFEBA74EE62FAB518C057629F 1x",/us/c/reptiles/lizards/crested-geckos/2438445,,"https://d20zyr0oabjxc2.cloudfront.net/variants/media/raw_images/jessi8402/2024/11/20241103043606.832-IMG_8584-396x396c.jpeg?signature=5E84EE8E5ABC9E45CFA63AF3A19190D8D1B6766840F5D31EFD39443679F363AF 2x, https://d20zyr0oabjxc2.cloudfront.net/variants/media/raw_images/jessi8402/2024/11/20241103043606.832-IMG_8584-198x198c.jpeg?signature=52DF0E0058040E8C50E23AD8278AE6664521AD0AFEBA74EE62FAB518C057629F 1x",
43g dalmatian With Ink Spot,dalmatian,"https://d20zyr0oabjxc2.cloudfront.net/variants/media/raw_images/breezycovenut69/2024/08/20240816014327.198-IMG_3550-396x396c.jpeg?signature=32649D6A1406B75C11E04E037E67504606C1C1054B7CACB6D5568CBA38B77635 2x, https://d20zyr0oabjxc2.cloudfront.net/variants/media/raw_images/breezycovenut69/2024/08/20240816014327.198-IMG_3550-198x198c.jpeg?signature=60B79D169BF9C810A489CEF779CB7981366B5DF0A0DE8653B70800626166261B 1x",/us/c/reptiles/lizards/crested-geckos/2502608,,"https://d20zyr0oabjxc2.cloudfront.net/variants/media/raw_images/breezycovenut69/2024/08/20240816014327.198-IMG_3550-396x396c.jpeg?signature=32649D6A1406B75C11E04E037E67504606C1C1054B7CACB6D5568CBA38B77635 2x, https://d20zyr0oabjxc2.cloudfront.net/variants/media/raw_images/breezycovenut69/2024/08/20240816014327.198-IMG_3550-198x198c.jpeg?signature=60B79D169BF9C810A489CEF779CB7981366B5DF0A0DE8653B70800626166261B 1x",
Red dalmatian,Red dalmatian,"https://d20zyr0oabjxc2.cloudfront.net/variants/media/raw_images/rickysgeckos/2024/08/20240815150701.268-IMG_6818-396x396c.jpeg?signature=BA3928DF423F5F4B77D7FCC80B7C3541291A01C53992D6CC04F85AF3DD5AD890 2x, https://d20zyr0oabjxc2.cloudfront.net/variants/media/raw_images/rickysgeckos/2024/08/20240815150701.268-IMG_6818-198x198c.jpeg?signature=5ED1A27ED174D147BEA6D656A28A8E269E6DDE5EB804556FD6558B39FAA915F3 1x",/us/c/reptiles/lizards/crested-geckos/2501089,,"https://d20zyr0oabjxc2.cloudfront.net/variants/media/raw_images/rickysgeckos/2024/08/20240815150701.268-IMG_6818-396x396c.jpeg?signature=BA3928DF423F5F4B77D7FCC80B7C3541291A01C53992D6CC04F85AF3DD5AD890 2x, https://d20zyr0oabjxc2.cloudfront.net/variants/media/raw_images/rickysgeckos/2024/08/20240815150701.268-IMG_6818-198x198c.jpeg?signature=5ED1A27ED174D147BEA6D656A28A8E269E6DDE5EB804556FD6558B39FAA915F3 1x",
Yellow dalmatian,Yellow dalmatian,"https://d20zyr0oabjxc2.cloudfront.net/variants/media/raw_images/rickysgeckos/2024/08/20240815144654.229-IMG_6817-396x396c.jpeg?signature=94F2ED4CAACB4760EDED38D8555005AF6B148887F2DB03E3F163452CC614F0D9 2x, https://d20zyr0oabjxc2.cloudfront.net/variants/media/raw_images/rickysgeckos/2024/08/20240815144654.229-IMG_6817-198x198c.jpeg?signature=36601FFA62348AC7AE78E65F7C69EE0FFA1388FAD08C6AF563FF4DFE188B6007 1x",/us/c/reptiles/lizards/crested-geckos/2501047,,"https://d20zyr0oabjxc2.cloudfront.net/variants/media/raw_images/rickysgeckos/2024/08/20240815144654.229-IMG_6817-396x396c.jpeg?signature=94F2ED4CAACB4760EDED38D8555005AF6B148887F2DB03E3F163452CC614F0D9 2x, https://d20zyr0oabjxc2.cloudfront.net/variants/media/raw_images/rickysgeckos/2024/08/20240815144654.229-IMG_6817-198x198c.jpeg?signature=36601FFA62348AC7AE78E65F7C69EE0FFA1388FAD08C6AF563FF4DFE188B6007 1x",
dalmatian With Oil Spots Pores Visible,dalmatian,"https://d20zyr0oabjxc2.cloudfront.net/variants/media/raw_images/jessi8402/2024/11/20241103044801.551-IMG_8593-396x396c.jpeg?signature=CAF78B524967CFFACCC521EE330A83CE128EFAE5F3DA8C5724E18BA966AE1019 2x, https://d20zyr0oabjxc2.cloudfront.net/variants/media/raw_images/jessi8402/2024/11/20241103044801.551-IMG_8593-198x198c.jpeg?signature=C043B64ACAA182657429FB1B93A0E922C7AC6C581144EE3491A8B779D3BEBDBA 1x",/us/c/reptiles/lizards/crested-geckos/2088959,,"https://d20zyr0oabjxc2.cloudfront.net/variants/media/raw_images/jessi8402/2024/11/20241103044801.551-IMG_8593-396x396c.jpeg?signature=CAF78B524967CFFACCC521EE330A83CE128EFAE5F3DA8C5724E18BA966AE1019 2x, https://d20zyr0oabjxc2.cloudfront.net/variants/media/raw_images/jessi8402/2024/11/20241103044801.551-IMG_8593-198x198c.jpeg?signature=C043B64ACAA182657429FB1B93A0E922C7AC6C581144EE3491A8B779D3BEBDBA 1x",
Red dalmatian With White Port Holes - HJ2/12/24,Red dalmatian,"https://d20zyr0oabjxc2.cloudfront.net/variants/media/raw_images/velvetclawgeckos/2024/08/20240805210145.873-IMG_0988-396x396c.jpeg?signature=09853C8506C46E0AD3219EF029001275E3E79BDD039186F67A2DEF532AB0EEEA 2x, https://d20zyr0oabjxc2.cloudfront.net/variants/media/raw_images/velvetclawgeckos/2024/08/20240805210145.873-IMG_0988-198x198c.jpeg?signature=F02AB69401FC647F0D1FCC84EF5ED23AD7BEB633B9C7EE2E48748F10E956D8DE 1x",/us/c/reptiles/lizards/crested-geckos/2477289,,"https://d20zyr0oabjxc2.cloudfront.net/variants/media/raw_images/velvetclawgeckos/2024/08/20240805210145.873-IMG_0988-396x396c.jpeg?signature=09853C8506C46E0AD3219EF029001275E3E79BDD039186F67A2DEF532AB0EEEA 2x, https://d20zyr0oabjxc2.cloudfront.net/variants/media/raw_images/velvetclawgeckos/2024/08/20240805210145.873-IMG_0988-198x198c.jpeg?signature=F02AB69401FC647F0D1FCC84EF5ED23AD7BEB633B9C7EE2E48748F10E956D8DE 1x",
Yellow dalmatian,Yellow dalmatian,"https://d20zyr0oabjxc2.cloudfront.net/variants/media/raw_images/jessi8402/2024/08/20240827234134.792-IMG_7918-396x396c.jpeg?signature=18007EAC8E57F502F669B0B09C8F2AC72691FADEEF4EB1076DC03B011605C550 2x, https://d20zyr0oabjxc2.cloudfront.net/variants/media/raw_images/jessi8402/2024/08/20240827234134.792-IMG_7918-198x198c.jpeg?signature=71327941A336C04D3A1C194D129AB9B999E0805A7A3414B397C3D1D6ABF1ACA0 1x",/us/c/reptiles/lizards/crested-geckos/1414561,,"https://d20zyr0oabjxc2.cloudfront.net/variants/media/raw_images/jessi8402/2024/08/20240827234134.792-IMG_7918-396x396c.jpeg?signature=18007EAC8E57F502F669B0B09C8F2AC72691FADEEF4EB1076DC03B011605C550 2x, https://d20zyr0oabjxc2.cloudfront.net/variants/media/raw_images/jessi8402/2024/08/20240827234134.792-IMG_7918-198x198c.jpeg?signature=71327941A336C04D3A1C194D129AB9B999E0805A7A3414B397C3D1D6ABF1ACA0 1x",
Super dalmatian,dalmatian,"https://d20zyr0oabjxc2.cloudfront.net/variants/media/raw_images/aer2260/2024/08/20240804144510.391-DSC01578-396x396c.jpeg?signature=F63E5A27576747500CDEA30DCC3108BA8BB2A2386BF89103F6BCB35C0D713FC7 2x, https://d20zyr0oabjxc2.cloudfront.net/variants/media/raw_images/aer2260/2024/08/20240804144510.391-DSC01578-198x198c.jpeg?signature=5AA1A9E39282CA89BC83BF433F0B0B97956B5CFFEA05637D110F10D71AEE7D7C 1x",/us/c/reptiles/lizards/crested-geckos/2474606,,"https://d20zyr0oabjxc2.cloudfront.net/variants/media/raw_images/aer2260/2024/08/20240804144510.391-DSC01578-396x396c.jpeg?signature=F63E5A27576747500CDEA30DCC3108BA8BB2A2386BF89103F6BCB35C0D713FC7 2x, https://d20zyr0oabjxc2.cloudfront.net/variants/media/raw_images/aer2260/2024/08/20240804144510.391-DSC01578-198x198c.jpeg?signature=5AA1A9E39282CA89BC83BF433F0B0B97956B5CFFEA05637D110F10D71AEE7D7C 1x",
43g Ink Spot dalmatian,dalmatian,"https://d20zyr0oabjxc2.cloudfront.net/variants/media/raw_images/breezycovenut69/2024/06/20240609182133.182-IMG_7746-396x396c.jpeg?signature=448912AE410AFAD9E9C9A3277B37BB29107D49EC5BB1ABCE14D9B1BCFB8B662F 2x, https://d20zyr0oabjxc2.cloudfront.net/variants/media/raw_images/breezycovenut69/2024/06/20240609182133.182-IMG_7746-198x198c.jpeg?signature=583785AF714CAE75D0C44F4397DC49A7443502318CA343E633E07112E1D32DAF 1x",/us/c/reptiles/lizards/crested-geckos/2367974,,"https://d20zyr0oabjxc2.cloudfront.net/variants/media/raw_images/breezycovenut69/2024/06/20240609182133.182-IMG_7746-396x396c.jpeg?signature=448912AE410AFAD9E9C9A3277B37BB29107D49EC5BB1ABCE14D9B1BCFB8B662F 2x, https://d20zyr0oabjxc2.cloudfront.net/variants/media/raw_images/breezycovenut69/2024/06/20240609182133.182-IMG_7746-198x198c.jpeg?signature=583785AF714CAE75D0C44F4397DC49A7443502318CA343E633E07112E1D32DAF 1x",
17g Ink Spot dalmatian,dalmatian,"https://d20zyr0oabjxc2.cloudfront.net/variants/media/raw_images/breezycovenut69/2024/06/20240613052516.532-IMG_8261-396x396c.jpeg?signature=C587259C644DF128174F10473F6D68B86B216B441157235D4E9246DCDBB9D2DB 2x, https://d20zyr0oabjxc2.cloudfront.net/variants/media/raw_images/breezycovenut69/2024/06/20240613052516.532-IMG_8261-198x198c.jpeg?signature=9C10CFF4A6FD375236D1F9F9033B7E458A8EDDDCC839FB67F3730E87CB3DDDD6 1x",/us/c/reptiles/lizards/crested-geckos/2374822,,"https://d20zyr0oabjxc2.cloudfront.net/variants/media/raw_images/breezycovenut69/2024/06/20240613052516.532-IMG_8261-396x396c.jpeg?signature=C587259C644DF128174F10473F6D68B86B216B441157235D4E9246DCDBB9D2DB 2x, https://d20zyr0oabjxc2.cloudfront.net/variants/media/raw_images/breezycovenut69/2024/06/20240613052516.532-IMG_8261-198x198c.jpeg?signature=9C10CFF4A6FD375236D1F9F9033B7E458A8EDDDCC839FB67F3730E87CB3DDDD6 1x",
21g Ink Spot dalmatian,dalmatian,"https://d20zyr0oabjxc2.cloudfront.net/variants/media/raw_images/breezycovenut69/2024/06/20240610053337.238-IMG_7935-396x396c.jpeg?signature=F772214F2AE42294553FAC271C0EBF4AAA27A1C1B8F1E6DCFE1A546553C49FEA 2x, https://d20zyr0oabjxc2.cloudfront.net/variants/media/raw_images/breezycovenut69/2024/06/20240610053337.238-IMG_7935-198x198c.jpeg?signature=4CE0358616DA59F19E6E53159D1062DF646EEB1B39BC4B95F0E5407C9CFFA133 1x",/us/c/reptiles/lizards/crested-geckos/2368954,,"https://d20zyr0oabjxc2.cloudfront.net/variants/media/raw_images/breezycovenut69/2024/06/20240610053337.238-IMG_7935-396x396c.jpeg?signature=F772214F2AE42294553FAC271C0EBF4AAA27A1C1B8F1E6DCFE1A546553C49FEA 2x, https://d20zyr0oabjxc2.cloudfront.net/variants/media/raw_images/breezycovenut69/2024/06/20240610053337.238-IMG_7935-198x198c.jpeg?signature=4CE0358616DA59F19E6E53159D1062DF646EEB1B39BC4B95F0E5407C9CFFA133 1x",
Super dalmatian,dalmatian,"https://d20zyr0oabjxc2.cloudfront.net/variants/media/raw_images/ciara3b3/2024/07/20240728083017.881-IMG_0454-396x396c.jpeg?signature=91308FC92C17839C797A2F07FEC725126D7C31E30CF377C95FBC3489E8056585 2x, https://d20zyr0oabjxc2.cloudfront.net/variants/media/raw_images/ciara3b3/2024/07/20240728083017.881-IMG_0454-198x198c.jpeg?signature=4E6B0212BFC293E5835FC0FF6FFEAE31FAF9582086F8B666540B03C9B5C6ABBC 1x",/us/c/reptiles/lizards/crested-geckos/2458401,,"https://d20zyr0oabjxc2.cloudfront.net/variants/media/raw_images/ciara3b3/2024/07/20240728083017.881-IMG_0454-396x396c.jpeg?signature=91308FC92C17839C797A2F07FEC725126D7C31E30CF377C95FBC3489E8056585 2x, https://d20zyr0oabjxc2.cloudfront.net/variants/media/raw_images/ciara3b3/2024/07/20240728083017.881-IMG_0454-198x198c.jpeg?signature=4E6B0212BFC293E5835FC0FF6FFEAE31FAF9582086F8B666540B03C9B5C6ABBC 1x",
Buckskin dalmatian,dalmatian,"https://d20zyr0oabjxc2.cloudfront.net/variants/media/raw_images/reevesreptiles/2024/05/20240516232227.562-IMG_1807-396x396c.jpeg?signature=9377FD6945A3FB7023AEAB9BE2B88285889150A6BA3B79245D8EE0FDA2BFC750 2x, https://d20zyr0oabjxc2.cloudfront.net/variants/media/raw_images/reevesreptiles/2024/05/20240516232227.562-IMG_1807-198x198c.jpeg?signature=6B918CA9794BA2AA4070F74026AFCA7D9B1F7C8CA8C09F27C9C4071A45C56379 1x",/us/c/reptiles/lizards/crested-geckos/2329155,,"https://d20zyr0oabjxc2.cloudfront.net/variants/media/raw_images/reevesreptiles/2024/05/20240516232227.562-IMG_1807-396x396c.jpeg?signature=9377FD6945A3FB7023AEAB9BE2B88285889150A6BA3B79245D8EE0FDA2BFC750 2x, https://d20zyr0oabjxc2.cloudfront.net/variants/media/raw_images/reevesreptiles/2024/05/20240516232227.562-IMG_1807-198x198c.jpeg?signature=6B918CA9794BA2AA4070F74026AFCA7D9B1F7C8CA8C09F27C9C4071A45C56379 1x",
Buckskin dalmatian ,dalmatian,"https://d20zyr0oabjxc2.cloudfront.net/variants/media/raw_images/reevesreptiles/2024/05/20240516231644.758-IMG_1782-396x396c.jpeg?signature=E1CE5D13AA2A247D49B8DB1385DC4044FEBBA4A618FD2EF904EB0B351A606DE3 2x, https://d20zyr0oabjxc2.cloudfront.net/variants/media/raw_images/reevesreptiles/2024/05/20240516231644.758-IMG_1782-198x198c.jpeg?signature=51B667B71C24235C9DC50139830F71F54E8BE6D46BDE3E14E77B5363404BFF74 1x",/us/c/reptiles/lizards/crested-geckos/2329142,,"https://d20zyr0oabjxc2.cloudfront.net/variants/media/raw_images/reevesreptiles/2024/05/20240516231644.758-IMG_1782-396x396c.jpeg?signature=E1CE5D13AA2A247D49B8DB1385DC4044FEBBA4A618FD2EF904EB0B351A606DE3 2x, https://d20zyr0oabjxc2.cloudfront.net/variants/media/raw_images/reevesreptiles/2024/05/20240516231644.758-IMG_1782-198x198c.jpeg?signature=51B667B71C24235C9DC50139830F71F54E8BE6D46BDE3E14E77B5363404BFF74 1x",
Bucksin dalmatian NPV,dalmatian,"https://d20zyr0oabjxc2.cloudfront.net/variants/media/raw_images/reevesreptiles/2024/05/20240516231327.378-IMG_1775-396x396c.jpeg?signature=E39EB7DF21A55CA0F7D3392740D663DB4B828CD1177D7C99629A8244BD6CD991 2x, https://d20zyr0oabjxc2.cloudfront.net/variants/media/raw_images/reevesreptiles/2024/05/20240516231327.378-IMG_1775-198x198c.jpeg?signature=4F01C5FEA3415F00EF9A8E0EC05BBB475BE9328E7C9FCC903E95DEB5062DC88D 1x",/us/c/reptiles/lizards/crested-geckos/2329134,,"https://d20zyr0oabjxc2.cloudfront.net/variants/media/raw_images/reevesreptiles/2024/05/20240516231327.378-IMG_1775-396x396c.jpeg?signature=E39EB7DF21A55CA0F7D3392740D663DB4B828CD1177D7C99629A8244BD6CD991 2x, https://d20zyr0oabjxc2.cloudfront.net/variants/media/raw_images/reevesreptiles/2024/05/20240516231327.378-IMG_1775-198x198c.jpeg?signature=4F01C5FEA3415F00EF9A8E0EC05BBB475BE9328E7C9FCC903E95DEB5062DC88D 1x",
Yellow dalmatian Ink Spot,Yellow dalmatian,"https://d20zyr0oabjxc2.cloudfront.net/variants/media/raw_images/agocs-exotics/2023/12/20231229180337.700-IMG_0179-396x396c.jpeg?signature=D378C0CB5AB3F071AC30A710A4BAF0C990AE2BED221AF1B794FFC0CFD9EE240F 2x, https://d20zyr0oabjxc2.cloudfront.net/variants/media/raw_images/agocs-exotics/2023/12/20231229180337.700-IMG_0179-198x198c.jpeg?signature=0AE5A2C120EE3E40AAD12997B36EAB345C815021D5B37B6DB7363C84C630F06D 1x",/us/c/reptiles/lizards/crested-geckos/2083467,,"https://d20zyr0oabjxc2.cloudfront.net/variants/media/raw_images/agocs-exotics/2023/12/20231229180337.700-IMG_0179-396x396c.jpeg?signature=D378C0CB5AB3F071AC30A710A4BAF0C990AE2BED221AF1B794FFC0CFD9EE240F 2x, https://d20zyr0oabjxc2.cloudfront.net/variants/media/raw_images/agocs-exotics/2023/12/20231229180337.700-IMG_0179-198x198c.jpeg?signature=0AE5A2C120EE3E40AAD12997B36EAB345C815021D5B37B6DB7363C84C630F06D 1x",
Red Bi-Color dalmatian With Port Holes Crested Gecko,Red dalmatian,"https://d20zyr0oabjxc2.cloudfront.net/variants/media/raw_images/agocs-exotics/2023/09/20230924221147.110-IMG_7198-396x396c.jpeg?signature=ED2376F67B5AF180972F61273B346D06940C6ED636A6818C319453BB2A99B9AB 2x, https://d20zyr0oabjxc2.cloudfront.net/variants/media/raw_images/agocs-exotics/2023/09/20230924221147.110-IMG_7198-198x198c.jpeg?signature=9CB184E9D667EA2A3CCA0D0A1D2DD16C4E3B97AA360648C06AF2C4C9DC005ACE 1x",/us/c/reptiles/lizards/crested-geckos/1880952,,"https://d20zyr0oabjxc2.cloudfront.net/variants/media/raw_images/agocs-exotics/2023/09/20230924221147.110-IMG_7198-396x396c.jpeg?signature=ED2376F67B5AF180972F61273B346D06940C6ED636A6818C319453BB2A99B9AB 2x, https://d20zyr0oabjxc2.cloudfront.net/variants/media/raw_images/agocs-exotics/2023/09/20230924221147.110-IMG_7198-198x198c.jpeg?signature=9CB184E9D667EA2A3CCA0D0A1D2DD16C4E3B97AA360648C06AF2C4C9DC005ACE 1x",