Animal Name,labels,Image Link,Profile Link,,
Soft Scale Dark Empty Back pinstripe,Dark pinstripe,"https://d20zyr0oabjxc2.cloudfront.net/variants/media/raw_images/blue2021/2024/11/20241104185553.416-20241101_221219-396x396c.jpeg?signature=E90EC2D8546F93A6935388A562E8EB40698EB742901F15BA2E0E84A845D1297D 2x, https://d20zyr0oabjxc2.cloudfront.net/variants/media/raw_images/blue2021/2024/11/20241104185553.416-20241101_221219-198x198c.jpeg?signature=6CE56B277777B05B7C7BED84AB23A18AC64C8A099FD978E1BFC85D5AFE806763 1x",/us/c/reptiles/lizards/crested-geckos/2702167,,"https://d20zyr0oabjxc2.cloudfront.net/variants/media/raw_images/blue2021/2024/11/20241104185553.416-20241101_221219-396x396c.jpeg?signature=E90EC2D8546F93A6935388A562E8EB40698EB742901F15BA2E0E84A845D1297D 2x, https://d20zyr0oabjxc2.cloudfront.net/variants/media/raw_images/blue2021/2024/11/20241104185553.416-20241101_221219-198x198c.jpeg?signature=6CE56B277777B05B7C7BED84AB23A18AC64C8A099FD978E1BFC85D5AFE806763 1x"
Emptyback pinstripe,pinstripe,"https://d20zyr0oabjxc2.cloudfront.net/variants/media/raw_images/toptiergenetics/2024/10/20241014170457.216-IMG_7006-396x396c.jpeg?signature=0B389FC222DF60CA383D1414F74F068F9AEFC0816E1B42F7A90875259A0BEC85 2x, https://d20zyr0oabjxc2.cloudfront.net/variants/media/raw_images/toptiergenetics/2024/10/20241014170457.216-IMG_7006-198x198c.jpeg?signature=05018B05AF3F106051B1F441E03A23FD829D158E4A093C5E5625E2211660CDAF 1x",/us/c/reptiles/lizards/crested-geckos/2649103,,"https://d20zyr0oabjxc2.cloudfront.net/variants/media/raw_images/toptiergenetics/2024/10/20241014170457.216-IMG_7006-396x396c.jpeg?signature=0B389FC222DF60CA383D1414F74F068F9AEFC0816E1B42F7A90875259A0BEC85 2x, https://d20zyr0oabjxc2.cloudfront.net/variants/media/raw_images/toptiergenetics/2024/10/20241014170457.216-IMG_7006-198x198c.jpeg?signature=05018B05AF3F106051B1F441E03A23FD829D158E4A093C5E5625E2211660CDAF 1x"
Crowned Drippy Dorsal pinstripe,pinstripe,"https://d20zyr0oabjxc2.cloudfront.net/variants/media/raw_images/fringemorphs/2024/11/20241104162524.798-Heracles-396x396c.jpeg?signature=B31BD674D890225851A0DE34081EC3667DEE98957A85D74171A1E40BAE363DD2 2x, https://d20zyr0oabjxc2.cloudfront.net/variants/media/raw_images/fringemorphs/2024/11/20241104162524.798-Heracles-198x198c.jpeg?signature=240A80F9FC59FA2CC86C7C2DE802810152D4D5EC594D9598B721D2A936F2346E 1x",/us/c/reptiles/lizards/crested-geckos/2701814,,"https://d20zyr0oabjxc2.cloudfront.net/variants/media/raw_images/fringemorphs/2024/11/20241104162524.798-Heracles-396x396c.jpeg?signature=B31BD674D890225851A0DE34081EC3667DEE98957A85D74171A1E40BAE363DD2 2x, https://d20zyr0oabjxc2.cloudfront.net/variants/media/raw_images/fringemorphs/2024/11/20241104162524.798-Heracles-198x198c.jpeg?signature=240A80F9FC59FA2CC86C7C2DE802810152D4D5EC594D9598B721D2A936F2346E 1x"
Reverse pinstripe Yellow,pinstripe Yellow,"https://d20zyr0oabjxc2.cloudfront.net/variants/media/raw_images/mitch-a-tech/2023/06/20230619150018.169-IMG_2208-396x396c.jpeg?signature=3733DA7C565F6BAAD437028A548225D2F03F64207AC81D1A780AB18CEC939B08 2x, https://d20zyr0oabjxc2.cloudfront.net/variants/media/raw_images/mitch-a-tech/2023/06/20230619150018.169-IMG_2208-198x198c.jpeg?signature=1B716DCD0F3D463B6E6BBE24D6AC730532E614892FE149746EE0212E9707B720 1x",/us/c/reptiles/lizards/crested-geckos/1657685,,"https://d20zyr0oabjxc2.cloudfront.net/variants/media/raw_images/mitch-a-tech/2023/06/20230619150018.169-IMG_2208-396x396c.jpeg?signature=3733DA7C565F6BAAD437028A548225D2F03F64207AC81D1A780AB18CEC939B08 2x, https://d20zyr0oabjxc2.cloudfront.net/variants/media/raw_images/mitch-a-tech/2023/06/20230619150018.169-IMG_2208-198x198c.jpeg?signature=1B716DCD0F3D463B6E6BBE24D6AC730532E614892FE149746EE0212E9707B720 1x"
Danger X Bumblebee Tuna Yellow Reverse pinstripe,Yellow pinstripe,"https://d20zyr0oabjxc2.cloudfront.net/variants/media/raw_images/chase_lagrone/2024/03/20240308140709.408-20240307_104926-396x396c.jpeg?signature=C5DA6E1A85498874DE32D23C3EDDA7B7F92ECDBFCD186476F036D43F96CCF538 2x, https://d20zyr0oabjxc2.cloudfront.net/variants/media/raw_images/chase_lagrone/2024/03/20240308140709.408-20240307_104926-198x198c.jpeg?signature=998B63D7956678ABD36634A3EEB362BEB0E294F65E4F0619A7427E297D914073 1x",/us/c/reptiles/lizards/crested-geckos/1747336,,"https://d20zyr0oabjxc2.cloudfront.net/variants/media/raw_images/chase_lagrone/2024/03/20240308140709.408-20240307_104926-396x396c.jpeg?signature=C5DA6E1A85498874DE32D23C3EDDA7B7F92ECDBFCD186476F036D43F96CCF538 2x, https://d20zyr0oabjxc2.cloudfront.net/variants/media/raw_images/chase_lagrone/2024/03/20240308140709.408-20240307_104926-198x198c.jpeg?signature=998B63D7956678ABD36634A3EEB362BEB0E294F65E4F0619A7427E297D914073 1x"
Chevelle X Aurelia pinstripe,pinstripe,"https://d20zyr0oabjxc2.cloudfront.net/variants/media/raw_images/chase_lagrone/2024/03/20240315094110.867-20240308_132721-396x396c.jpeg?signature=77062F59EDF1A3FA3A6AFC4A44D48B7A5EA1E89C5B675451CC50552B3F9DD442 2x, https://d20zyr0oabjxc2.cloudfront.net/variants/media/raw_images/chase_lagrone/2024/03/20240315094110.867-20240308_132721-198x198c.jpeg?signature=123F7A1939876C1ABE100076C5C2C695F8CE637261CF0DCECABB4F6F6D1F79D3 1x",/us/c/reptiles/lizards/crested-geckos/2225856,,"https://d20zyr0oabjxc2.cloudfront.net/variants/media/raw_images/chase_lagrone/2024/03/20240315094110.867-20240308_132721-396x396c.jpeg?signature=77062F59EDF1A3FA3A6AFC4A44D48B7A5EA1E89C5B675451CC50552B3F9DD442 2x, https://d20zyr0oabjxc2.cloudfront.net/variants/media/raw_images/chase_lagrone/2024/03/20240315094110.867-20240308_132721-198x198c.jpeg?signature=123F7A1939876C1ABE100076C5C2C695F8CE637261CF0DCECABB4F6F6D1F79D3 1x"
Danger X Orange Chicken pinstripe,pinstripe,"https://d20zyr0oabjxc2.cloudfront.net/variants/media/raw_images/chase_lagrone/2024/03/20240315102807.586-20240308_171134-396x396c.jpeg?signature=BC90F63B1C8259E81B48FAE1EC51240B7E576B7E6E576CD55DECC5BEF8C4C5EA 2x, https://d20zyr0oabjxc2.cloudfront.net/variants/media/raw_images/chase_lagrone/2024/03/20240315102807.586-20240308_171134-198x198c.jpeg?signature=D96B394AA5D4D5D30F14C3E9672C34E528C900E1BD2077013991B8DF2F64B431 1x",/us/c/reptiles/lizards/crested-geckos/2225884,,"https://d20zyr0oabjxc2.cloudfront.net/variants/media/raw_images/chase_lagrone/2024/03/20240315102807.586-20240308_171134-396x396c.jpeg?signature=BC90F63B1C8259E81B48FAE1EC51240B7E576B7E6E576CD55DECC5BEF8C4C5EA 2x, https://d20zyr0oabjxc2.cloudfront.net/variants/media/raw_images/chase_lagrone/2024/03/20240315102807.586-20240308_171134-198x198c.jpeg?signature=D96B394AA5D4D5D30F14C3E9672C34E528C900E1BD2077013991B8DF2F64B431 1x"
Danger X Orange Chicken pinstripe,pinstripe,"https://d20zyr0oabjxc2.cloudfront.net/variants/media/raw_images/chase_lagrone/2024/03/20240315103206.103-20240308_170845-396x396c.jpeg?signature=331D72078127C66E2F249AD419FD6EBD46BA02BF0ED7DD2C737ED8EBF11E2300 2x, https://d20zyr0oabjxc2.cloudfront.net/variants/media/raw_images/chase_lagrone/2024/03/20240315103206.103-20240308_170845-198x198c.jpeg?signature=B65221F8565DAE69462D81B5342FA3C51D5AD9BF6335753D0670DFCD24AA819B 1x",/us/c/reptiles/lizards/crested-geckos/2225887,,"https://d20zyr0oabjxc2.cloudfront.net/variants/media/raw_images/chase_lagrone/2024/03/20240315103206.103-20240308_170845-396x396c.jpeg?signature=331D72078127C66E2F249AD419FD6EBD46BA02BF0ED7DD2C737ED8EBF11E2300 2x, https://d20zyr0oabjxc2.cloudfront.net/variants/media/raw_images/chase_lagrone/2024/03/20240315103206.103-20240308_170845-198x198c.jpeg?signature=B65221F8565DAE69462D81B5342FA3C51D5AD9BF6335753D0670DFCD24AA819B 1x"
Super Soft Scale Diet Emptyback Partial pinstripe,pinstripe,"https://d20zyr0oabjxc2.cloudfront.net/variants/media/raw_images/chasedspruiell/2024/05/20240511111716.169-DSC_0023-396x396c.jpeg?signature=7B55826C54408E0CE87BCA76C2B22B3143587805D42CBA455D02D71722B90DB3 2x, https://d20zyr0oabjxc2.cloudfront.net/variants/media/raw_images/chasedspruiell/2024/05/20240511111716.169-DSC_0023-198x198c.jpeg?signature=3B64D59B2D3750FC280CE15B5DB54F9BD0BC5C8B12789BFFDBBEBA9C2EC4AC4D 1x",/us/c/reptiles/lizards/crested-geckos/2320827,,"https://d20zyr0oabjxc2.cloudfront.net/variants/media/raw_images/chasedspruiell/2024/05/20240511111716.169-DSC_0023-396x396c.jpeg?signature=7B55826C54408E0CE87BCA76C2B22B3143587805D42CBA455D02D71722B90DB3 2x, https://d20zyr0oabjxc2.cloudfront.net/variants/media/raw_images/chasedspruiell/2024/05/20240511111716.169-DSC_0023-198x198c.jpeg?signature=3B64D59B2D3750FC280CE15B5DB54F9BD0BC5C8B12789BFFDBBEBA9C2EC4AC4D 1x"
Dark Patterned pinstripe,Dark pinstripe,"https://d20zyr0oabjxc2.cloudfront.net/variants/media/raw_images/rainydaygeckos/2024/11/20241104103934.333-1000024464-396x396c.jpeg?signature=581CB19C26AA45999B6A278C0198BC81C9971C9F7B2C25F2BFDDFA86632921E6 2x, https://d20zyr0oabjxc2.cloudfront.net/variants/media/raw_images/rainydaygeckos/2024/11/20241104103934.333-1000024464-198x198c.jpeg?signature=8581ED2405220A714A3D52BF5D6A4EAC20B50853A855E4D5029F98EA5BD0FC72 1x",/us/c/reptiles/lizards/crested-geckos/2701392,,"https://d20zyr0oabjxc2.cloudfront.net/variants/media/raw_images/rainydaygeckos/2024/11/20241104103934.333-1000024464-396x396c.jpeg?signature=581CB19C26AA45999B6A278C0198BC81C9971C9F7B2C25F2BFDDFA86632921E6 2x, https://d20zyr0oabjxc2.cloudfront.net/variants/media/raw_images/rainydaygeckos/2024/11/20241104103934.333-1000024464-198x198c.jpeg?signature=8581ED2405220A714A3D52BF5D6A4EAC20B50853A855E4D5029F98EA5BD0FC72 1x"
EMPTY BACK Partial pinstripe,pinstripe,"https://d20zyr0oabjxc2.cloudfront.net/variants/media/raw_images/rainydaygeckos/2024/08/20240805084201.200-1000020751-396x396c.jpeg?signature=631060A95FA22D1356E6601B1CC4FF7D0B00B5BC077EDFFC794C8D24FF935020 2x, https://d20zyr0oabjxc2.cloudfront.net/variants/media/raw_images/rainydaygeckos/2024/08/20240805084201.200-1000020751-198x198c.jpeg?signature=BA4E31BA2BA4856803B58B7CC2684ED1CBD371494E7BC1D75FE1036700316D74 1x",/us/c/reptiles/lizards/crested-geckos/2333654,,"https://d20zyr0oabjxc2.cloudfront.net/variants/media/raw_images/rainydaygeckos/2024/08/20240805084201.200-1000020751-396x396c.jpeg?signature=631060A95FA22D1356E6601B1CC4FF7D0B00B5BC077EDFFC794C8D24FF935020 2x, https://d20zyr0oabjxc2.cloudfront.net/variants/media/raw_images/rainydaygeckos/2024/08/20240805084201.200-1000020751-198x198c.jpeg?signature=BA4E31BA2BA4856803B58B7CC2684ED1CBD371494E7BC1D75FE1036700316D74 1x"
Axanthic pinstripe,pinstripe,"https://d20zyr0oabjxc2.cloudfront.net/variants/media/raw_images/thegeckoking_inc/2024/11/20241104040526.566-IMG_0357-396x396c.jpeg?signature=852066797ADADD7C2527826B7CFFEFEFBBFE2C84416EAB4543FA6C69B0345F67 2x, https://d20zyr0oabjxc2.cloudfront.net/variants/media/raw_images/thegeckoking_inc/2024/11/20241104040526.566-IMG_0357-198x198c.jpeg?signature=78985092CC5BF5F8B04CEC35CDB06A7F9F58207EE0E7C6E39CEDD92C8C58CB24 1x",/us/c/reptiles/lizards/crested-geckos/2701086,,"https://d20zyr0oabjxc2.cloudfront.net/variants/media/raw_images/thegeckoking_inc/2024/11/20241104040526.566-IMG_0357-396x396c.jpeg?signature=852066797ADADD7C2527826B7CFFEFEFBBFE2C84416EAB4543FA6C69B0345F67 2x, https://d20zyr0oabjxc2.cloudfront.net/variants/media/raw_images/thegeckoking_inc/2024/11/20241104040526.566-IMG_0357-198x198c.jpeg?signature=78985092CC5BF5F8B04CEC35CDB06A7F9F58207EE0E7C6E39CEDD92C8C58CB24 1x"
DARK Axanthic Empty Back pinstripe,DARK pinstripe,"https://d20zyr0oabjxc2.cloudfront.net/variants/media/raw_images/thegeckoking_inc/2024/11/20241104040057.861-IMG_0333-396x396c.jpeg?signature=1DF4966A8CAB12BA3203199C6389897082EE1FC0D4D3140E17708995950D4963 2x, https://d20zyr0oabjxc2.cloudfront.net/variants/media/raw_images/thegeckoking_inc/2024/11/20241104040057.861-IMG_0333-198x198c.jpeg?signature=37A3EFF747D40C4BBD210257E1E90BA44804433919554C7DE14449E0AA69FBE5 1x",/us/c/reptiles/lizards/crested-geckos/2701078,,"https://d20zyr0oabjxc2.cloudfront.net/variants/media/raw_images/thegeckoking_inc/2024/11/20241104040057.861-IMG_0333-396x396c.jpeg?signature=1DF4966A8CAB12BA3203199C6389897082EE1FC0D4D3140E17708995950D4963 2x, https://d20zyr0oabjxc2.cloudfront.net/variants/media/raw_images/thegeckoking_inc/2024/11/20241104040057.861-IMG_0333-198x198c.jpeg?signature=37A3EFF747D40C4BBD210257E1E90BA44804433919554C7DE14449E0AA69FBE5 1x"
Super Soft Scale Diet Emptyback Partial pinstripe,pinstripe,"https://d20zyr0oabjxc2.cloudfront.net/variants/media/raw_images/chasedspruiell/2024/05/20240511111716.169-DSC_0023-396x396c.jpeg?signature=7B55826C54408E0CE87BCA76C2B22B3143587805D42CBA455D02D71722B90DB3 2x, https://d20zyr0oabjxc2.cloudfront.net/variants/media/raw_images/chasedspruiell/2024/05/20240511111716.169-DSC_0023-198x198c.jpeg?signature=3B64D59B2D3750FC280CE15B5DB54F9BD0BC5C8B12789BFFDBBEBA9C2EC4AC4D 1x",/us/c/reptiles/lizards/crested-geckos/2320827,,"https://d20zyr0oabjxc2.cloudfront.net/variants/media/raw_images/chasedspruiell/2024/05/20240511111716.169-DSC_0023-396x396c.jpeg?signature=7B55826C54408E0CE87BCA76C2B22B3143587805D42CBA455D02D71722B90DB3 2x, https://d20zyr0oabjxc2.cloudfront.net/variants/media/raw_images/chasedspruiell/2024/05/20240511111716.169-DSC_0023-198x198c.jpeg?signature=3B64D59B2D3750FC280CE15B5DB54F9BD0BC5C8B12789BFFDBBEBA9C2EC4AC4D 1x"
Dark Patterned pinstripe,Dark pinstripe,"https://d20zyr0oabjxc2.cloudfront.net/variants/media/raw_images/rainydaygeckos/2024/11/20241104103934.333-1000024464-396x396c.jpeg?signature=581CB19C26AA45999B6A278C0198BC81C9971C9F7B2C25F2BFDDFA86632921E6 2x, https://d20zyr0oabjxc2.cloudfront.net/variants/media/raw_images/rainydaygeckos/2024/11/20241104103934.333-1000024464-198x198c.jpeg?signature=8581ED2405220A714A3D52BF5D6A4EAC20B50853A855E4D5029F98EA5BD0FC72 1x",/us/c/reptiles/lizards/crested-geckos/2701392,,"https://d20zyr0oabjxc2.cloudfront.net/variants/media/raw_images/rainydaygeckos/2024/11/20241104103934.333-1000024464-396x396c.jpeg?signature=581CB19C26AA45999B6A278C0198BC81C9971C9F7B2C25F2BFDDFA86632921E6 2x, https://d20zyr0oabjxc2.cloudfront.net/variants/media/raw_images/rainydaygeckos/2024/11/20241104103934.333-1000024464-198x198c.jpeg?signature=8581ED2405220A714A3D52BF5D6A4EAC20B50853A855E4D5029F98EA5BD0FC72 1x"
EMPTY BACK Partial pinstripe,pinstripe,"https://d20zyr0oabjxc2.cloudfront.net/variants/media/raw_images/rainydaygeckos/2024/08/20240805084201.200-1000020751-396x396c.jpeg?signature=631060A95FA22D1356E6601B1CC4FF7D0B00B5BC077EDFFC794C8D24FF935020 2x, https://d20zyr0oabjxc2.cloudfront.net/variants/media/raw_images/rainydaygeckos/2024/08/20240805084201.200-1000020751-198x198c.jpeg?signature=BA4E31BA2BA4856803B58B7CC2684ED1CBD371494E7BC1D75FE1036700316D74 1x",/us/c/reptiles/lizards/crested-geckos/2333654,,"https://d20zyr0oabjxc2.cloudfront.net/variants/media/raw_images/rainydaygeckos/2024/08/20240805084201.200-1000020751-396x396c.jpeg?signature=631060A95FA22D1356E6601B1CC4FF7D0B00B5BC077EDFFC794C8D24FF935020 2x, https://d20zyr0oabjxc2.cloudfront.net/variants/media/raw_images/rainydaygeckos/2024/08/20240805084201.200-1000020751-198x198c.jpeg?signature=BA4E31BA2BA4856803B58B7CC2684ED1CBD371494E7BC1D75FE1036700316D74 1x"
Axanthic pinstripe,pinstripe,"https://d20zyr0oabjxc2.cloudfront.net/variants/media/raw_images/thegeckoking_inc/2024/11/20241104040526.566-IMG_0357-396x396c.jpeg?signature=852066797ADADD7C2527826B7CFFEFEFBBFE2C84416EAB4543FA6C69B0345F67 2x, https://d20zyr0oabjxc2.cloudfront.net/variants/media/raw_images/thegeckoking_inc/2024/11/20241104040526.566-IMG_0357-198x198c.jpeg?signature=78985092CC5BF5F8B04CEC35CDB06A7F9F58207EE0E7C6E39CEDD92C8C58CB24 1x",/us/c/reptiles/lizards/crested-geckos/2701086,,"https://d20zyr0oabjxc2.cloudfront.net/variants/media/raw_images/thegeckoking_inc/2024/11/20241104040526.566-IMG_0357-396x396c.jpeg?signature=852066797ADADD7C2527826B7CFFEFEFBBFE2C84416EAB4543FA6C69B0345F67 2x, https://d20zyr0oabjxc2.cloudfront.net/variants/media/raw_images/thegeckoking_inc/2024/11/20241104040526.566-IMG_0357-198x198c.jpeg?signature=78985092CC5BF5F8B04CEC35CDB06A7F9F58207EE0E7C6E39CEDD92C8C58CB24 1x"
DARK Axanthic Empty Back pinstripe,DARK pinstripe,"https://d20zyr0oabjxc2.cloudfront.net/variants/media/raw_images/thegeckoking_inc/2024/11/20241104040057.861-IMG_0333-396x396c.jpeg?signature=1DF4966A8CAB12BA3203199C6389897082EE1FC0D4D3140E17708995950D4963 2x, https://d20zyr0oabjxc2.cloudfront.net/variants/media/raw_images/thegeckoking_inc/2024/11/20241104040057.861-IMG_0333-198x198c.jpeg?signature=37A3EFF747D40C4BBD210257E1E90BA44804433919554C7DE14449E0AA69FBE5 1x",/us/c/reptiles/lizards/crested-geckos/2701078,,"https://d20zyr0oabjxc2.cloudfront.net/variants/media/raw_images/thegeckoking_inc/2024/11/20241104040057.861-IMG_0333-396x396c.jpeg?signature=1DF4966A8CAB12BA3203199C6389897082EE1FC0D4D3140E17708995950D4963 2x, https://d20zyr0oabjxc2.cloudfront.net/variants/media/raw_images/thegeckoking_inc/2024/11/20241104040057.861-IMG_0333-198x198c.jpeg?signature=37A3EFF747D40C4BBD210257E1E90BA44804433919554C7DE14449E0AA69FBE5 1x"
Red Drippy pinstripe,Red pinstripe,"https://d20zyr0oabjxc2.cloudfront.net/variants/media/raw_images/goldenlinecresties/2024/09/20240917031429.221-IMG_4274-396x396c.jpeg?signature=DA0D7470AE1631D8BFB583B398042DB82A2BFD0BB29650DAA382596A209F7EF7 2x, https://d20zyr0oabjxc2.cloudfront.net/variants/media/raw_images/goldenlinecresties/2024/09/20240917031429.221-IMG_4274-198x198c.jpeg?signature=27DAF08F73116BAABB6F840CD62A15E4A58BBA13F1168F0F020B8F4D71EB9A51 1x",/us/c/reptiles/lizards/crested-geckos/2584955,,"https://d20zyr0oabjxc2.cloudfront.net/variants/media/raw_images/goldenlinecresties/2024/09/20240917031429.221-IMG_4274-396x396c.jpeg?signature=DA0D7470AE1631D8BFB583B398042DB82A2BFD0BB29650DAA382596A209F7EF7 2x, https://d20zyr0oabjxc2.cloudfront.net/variants/media/raw_images/goldenlinecresties/2024/09/20240917031429.221-IMG_4274-198x198c.jpeg?signature=27DAF08F73116BAABB6F840CD62A15E4A58BBA13F1168F0F020B8F4D71EB9A51 1x"
Dark Base pinstripe,Dark pinstripe,"https://d20zyr0oabjxc2.cloudfront.net/variants/media/raw_images/goldenlinecresties/2024/09/20240917031115.791-IMG_4269-396x396c.jpeg?signature=B3F1732564A45CBA7C3A3FD5B1C8CA0D80F075326AC1D3F2D528946222FA17F5 2x, https://d20zyr0oabjxc2.cloudfront.net/variants/media/raw_images/goldenlinecresties/2024/09/20240917031115.791-IMG_4269-198x198c.jpeg?signature=B14EAC74DA2868614C52EDB374FBE5D5FF21FBD920389DEB38F74C49A732A3CA 1x",/us/c/reptiles/lizards/crested-geckos/2584948,,"https://d20zyr0oabjxc2.cloudfront.net/variants/media/raw_images/goldenlinecresties/2024/09/20240917031115.791-IMG_4269-396x396c.jpeg?signature=B3F1732564A45CBA7C3A3FD5B1C8CA0D80F075326AC1D3F2D528946222FA17F5 2x, https://d20zyr0oabjxc2.cloudfront.net/variants/media/raw_images/goldenlinecresties/2024/09/20240917031115.791-IMG_4269-198x198c.jpeg?signature=B14EAC74DA2868614C52EDB374FBE5D5FF21FBD920389DEB38F74C49A732A3CA 1x"
Dark Base pinstripe White Wall,Dark pinstripe,"https://d20zyr0oabjxc2.cloudfront.net/variants/media/raw_images/goldenlinecresties/2024/09/20240917030844.731-IMG_4267-396x396c.jpeg?signature=B6AC98A5080CABB900EA21E3DFA4B8F5FCB471D028A79808F8FE681513272971 2x, https://d20zyr0oabjxc2.cloudfront.net/variants/media/raw_images/goldenlinecresties/2024/09/20240917030844.731-IMG_4267-198x198c.jpeg?signature=C594F326ED72E0421A63813C83FD74EB91CC742853463FFE2D0701407806AA98 1x",/us/c/reptiles/lizards/crested-geckos/2584941,,"https://d20zyr0oabjxc2.cloudfront.net/variants/media/raw_images/goldenlinecresties/2024/09/20240917030844.731-IMG_4267-396x396c.jpeg?signature=B6AC98A5080CABB900EA21E3DFA4B8F5FCB471D028A79808F8FE681513272971 2x, https://d20zyr0oabjxc2.cloudfront.net/variants/media/raw_images/goldenlinecresties/2024/09/20240917030844.731-IMG_4267-198x198c.jpeg?signature=C594F326ED72E0421A63813C83FD74EB91CC742853463FFE2D0701407806AA98 1x"
pinstripek/red Base Quadstripe,pinstripek/red,"https://d20zyr0oabjxc2.cloudfront.net/variants/media/raw_images/goldenlinecresties/2024/09/20240917030148.841-IMG_4263-396x396c.jpeg?signature=E9914447E7F485E8B24DA84B954E016CF29B840B6DDCEAE57768EB9C7DB64E3D 2x, https://d20zyr0oabjxc2.cloudfront.net/variants/media/raw_images/goldenlinecresties/2024/09/20240917030148.841-IMG_4263-198x198c.jpeg?signature=668CF4C4E50AE540F660E0F818D7FF1DE9CAC80D928069ABAD30135BC5697032 1x",/us/c/reptiles/lizards/crested-geckos/2584924,,"https://d20zyr0oabjxc2.cloudfront.net/variants/media/raw_images/goldenlinecresties/2024/09/20240917030148.841-IMG_4263-396x396c.jpeg?signature=E9914447E7F485E8B24DA84B954E016CF29B840B6DDCEAE57768EB9C7DB64E3D 2x, https://d20zyr0oabjxc2.cloudfront.net/variants/media/raw_images/goldenlinecresties/2024/09/20240917030148.841-IMG_4263-198x198c.jpeg?signature=668CF4C4E50AE540F660E0F818D7FF1DE9CAC80D928069ABAD30135BC5697032 1x"
Lavender Partial pinstripe,pinstripe,"https://d20zyr0oabjxc2.cloudfront.net/variants/media/raw_images/goldenlinecresties/2024/09/20240917024906.963-IMG_4247-396x396c.jpeg?signature=FB154FA9541D16B392CEF361258066CEE5D06C3E97F9EE10D79F7EF97DB83360 2x, https://d20zyr0oabjxc2.cloudfront.net/variants/media/raw_images/goldenlinecresties/2024/09/20240917024906.963-IMG_4247-198x198c.jpeg?signature=08D03B81E57E3A62CA011F3ACF3B12674E0A9B91E6A77064C283B819D538CA25 1x",/us/c/reptiles/lizards/crested-geckos/2584900,,"https://d20zyr0oabjxc2.cloudfront.net/variants/media/raw_images/goldenlinecresties/2024/09/20240917024906.963-IMG_4247-396x396c.jpeg?signature=FB154FA9541D16B392CEF361258066CEE5D06C3E97F9EE10D79F7EF97DB83360 2x, https://d20zyr0oabjxc2.cloudfront.net/variants/media/raw_images/goldenlinecresties/2024/09/20240917024906.963-IMG_4247-198x198c.jpeg?signature=08D03B81E57E3A62CA011F3ACF3B12674E0A9B91E6A77064C283B819D538CA25 1x"
Red pinstripe,Red pinstripe,"https://d20zyr0oabjxc2.cloudfront.net/variants/media/raw_images/potatodragons/2024/10/20241011000830.294-IMG_2820-396x396c.jpeg?signature=FFA6CEAACC17ADCCC231CB338B4AC397FE179A54D62EECF1CB489E9E73D673E9 2x, https://d20zyr0oabjxc2.cloudfront.net/variants/media/raw_images/potatodragons/2024/10/20241011000830.294-IMG_2820-198x198c.jpeg?signature=168C8532C9818670585882ABC3FB54EDC09C542816C9BCE50EA4D9658B03ACEF 1x",/us/c/reptiles/lizards/crested-geckos/2642480,,"https://d20zyr0oabjxc2.cloudfront.net/variants/media/raw_images/potatodragons/2024/10/20241011000830.294-IMG_2820-396x396c.jpeg?signature=FFA6CEAACC17ADCCC231CB338B4AC397FE179A54D62EECF1CB489E9E73D673E9 2x, https://d20zyr0oabjxc2.cloudfront.net/variants/media/raw_images/potatodragons/2024/10/20241011000830.294-IMG_2820-198x198c.jpeg?signature=168C8532C9818670585882ABC3FB54EDC09C542816C9BCE50EA4D9658B03ACEF 1x"
Partial pinstripe Pos Het Emptyback 2023,pinstripe,"https://d20zyr0oabjxc2.cloudfront.net/variants/media/raw_images/jayceep/2024/01/20240120234803.285-IMG_4342-396x396c.jpeg?signature=5E029A5059EC413A64E31FD1B1662244F571AAA1013759426841395EDAA96A22 2x, https://d20zyr0oabjxc2.cloudfront.net/variants/media/raw_images/jayceep/2024/01/20240120234803.285-IMG_4342-198x198c.jpeg?signature=609B53602B83D4F3213B92511CB48D197C2BE5A0E1AB6C3E063776CFB0127C54 1x",/us/c/reptiles/lizards/crested-geckos/2122654,,"https://d20zyr0oabjxc2.cloudfront.net/variants/media/raw_images/jayceep/2024/01/20240120234803.285-IMG_4342-396x396c.jpeg?signature=5E029A5059EC413A64E31FD1B1662244F571AAA1013759426841395EDAA96A22 2x, https://d20zyr0oabjxc2.cloudfront.net/variants/media/raw_images/jayceep/2024/01/20240120234803.285-IMG_4342-198x198c.jpeg?signature=609B53602B83D4F3213B92511CB48D197C2BE5A0E1AB6C3E063776CFB0127C54 1x"
Dark pinstripe,Dark pinstripe,"https://d20zyr0oabjxc2.cloudfront.net/variants/media/raw_images/potatodragons/2024/10/20241010235330.218-IMG_2790-396x396c.jpeg?signature=72CF3811ABE60990D3263FC1065D06F2FAC1FB46345FDDC8B3BE6813C979724E 2x, https://d20zyr0oabjxc2.cloudfront.net/variants/media/raw_images/potatodragons/2024/10/20241010235330.218-IMG_2790-198x198c.jpeg?signature=D3BEFBD7C3E4B37E5C146718C381B1681C55AE1D6413C7E4690100A16157BFF4 1x",/us/c/reptiles/lizards/crested-geckos/2642439,,"https://d20zyr0oabjxc2.cloudfront.net/variants/media/raw_images/potatodragons/2024/10/20241010235330.218-IMG_2790-396x396c.jpeg?signature=72CF3811ABE60990D3263FC1065D06F2FAC1FB46345FDDC8B3BE6813C979724E 2x, https://d20zyr0oabjxc2.cloudfront.net/variants/media/raw_images/potatodragons/2024/10/20241010235330.218-IMG_2790-198x198c.jpeg?signature=D3BEFBD7C3E4B37E5C146718C381B1681C55AE1D6413C7E4690100A16157BFF4 1x"
pinstripe Pos Het Emptyback 2023,pinstripe,"https://d20zyr0oabjxc2.cloudfront.net/variants/media/raw_images/jayceep/2024/01/20240120233435.770-IMG_4341-396x396c.jpeg?signature=6C849CC50177C028CD721D9945A51AC65DF1C98BA3A15DAC7F4426B42DADEEDF 2x, https://d20zyr0oabjxc2.cloudfront.net/variants/media/raw_images/jayceep/2024/01/20240120233435.770-IMG_4341-198x198c.jpeg?signature=AC70279778BD5B2CBA22C064AFA6A2456ACFAC4895561B980AE316B3478397CD 1x",/us/c/reptiles/lizards/crested-geckos/2122636,,"https://d20zyr0oabjxc2.cloudfront.net/variants/media/raw_images/jayceep/2024/01/20240120233435.770-IMG_4341-396x396c.jpeg?signature=6C849CC50177C028CD721D9945A51AC65DF1C98BA3A15DAC7F4426B42DADEEDF 2x, https://d20zyr0oabjxc2.cloudfront.net/variants/media/raw_images/jayceep/2024/01/20240120233435.770-IMG_4341-198x198c.jpeg?signature=AC70279778BD5B2CBA22C064AFA6A2456ACFAC4895561B980AE316B3478397CD 1x"
Bold pinstripe Male,pinstripe,"https://d20zyr0oabjxc2.cloudfront.net/variants/media/raw_images/camalaniz/2024/06/20240621003644.140-img_7725-396x396c.jpeg?signature=45C792FBF479931220B0859FDF66AC589CE292EB03B85FED882456D7C71C9B12 2x, https://d20zyr0oabjxc2.cloudfront.net/variants/media/raw_images/camalaniz/2024/06/20240621003644.140-img_7725-198x198c.jpeg?signature=C60B07D7C4132D10C63A167758AF3B2845AA137242DE8F9FA8E78EB69B441142 1x",/us/c/reptiles/lizards/crested-geckos/2388864,,"https://d20zyr0oabjxc2.cloudfront.net/variants/media/raw_images/camalaniz/2024/06/20240621003644.140-img_7725-396x396c.jpeg?signature=45C792FBF479931220B0859FDF66AC589CE292EB03B85FED882456D7C71C9B12 2x, https://d20zyr0oabjxc2.cloudfront.net/variants/media/raw_images/camalaniz/2024/06/20240621003644.140-img_7725-198x198c.jpeg?signature=C60B07D7C4132D10C63A167758AF3B2845AA137242DE8F9FA8E78EB69B441142 1x"
Partial pinstripe 2023,pinstripe,"https://d20zyr0oabjxc2.cloudfront.net/variants/media/raw_images/jayceep/2024/01/20240120231047.59-IMG_4339-396x396c.jpeg?signature=6FE03C5374A692460DC137AC3E2063E66C35260E5A4CF1870853C2ED1976EF04 2x, https://d20zyr0oabjxc2.cloudfront.net/variants/media/raw_images/jayceep/2024/01/20240120231047.59-IMG_4339-198x198c.jpeg?signature=49BD2F92FFBDF5FEDAAE114CB411A14E04D0E6E122C3D40FEBA5DCAFE98BCB6B 1x",/us/c/reptiles/lizards/crested-geckos/2122582,,"https://d20zyr0oabjxc2.cloudfront.net/variants/media/raw_images/jayceep/2024/01/20240120231047.59-IMG_4339-396x396c.jpeg?signature=6FE03C5374A692460DC137AC3E2063E66C35260E5A4CF1870853C2ED1976EF04 2x, https://d20zyr0oabjxc2.cloudfront.net/variants/media/raw_images/jayceep/2024/01/20240120231047.59-IMG_4339-198x198c.jpeg?signature=49BD2F92FFBDF5FEDAAE114CB411A14E04D0E6E122C3D40FEBA5DCAFE98BCB6B 1x"
Pos Lavender pinstripe,pinstripe,"https://d20zyr0oabjxc2.cloudfront.net/variants/media/raw_images/potatodragons/2024/10/20241010231517.124-IMG_2748-396x396c.jpeg?signature=A15AF0783C727212FFA8C1943896BC7CAF0C1EA4CABF6711620EC3AB4E9F4007 2x, https://d20zyr0oabjxc2.cloudfront.net/variants/media/raw_images/potatodragons/2024/10/20241010231517.124-IMG_2748-198x198c.jpeg?signature=B68A0B84DED93D2A934E30D4893DE1EA5A8303E4AC9258879B14996FC3F982A2 1x",/us/c/reptiles/lizards/crested-geckos/2642353,,"https://d20zyr0oabjxc2.cloudfront.net/variants/media/raw_images/potatodragons/2024/10/20241010231517.124-IMG_2748-396x396c.jpeg?signature=A15AF0783C727212FFA8C1943896BC7CAF0C1EA4CABF6711620EC3AB4E9F4007 2x, https://d20zyr0oabjxc2.cloudfront.net/variants/media/raw_images/potatodragons/2024/10/20241010231517.124-IMG_2748-198x198c.jpeg?signature=B68A0B84DED93D2A934E30D4893DE1EA5A8303E4AC9258879B14996FC3F982A2 1x"
Vibrant Red pinstripe,Red pinstripe,"https://d20zyr0oabjxc2.cloudfront.net/variants/media/raw_images/potatodragons/2024/10/20241010222909.578-IMG_2729-396x396c.jpeg?signature=8C3339E3436CF28B957C665B554A96828D210A7A0AF3C55036833D6D6C6CA0B6 2x, https://d20zyr0oabjxc2.cloudfront.net/variants/media/raw_images/potatodragons/2024/10/20241010222909.578-IMG_2729-198x198c.jpeg?signature=41CAB3D33414C6DEC4B24EE4BE16518A9842C418C73F885C7D770B1AA4C77F00 1x",/us/c/reptiles/lizards/crested-geckos/2642254,,"https://d20zyr0oabjxc2.cloudfront.net/variants/media/raw_images/potatodragons/2024/10/20241010222909.578-IMG_2729-396x396c.jpeg?signature=8C3339E3436CF28B957C665B554A96828D210A7A0AF3C55036833D6D6C6CA0B6 2x, https://d20zyr0oabjxc2.cloudfront.net/variants/media/raw_images/potatodragons/2024/10/20241010222909.578-IMG_2729-198x198c.jpeg?signature=41CAB3D33414C6DEC4B24EE4BE16518A9842C418C73F885C7D770B1AA4C77F00 1x"
Male pinstripe Crested Gecko Cr-1270,pinstripe,"https://d20zyr0oabjxc2.cloudfront.net/variants/media/raw_images/pangeareptile/2023/11/20231127213755.978-CR-1270leftupdate-396x396c.jpeg?signature=F200C3ADED6E26FCFD1CBD987C0DBF8AC6BB96593590469F6475D270567A6324 2x, https://d20zyr0oabjxc2.cloudfront.net/variants/media/raw_images/pangeareptile/2023/11/20231127213755.978-CR-1270leftupdate-198x198c.jpeg?signature=3A50CB072A920A362C2AF0B69133A8BEE984E866F321848C82D34F8952E89638 1x",/us/c/reptiles/lizards/crested-geckos/2035292,,"https://d20zyr0oabjxc2.cloudfront.net/variants/media/raw_images/pangeareptile/2023/11/20231127213755.978-CR-1270leftupdate-396x396c.jpeg?signature=F200C3ADED6E26FCFD1CBD987C0DBF8AC6BB96593590469F6475D270567A6324 2x, https://d20zyr0oabjxc2.cloudfront.net/variants/media/raw_images/pangeareptile/2023/11/20231127213755.978-CR-1270leftupdate-198x198c.jpeg?signature=3A50CB072A920A362C2AF0B69133A8BEE984E866F321848C82D34F8952E89638 1x"
Yellow pinstripe,Yellow pinstripe,"https://d20zyr0oabjxc2.cloudfront.net/variants/media/raw_images/potatodragons/2024/10/20241010215302.410-IMG_2690-396x396c.jpeg?signature=92C6CE6F5A765C7009DFF1DFBA9C61AE7FCA50DBC4A05FE49BA009A8F3AA2EC5 2x, https://d20zyr0oabjxc2.cloudfront.net/variants/media/raw_images/potatodragons/2024/10/20241010215302.410-IMG_2690-198x198c.jpeg?signature=7C490E20FE883E7DB153F757C8B3F57639DE16CBD3DA68B400F9A7FBB380800E 1x",/us/c/reptiles/lizards/crested-geckos/2642161,,"https://d20zyr0oabjxc2.cloudfront.net/variants/media/raw_images/potatodragons/2024/10/20241010215302.410-IMG_2690-396x396c.jpeg?signature=92C6CE6F5A765C7009DFF1DFBA9C61AE7FCA50DBC4A05FE49BA009A8F3AA2EC5 2x, https://d20zyr0oabjxc2.cloudfront.net/variants/media/raw_images/potatodragons/2024/10/20241010215302.410-IMG_2690-198x198c.jpeg?signature=7C490E20FE883E7DB153F757C8B3F57639DE16CBD3DA68B400F9A7FBB380800E 1x"
Dark Partial pinstripe 2023,Dark pinstripe,"https://d20zyr0oabjxc2.cloudfront.net/variants/media/raw_images/jayceep/2024/01/20240120213843.876-IMG_4330-396x396c.jpeg?signature=7E98C3447E8722E7F020EB2AE9881A3D2B3C4DDDCFC9F0FC9E2C102127A4EA7C 2x, https://d20zyr0oabjxc2.cloudfront.net/variants/media/raw_images/jayceep/2024/01/20240120213843.876-IMG_4330-198x198c.jpeg?signature=95911B9905E1B4A2CF196696A6C2FDEA7A3D0381084BE868512781E76458E0D6 1x",/us/c/reptiles/lizards/crested-geckos/2122391,,"https://d20zyr0oabjxc2.cloudfront.net/variants/media/raw_images/jayceep/2024/01/20240120213843.876-IMG_4330-396x396c.jpeg?signature=7E98C3447E8722E7F020EB2AE9881A3D2B3C4DDDCFC9F0FC9E2C102127A4EA7C 2x, https://d20zyr0oabjxc2.cloudfront.net/variants/media/raw_images/jayceep/2024/01/20240120213843.876-IMG_4330-198x198c.jpeg?signature=95911B9905E1B4A2CF196696A6C2FDEA7A3D0381084BE868512781E76458E0D6 1x"
Male pinstripe Crested Gecko Cr-1368,pinstripe,"https://d20zyr0oabjxc2.cloudfront.net/variants/media/raw_images/pangeareptile/2023/12/20231215205606.956-CR-1232Left-396x396c.jpeg?signature=CCE988E649D48875931248C05EB52445AC43E639C0FBBE41958CD9B596E8A2DD 2x, https://d20zyr0oabjxc2.cloudfront.net/variants/media/raw_images/pangeareptile/2023/12/20231215205606.956-CR-1232Left-198x198c.jpeg?signature=46201A139C1A7C5AC084CE4E402116E186C307DEB20AB38FC6C5B55A5E3912AD 1x",/us/c/reptiles/lizards/crested-geckos/2063597,,"https://d20zyr0oabjxc2.cloudfront.net/variants/media/raw_images/pangeareptile/2023/12/20231215205606.956-CR-1232Left-396x396c.jpeg?signature=CCE988E649D48875931248C05EB52445AC43E639C0FBBE41958CD9B596E8A2DD 2x, https://d20zyr0oabjxc2.cloudfront.net/variants/media/raw_images/pangeareptile/2023/12/20231215205606.956-CR-1232Left-198x198c.jpeg?signature=46201A139C1A7C5AC084CE4E402116E186C307DEB20AB38FC6C5B55A5E3912AD 1x"
Red pinstripe,Red pinstripe,"https://d20zyr0oabjxc2.cloudfront.net/variants/media/raw_images/potatodragons/2024/11/20241103210558.228-225184_522546_VeryLa-396x396c.jpeg?signature=1577738B5CB566E74584EDF1E69541A164DA748BBC529274A8331E0D58BE0ED3 2x, https://d20zyr0oabjxc2.cloudfront.net/variants/media/raw_images/potatodragons/2024/11/20241103210558.228-225184_522546_VeryLa-198x198c.jpeg?signature=973F9E5B257E79F097411ABD115451368B97A6A5E8CB02C5BCB0BB1C0DE6542F 1x",/us/c/reptiles/lizards/crested-geckos/2700107,,"https://d20zyr0oabjxc2.cloudfront.net/variants/media/raw_images/potatodragons/2024/11/20241103210558.228-225184_522546_VeryLa-396x396c.jpeg?signature=1577738B5CB566E74584EDF1E69541A164DA748BBC529274A8331E0D58BE0ED3 2x, https://d20zyr0oabjxc2.cloudfront.net/variants/media/raw_images/potatodragons/2024/11/20241103210558.228-225184_522546_VeryLa-198x198c.jpeg?signature=973F9E5B257E79F097411ABD115451368B97A6A5E8CB02C5BCB0BB1C0DE6542F 1x"
(F) Dark pinstripe,Dark pinstripe,"https://d20zyr0oabjxc2.cloudfront.net/variants/media/raw_images/bertopiageckos/2024/02/20240204161138.583-IMG_E7282-396x396c.jpeg?signature=D747B3CFDC562425559E17E4C013E571DB7BD87DB7EC278986790D1FA271302B 2x, https://d20zyr0oabjxc2.cloudfront.net/variants/media/raw_images/bertopiageckos/2024/02/20240204161138.583-IMG_E7282-198x198c.jpeg?signature=31ADC1EC7A239BD80E33A7475BB49A02081DA4ADE1EB9232D0B9316262845B90 1x",/us/c/reptiles/lizards/crested-geckos/2148527,,"https://d20zyr0oabjxc2.cloudfront.net/variants/media/raw_images/bertopiageckos/2024/02/20240204161138.583-IMG_E7282-396x396c.jpeg?signature=D747B3CFDC562425559E17E4C013E571DB7BD87DB7EC278986790D1FA271302B 2x, https://d20zyr0oabjxc2.cloudfront.net/variants/media/raw_images/bertopiageckos/2024/02/20240204161138.583-IMG_E7282-198x198c.jpeg?signature=31ADC1EC7A239BD80E33A7475BB49A02081DA4ADE1EB9232D0B9316262845B90 1x"
Yellow pinstripe,Yellow pinstripe,"https://d20zyr0oabjxc2.cloudfront.net/variants/media/raw_images/gecko1313/2024/11/20241103161606.9-IMG_9072-396x396c.jpeg?signature=33EBF0CA1B1BB131194FBD10C62F628218AC52A82D61AC4183C1B539030804DD 2x, https://d20zyr0oabjxc2.cloudfront.net/variants/media/raw_images/gecko1313/2024/11/20241103161606.9-IMG_9072-198x198c.jpeg?signature=57CE1E2CE4A16E2399F0944A9B2F5C706906D0604D264AF90D6A7AB04C66D65D 1x",/us/c/reptiles/lizards/crested-geckos/2699295,,"https://d20zyr0oabjxc2.cloudfront.net/variants/media/raw_images/gecko1313/2024/11/20241103161606.9-IMG_9072-396x396c.jpeg?signature=33EBF0CA1B1BB131194FBD10C62F628218AC52A82D61AC4183C1B539030804DD 2x, https://d20zyr0oabjxc2.cloudfront.net/variants/media/raw_images/gecko1313/2024/11/20241103161606.9-IMG_9072-198x198c.jpeg?signature=57CE1E2CE4A16E2399F0944A9B2F5C706906D0604D264AF90D6A7AB04C66D65D 1x"
(F) High Contrast pinstripe,pinstripe,"https://d20zyr0oabjxc2.cloudfront.net/variants/media/raw_images/bertopiageckos/2024/06/20240608215308.867-IMG_E9591-396x396c.jpeg?signature=B06F01CFC7EF83CEF36DBDE8F0BF0B0ABE55B592156966C7A55B077858FA6F9B 2x, https://d20zyr0oabjxc2.cloudfront.net/variants/media/raw_images/bertopiageckos/2024/06/20240608215308.867-IMG_E9591-198x198c.jpeg?signature=A7CB8BA7A154AF3FE65744BBB2F6022FF01AE479EE844B304BFCDCB0A4EFC78B 1x",/us/c/reptiles/lizards/crested-geckos/2148511,,"https://d20zyr0oabjxc2.cloudfront.net/variants/media/raw_images/bertopiageckos/2024/06/20240608215308.867-IMG_E9591-396x396c.jpeg?signature=B06F01CFC7EF83CEF36DBDE8F0BF0B0ABE55B592156966C7A55B077858FA6F9B 2x, https://d20zyr0oabjxc2.cloudfront.net/variants/media/raw_images/bertopiageckos/2024/06/20240608215308.867-IMG_E9591-198x198c.jpeg?signature=A7CB8BA7A154AF3FE65744BBB2F6022FF01AE479EE844B304BFCDCB0A4EFC78B 1x"
A+ Red Empty Back pinstripe Crested Gecko,Red pinstripe,"https://d20zyr0oabjxc2.cloudfront.net/variants/media/raw_images/olympianexotics/2024/01/20240102114640.673-cg201a-396x396c.jpeg?signature=2B05F19776EEDDC38C543BF5BCC876165D00D11973136EB4CD17FE94D9C71D7D 2x, https://d20zyr0oabjxc2.cloudfront.net/variants/media/raw_images/olympianexotics/2024/01/20240102114640.673-cg201a-198x198c.jpeg?signature=A0E2B5509A0F352F4B3FA4520C723D4BCDAF646E4708F2541EEC56D23A37B49A 1x",/us/c/reptiles/lizards/crested-geckos/2090159,,"https://d20zyr0oabjxc2.cloudfront.net/variants/media/raw_images/olympianexotics/2024/01/20240102114640.673-cg201a-396x396c.jpeg?signature=2B05F19776EEDDC38C543BF5BCC876165D00D11973136EB4CD17FE94D9C71D7D 2x, https://d20zyr0oabjxc2.cloudfront.net/variants/media/raw_images/olympianexotics/2024/01/20240102114640.673-cg201a-198x198c.jpeg?signature=A0E2B5509A0F352F4B3FA4520C723D4BCDAF646E4708F2541EEC56D23A37B49A 1x"
A+ Orange Quad pinstripe Crested Gecko,pinstripe,"https://d20zyr0oabjxc2.cloudfront.net/variants/media/raw_images/olympianexotics/2023/08/20230811052451.899-ogquadpinstripe10a-396x396c.jpeg?signature=FDAA9D2D575F8751A87E06CB6046550558ACA056A52ED01CD2E30F9B260EFBC5 2x, https://d20zyr0oabjxc2.cloudfront.net/variants/media/raw_images/olympianexotics/2023/08/20230811052451.899-ogquadpinstripe10a-198x198c.jpeg?signature=0467BC7D972C5B03E8E97D808ADD6140684879FBF4C85A668AA7B318216ACBCE 1x",/us/c/reptiles/lizards/crested-geckos/1769228,,"https://d20zyr0oabjxc2.cloudfront.net/variants/media/raw_images/olympianexotics/2023/08/20230811052451.899-ogquadpinstripe10a-396x396c.jpeg?signature=FDAA9D2D575F8751A87E06CB6046550558ACA056A52ED01CD2E30F9B260EFBC5 2x, https://d20zyr0oabjxc2.cloudfront.net/variants/media/raw_images/olympianexotics/2023/08/20230811052451.899-ogquadpinstripe10a-198x198c.jpeg?signature=0467BC7D972C5B03E8E97D808ADD6140684879FBF4C85A668AA7B318216ACBCE 1x"
EMPTY BACK Partial pinstripe Crested Gecko,pinstripe,"https://d20zyr0oabjxc2.cloudfront.net/variants/media/raw_images/rainydaygeckos/2024/10/20241031202002.357-1000024287-396x396c.jpeg?signature=57AFBEE50F0AEAD6903CCA1C637775EC599D6B2AA05B92ACCA56DCE53DDD03E0 2x, https://d20zyr0oabjxc2.cloudfront.net/variants/media/raw_images/rainydaygeckos/2024/10/20241031202002.357-1000024287-198x198c.jpeg?signature=DFE29D53DE73AFE6068009BCB19487CA795FF95404C8755C687AFDBD9F93F1BE 1x",/us/c/reptiles/lizards/crested-geckos/2332264,,"https://d20zyr0oabjxc2.cloudfront.net/variants/media/raw_images/rainydaygeckos/2024/10/20241031202002.357-1000024287-396x396c.jpeg?signature=57AFBEE50F0AEAD6903CCA1C637775EC599D6B2AA05B92ACCA56DCE53DDD03E0 2x, https://d20zyr0oabjxc2.cloudfront.net/variants/media/raw_images/rainydaygeckos/2024/10/20241031202002.357-1000024287-198x198c.jpeg?signature=DFE29D53DE73AFE6068009BCB19487CA795FF95404C8755C687AFDBD9F93F1BE 1x"
"Zenith, Dark Based Quadstriped pinstripe Female Crested Gecko",Dark pinstripe,"https://d20zyr0oabjxc2.cloudfront.net/variants/media/raw_images/smugbug/2024/11/20241103045532.926-Zenithleft-396x396c.jpeg?signature=0AC5EE43CCDE06F6F861D1A753B072CA4E7FD9D9D65CE7C99E413172C7DCECB0 2x, https://d20zyr0oabjxc2.cloudfront.net/variants/media/raw_images/smugbug/2024/11/20241103045532.926-Zenithleft-198x198c.jpeg?signature=8B1604645F62B13F635521EEAE2AF34FE4A4437E8CED84E2FE8F6141DEBFB931 1x",/us/c/reptiles/lizards/crested-geckos/2698671,,"https://d20zyr0oabjxc2.cloudfront.net/variants/media/raw_images/smugbug/2024/11/20241103045532.926-Zenithleft-396x396c.jpeg?signature=0AC5EE43CCDE06F6F861D1A753B072CA4E7FD9D9D65CE7C99E413172C7DCECB0 2x, https://d20zyr0oabjxc2.cloudfront.net/variants/media/raw_images/smugbug/2024/11/20241103045532.926-Zenithleft-198x198c.jpeg?signature=8B1604645F62B13F635521EEAE2AF34FE4A4437E8CED84E2FE8F6141DEBFB931 1x"
pinstripe White Wall,pinstripe,"https://d20zyr0oabjxc2.cloudfront.net/variants/media/raw_images/jessi8402/2024/11/20241103042649.757-IMG_8579-396x396c.jpeg?signature=EAD23ECFB918331E125CE844F31CFE229CBFEFFB852DEFA0E1462C1F1D69C7E9 2x, https://d20zyr0oabjxc2.cloudfront.net/variants/media/raw_images/jessi8402/2024/11/20241103042649.757-IMG_8579-198x198c.jpeg?signature=D5DCEE5E40CF0A60D42AE0806F45C47F1C1897557D58CFE1AA9DACDB4C8D23DF 1x",/us/c/reptiles/lizards/crested-geckos/2698648,,"https://d20zyr0oabjxc2.cloudfront.net/variants/media/raw_images/jessi8402/2024/11/20241103042649.757-IMG_8579-396x396c.jpeg?signature=EAD23ECFB918331E125CE844F31CFE229CBFEFFB852DEFA0E1462C1F1D69C7E9 2x, https://d20zyr0oabjxc2.cloudfront.net/variants/media/raw_images/jessi8402/2024/11/20241103042649.757-IMG_8579-198x198c.jpeg?signature=D5DCEE5E40CF0A60D42AE0806F45C47F1C1897557D58CFE1AA9DACDB4C8D23DF 1x"
Arctic Sunset Tangerine/Lavender pinstripe,pinstripe,"https://d20zyr0oabjxc2.cloudfront.net/variants/media/raw_images/fringemorphs/2024/10/20241013035325.815-tang-396x396c.jpeg?signature=748B821AB7EF53078E4951B18A407404E46616F9F485C05D28C8B09621B3BE93 2x, https://d20zyr0oabjxc2.cloudfront.net/variants/media/raw_images/fringemorphs/2024/10/20241013035325.815-tang-198x198c.jpeg?signature=20B5D36A4BA83F8F182C1F419B6C38ECF2E1F428A94763751F6A24B70F2BAB3B 1x",/us/c/reptiles/lizards/crested-geckos/2646187,,"https://d20zyr0oabjxc2.cloudfront.net/variants/media/raw_images/fringemorphs/2024/10/20241013035325.815-tang-396x396c.jpeg?signature=748B821AB7EF53078E4951B18A407404E46616F9F485C05D28C8B09621B3BE93 2x, https://d20zyr0oabjxc2.cloudfront.net/variants/media/raw_images/fringemorphs/2024/10/20241013035325.815-tang-198x198c.jpeg?signature=20B5D36A4BA83F8F182C1F419B6C38ECF2E1F428A94763751F6A24B70F2BAB3B 1x"
Red Drippy Partial pinstripe,Red pinstripe,"https://d20zyr0oabjxc2.cloudfront.net/variants/media/raw_images/goldenlinecresties/2024/09/20240916025751.995-IMG_4231-396x396c.jpeg?signature=8F03F40E6D45214EF84E55A774BA64DD55FD27F30FC9DD3E24E75DA536340F5E 2x, https://d20zyr0oabjxc2.cloudfront.net/variants/media/raw_images/goldenlinecresties/2024/09/20240916025751.995-IMG_4231-198x198c.jpeg?signature=EDE9CFC1EEBF47E997BD62881918FDFD004EB1E3A938DB8AE6AE9A69D8BF9847 1x",/us/c/reptiles/lizards/crested-geckos/2581984,,"https://d20zyr0oabjxc2.cloudfront.net/variants/media/raw_images/goldenlinecresties/2024/09/20240916025751.995-IMG_4231-396x396c.jpeg?signature=8F03F40E6D45214EF84E55A774BA64DD55FD27F30FC9DD3E24E75DA536340F5E 2x, https://d20zyr0oabjxc2.cloudfront.net/variants/media/raw_images/goldenlinecresties/2024/09/20240916025751.995-IMG_4231-198x198c.jpeg?signature=EDE9CFC1EEBF47E997BD62881918FDFD004EB1E3A938DB8AE6AE9A69D8BF9847 1x"
Lavender And Dark Base Partial pinstripe,Dark pinstripe,"https://d20zyr0oabjxc2.cloudfront.net/variants/media/raw_images/goldenlinecresties/2024/09/20240916024640.205-IMG_4221-396x396c.jpeg?signature=55E5BC7E75808E3F3F7A59F19BD11BFA874F6E6963A44BF46EB7A4DBA985EFE8 2x, https://d20zyr0oabjxc2.cloudfront.net/variants/media/raw_images/goldenlinecresties/2024/09/20240916024640.205-IMG_4221-198x198c.jpeg?signature=C8E59EE28214F6154818C36A065D8F8368C6C419D2E033C69B3231DD3C0843B2 1x",/us/c/reptiles/lizards/crested-geckos/2581950,,"https://d20zyr0oabjxc2.cloudfront.net/variants/media/raw_images/goldenlinecresties/2024/09/20240916024640.205-IMG_4221-396x396c.jpeg?signature=55E5BC7E75808E3F3F7A59F19BD11BFA874F6E6963A44BF46EB7A4DBA985EFE8 2x, https://d20zyr0oabjxc2.cloudfront.net/variants/media/raw_images/goldenlinecresties/2024/09/20240916024640.205-IMG_4221-198x198c.jpeg?signature=C8E59EE28214F6154818C36A065D8F8368C6C419D2E033C69B3231DD3C0843B2 1x"
Lilac Inn] Lavender Spotty pinstripe,pinstripe,"https://d20zyr0oabjxc2.cloudfront.net/variants/media/raw_images/loveallcresties/2024/11/20241102223024.970-IMG_1023-396x396c.jpeg?signature=1077FD0CBAD021A4F17E0DCF96BB99C8B1CBEE8A434590F081547AAADA9FBA54 2x, https://d20zyr0oabjxc2.cloudfront.net/variants/media/raw_images/loveallcresties/2024/11/20241102223024.970-IMG_1023-198x198c.jpeg?signature=3E0699A5AD353B22143DDFC4FB3AF660749B063D3820F43FEA46C7AD4EBF3EF1 1x",/us/c/reptiles/lizards/crested-geckos/2698124,,"https://d20zyr0oabjxc2.cloudfront.net/variants/media/raw_images/loveallcresties/2024/11/20241102223024.970-IMG_1023-396x396c.jpeg?signature=1077FD0CBAD021A4F17E0DCF96BB99C8B1CBEE8A434590F081547AAADA9FBA54 2x, https://d20zyr0oabjxc2.cloudfront.net/variants/media/raw_images/loveallcresties/2024/11/20241102223024.970-IMG_1023-198x198c.jpeg?signature=3E0699A5AD353B22143DDFC4FB3AF660749B063D3820F43FEA46C7AD4EBF3EF1 1x"
(F) Red pinstripe,Red pinstripe,"https://d20zyr0oabjxc2.cloudfront.net/variants/media/raw_images/bertopiageckos/2024/07/20240719213140.11-IMG_0077-396x396c.jpeg?signature=FCA007A1EAF112FFF88B8AB88879DEC081AF670D0305058D30783AA2DF25CCFA 2x, https://d20zyr0oabjxc2.cloudfront.net/variants/media/raw_images/bertopiageckos/2024/07/20240719213140.11-IMG_0077-198x198c.jpeg?signature=7C94A91104C950B3560F8296342E333ECAAEDD5784E8C32A5793BE3929CB5A1E 1x",/us/c/reptiles/lizards/crested-geckos/2147145,,"https://d20zyr0oabjxc2.cloudfront.net/variants/media/raw_images/bertopiageckos/2024/07/20240719213140.11-IMG_0077-396x396c.jpeg?signature=FCA007A1EAF112FFF88B8AB88879DEC081AF670D0305058D30783AA2DF25CCFA 2x, https://d20zyr0oabjxc2.cloudfront.net/variants/media/raw_images/bertopiageckos/2024/07/20240719213140.11-IMG_0077-198x198c.jpeg?signature=7C94A91104C950B3560F8296342E333ECAAEDD5784E8C32A5793BE3929CB5A1E 1x"
2024 Male Dark Base Partial pinstripe,Dark pinstripe,"https://d20zyr0oabjxc2.cloudfront.net/variants/media/raw_images/destiana/2024/09/20240905190630.785-76D99B6A-5F0F-4EC3-9-396x396c.jpeg?signature=FFFBB9F8DEB1F03A3FDE584C8AF3F88FADAFB6BC5223AB86A743B6777E914B51 2x, https://d20zyr0oabjxc2.cloudfront.net/variants/media/raw_images/destiana/2024/09/20240905190630.785-76D99B6A-5F0F-4EC3-9-198x198c.jpeg?signature=736DC847FBC27F1F1A5B6196007551F1BC190702FCA06535DB63995AC0703805 1x",/us/c/reptiles/lizards/crested-geckos/2556480,,"https://d20zyr0oabjxc2.cloudfront.net/variants/media/raw_images/destiana/2024/09/20240905190630.785-76D99B6A-5F0F-4EC3-9-396x396c.jpeg?signature=FFFBB9F8DEB1F03A3FDE584C8AF3F88FADAFB6BC5223AB86A743B6777E914B51 2x, https://d20zyr0oabjxc2.cloudfront.net/variants/media/raw_images/destiana/2024/09/20240905190630.785-76D99B6A-5F0F-4EC3-9-198x198c.jpeg?signature=736DC847FBC27F1F1A5B6196007551F1BC190702FCA06535DB63995AC0703805 1x"
Reverse pinstripe Yellow,pinstripe Yellow,"https://d20zyr0oabjxc2.cloudfront.net/variants/media/raw_images/kdavidson/2024/10/20241009211846.432-1000016241-396x396c.jpeg?signature=2BFF896B2411B4AC49DDCB9AE684E87F3B1CD90CB6A862DC2242574C0FD6A68B 2x, https://d20zyr0oabjxc2.cloudfront.net/variants/media/raw_images/kdavidson/2024/10/20241009211846.432-1000016241-198x198c.jpeg?signature=5A34186F588FBDD826BB24731D426686ECA372328465E91A4E01D00B3ADEDC62 1x",/us/c/reptiles/lizards/crested-geckos/2640013,,"https://d20zyr0oabjxc2.cloudfront.net/variants/media/raw_images/kdavidson/2024/10/20241009211846.432-1000016241-396x396c.jpeg?signature=2BFF896B2411B4AC49DDCB9AE684E87F3B1CD90CB6A862DC2242574C0FD6A68B 2x, https://d20zyr0oabjxc2.cloudfront.net/variants/media/raw_images/kdavidson/2024/10/20241009211846.432-1000016241-198x198c.jpeg?signature=5A34186F588FBDD826BB24731D426686ECA372328465E91A4E01D00B3ADEDC62 1x"
(M) High Contrast pinstripe,pinstripe,"https://d20zyr0oabjxc2.cloudfront.net/variants/media/raw_images/bertopiageckos/2024/07/20240719201009.876-IMG_0031-396x396c.jpeg?signature=F883DC4F6D98BA8A138AFE1956EDAE6F531088A45FE9F89F2145DE2F2DC70B06 2x, https://d20zyr0oabjxc2.cloudfront.net/variants/media/raw_images/bertopiageckos/2024/07/20240719201009.876-IMG_0031-198x198c.jpeg?signature=A7C2167A248F0B64E9172C08268D16720463C47DF32064228BC025D1951F6A3F 1x",/us/c/reptiles/lizards/crested-geckos/2146925,,"https://d20zyr0oabjxc2.cloudfront.net/variants/media/raw_images/bertopiageckos/2024/07/20240719201009.876-IMG_0031-396x396c.jpeg?signature=F883DC4F6D98BA8A138AFE1956EDAE6F531088A45FE9F89F2145DE2F2DC70B06 2x, https://d20zyr0oabjxc2.cloudfront.net/variants/media/raw_images/bertopiageckos/2024/07/20240719201009.876-IMG_0031-198x198c.jpeg?signature=A7C2167A248F0B64E9172C08268D16720463C47DF32064228BC025D1951F6A3F 1x"
(F) Yellow pinstripe,Yellow pinstripe,"https://d20zyr0oabjxc2.cloudfront.net/variants/media/raw_images/bertopiageckos/2024/06/20240608200853.830-IMG_E9626-396x396c.jpeg?signature=05754C87EC5D939F535569534D568A91486E02B63A1D0E8BD9C0182891AE6D31 2x, https://d20zyr0oabjxc2.cloudfront.net/variants/media/raw_images/bertopiageckos/2024/06/20240608200853.830-IMG_E9626-198x198c.jpeg?signature=ABDF42E924F5CDC63E063F78480DCD35F1F5B230639044F52D9F33905C89AAD1 1x",/us/c/reptiles/lizards/crested-geckos/2366805,,"https://d20zyr0oabjxc2.cloudfront.net/variants/media/raw_images/bertopiageckos/2024/06/20240608200853.830-IMG_E9626-396x396c.jpeg?signature=05754C87EC5D939F535569534D568A91486E02B63A1D0E8BD9C0182891AE6D31 2x, https://d20zyr0oabjxc2.cloudfront.net/variants/media/raw_images/bertopiageckos/2024/06/20240608200853.830-IMG_E9626-198x198c.jpeg?signature=ABDF42E924F5CDC63E063F78480DCD35F1F5B230639044F52D9F33905C89AAD1 1x"
50% OFF SALE! pinstripe Dalmatian Male,pinstripe Dalmatian,"https://d20zyr0oabjxc2.cloudfront.net/variants/media/raw_images/evolverreptiles/2024/10/20241023231401.910-DSC_05121-396x396c.jpeg?signature=6F76FF63425612840C4F45A58F9251EA9409B9852B255CE321CE552B79D70C45 2x, https://d20zyr0oabjxc2.cloudfront.net/variants/media/raw_images/evolverreptiles/2024/10/20241023231401.910-DSC_05121-198x198c.jpeg?signature=7E9630DAE111FC634DE9AF01551E040070F28157EC677A5F3E858530AA65A9DA 1x",/us/c/reptiles/lizards/crested-geckos/2218254,,"https://d20zyr0oabjxc2.cloudfront.net/variants/media/raw_images/evolverreptiles/2024/10/20241023231401.910-DSC_05121-396x396c.jpeg?signature=6F76FF63425612840C4F45A58F9251EA9409B9852B255CE321CE552B79D70C45 2x, https://d20zyr0oabjxc2.cloudfront.net/variants/media/raw_images/evolverreptiles/2024/10/20241023231401.910-DSC_05121-198x198c.jpeg?signature=7E9630DAE111FC634DE9AF01551E040070F28157EC677A5F3E858530AA65A9DA 1x"
"Spitzer Telescope, Yellow Quadstripe pinstripe Probable Female Crested Gecko",Yellow pinstripe,"https://d20zyr0oabjxc2.cloudfront.net/variants/media/raw_images/smugbug/2024/10/20241012192154.767-SpitzerTelescopeleft-396x396c.jpeg?signature=71B275681D978A2275B700862D3D58A4F6253200DD4E9C5497C1C3DAF715245C 2x, https://d20zyr0oabjxc2.cloudfront.net/variants/media/raw_images/smugbug/2024/10/20241012192154.767-SpitzerTelescopeleft-198x198c.jpeg?signature=138CA151976B991F15DCE6C1E1F4B8860949CEC832B1CD57C406CA645FE18BC5 1x",/us/c/reptiles/lizards/crested-geckos/2645320,,"https://d20zyr0oabjxc2.cloudfront.net/variants/media/raw_images/smugbug/2024/10/20241012192154.767-SpitzerTelescopeleft-396x396c.jpeg?signature=71B275681D978A2275B700862D3D58A4F6253200DD4E9C5497C1C3DAF715245C 2x, https://d20zyr0oabjxc2.cloudfront.net/variants/media/raw_images/smugbug/2024/10/20241012192154.767-SpitzerTelescopeleft-198x198c.jpeg?signature=138CA151976B991F15DCE6C1E1F4B8860949CEC832B1CD57C406CA645FE18BC5 1x"
56g Female Partial pinstripe,pinstripe,"https://d20zyr0oabjxc2.cloudfront.net/variants/media/raw_images/howlreptiles/2024/02/20240222222336.937-20240221_160845-396x396c.jpeg?signature=219390636B60A72DBDAECB70D136B6103B372F669E7F513F1D4180C010E5A9CC 2x, https://d20zyr0oabjxc2.cloudfront.net/variants/media/raw_images/howlreptiles/2024/02/20240222222336.937-20240221_160845-198x198c.jpeg?signature=C4327C5EBFF1E5F1993D5E269FE7907A35CDE41697A12318C180D67DAA8937AB 1x",/us/c/reptiles/lizards/crested-geckos/2185145,,"https://d20zyr0oabjxc2.cloudfront.net/variants/media/raw_images/howlreptiles/2024/02/20240222222336.937-20240221_160845-396x396c.jpeg?signature=219390636B60A72DBDAECB70D136B6103B372F669E7F513F1D4180C010E5A9CC 2x, https://d20zyr0oabjxc2.cloudfront.net/variants/media/raw_images/howlreptiles/2024/02/20240222222336.937-20240221_160845-198x198c.jpeg?signature=C4327C5EBFF1E5F1993D5E269FE7907A35CDE41697A12318C180D67DAA8937AB 1x"
50% OFF SALE! pinstripe Male,pinstripe,"https://d20zyr0oabjxc2.cloudfront.net/variants/media/raw_images/evolverreptiles/2024/10/20241024014730.444-DSC_0636-396x396c.jpeg?signature=2E988CD99CC36EA2677BA2E3F39AE95CF6D3E5FFAB50A17E395ED7288AF7D173 2x, https://d20zyr0oabjxc2.cloudfront.net/variants/media/raw_images/evolverreptiles/2024/10/20241024014730.444-DSC_0636-198x198c.jpeg?signature=41567B1378BE2813050B1E08D83828B47C2BC26519BA0D35842DF63D1A8ED35A 1x",/us/c/reptiles/lizards/crested-geckos/2023009,,"https://d20zyr0oabjxc2.cloudfront.net/variants/media/raw_images/evolverreptiles/2024/10/20241024014730.444-DSC_0636-396x396c.jpeg?signature=2E988CD99CC36EA2677BA2E3F39AE95CF6D3E5FFAB50A17E395ED7288AF7D173 2x, https://d20zyr0oabjxc2.cloudfront.net/variants/media/raw_images/evolverreptiles/2024/10/20241024014730.444-DSC_0636-198x198c.jpeg?signature=41567B1378BE2813050B1E08D83828B47C2BC26519BA0D35842DF63D1A8ED35A 1x"
RTB - Drippy Yellow pinstripe,Yellow pinstripe,"https://d20zyr0oabjxc2.cloudfront.net/variants/media/raw_images/bertopiageckos/2024/06/20240608162143.809-Drippyphoto-396x396c.jpeg?signature=604B95A9F253131E0F31B8BE833D384C3A92C6C47A123A43A94DE2FF497EEB2B 2x, https://d20zyr0oabjxc2.cloudfront.net/variants/media/raw_images/bertopiageckos/2024/06/20240608162143.809-Drippyphoto-198x198c.jpeg?signature=7D6E77FB470071DF03544353DEEBD0A95A2B848EACE107AD54546DF49351FD00 1x",/us/c/reptiles/lizards/crested-geckos/2366509,,"https://d20zyr0oabjxc2.cloudfront.net/variants/media/raw_images/bertopiageckos/2024/06/20240608162143.809-Drippyphoto-396x396c.jpeg?signature=604B95A9F253131E0F31B8BE833D384C3A92C6C47A123A43A94DE2FF497EEB2B 2x, https://d20zyr0oabjxc2.cloudfront.net/variants/media/raw_images/bertopiageckos/2024/06/20240608162143.809-Drippyphoto-198x198c.jpeg?signature=7D6E77FB470071DF03544353DEEBD0A95A2B848EACE107AD54546DF49351FD00 1x"
"dark, Orange, Cream pinstripe","dark, pinstripe","https://d20zyr0oabjxc2.cloudfront.net/variants/media/raw_images/bertopiageckos/2024/07/20240720161426.579-IMG_0211-396x396c.jpeg?signature=C190E173C631491206BB74D358CBC24753C83B575CF3DE32A65FB6655D71EF6A 2x, https://d20zyr0oabjxc2.cloudfront.net/variants/media/raw_images/bertopiageckos/2024/07/20240720161426.579-IMG_0211-198x198c.jpeg?signature=88D2B3CC0229698D2B7D4285C7350B1F1D1C2C9803D68D0615401B0E9917BFB8 1x",/us/c/reptiles/lizards/crested-geckos/2443373,,"https://d20zyr0oabjxc2.cloudfront.net/variants/media/raw_images/bertopiageckos/2024/07/20240720161426.579-IMG_0211-396x396c.jpeg?signature=C190E173C631491206BB74D358CBC24753C83B575CF3DE32A65FB6655D71EF6A 2x, https://d20zyr0oabjxc2.cloudfront.net/variants/media/raw_images/bertopiageckos/2024/07/20240720161426.579-IMG_0211-198x198c.jpeg?signature=88D2B3CC0229698D2B7D4285C7350B1F1D1C2C9803D68D0615401B0E9917BFB8 1x"
Drippy Lavender pinstripe,pinstripe,"https://d20zyr0oabjxc2.cloudfront.net/variants/media/raw_images/m_sutt/2024/03/20240321230145.140-IMG_1714-396x396c.jpeg?signature=40838CB469AE1EC633B55907123B05C62E17C194A66266CF0E7939FAA3E5AA05 2x, https://d20zyr0oabjxc2.cloudfront.net/variants/media/raw_images/m_sutt/2024/03/20240321230145.140-IMG_1714-198x198c.jpeg?signature=4E983235AC40DB4D51BCD1C7888074AF8E386E8FB58E8AF1D3C530A60260BD2F 1x",/us/c/reptiles/lizards/crested-geckos/2237019,,"https://d20zyr0oabjxc2.cloudfront.net/variants/media/raw_images/m_sutt/2024/03/20240321230145.140-IMG_1714-396x396c.jpeg?signature=40838CB469AE1EC633B55907123B05C62E17C194A66266CF0E7939FAA3E5AA05 2x, https://d20zyr0oabjxc2.cloudfront.net/variants/media/raw_images/m_sutt/2024/03/20240321230145.140-IMG_1714-198x198c.jpeg?signature=4E983235AC40DB4D51BCD1C7888074AF8E386E8FB58E8AF1D3C530A60260BD2F 1x"
50% OFF SALE! pinstripe Male,pinstripe,"https://d20zyr0oabjxc2.cloudfront.net/variants/media/raw_images/evolverreptiles/2024/10/20241025001155.545-DSC_0713-396x396c.jpeg?signature=DCD10797227AFF039C2DEE1D6081DC4EDFA780E943601F8BEC7DD65BE942DD02 2x, https://d20zyr0oabjxc2.cloudfront.net/variants/media/raw_images/evolverreptiles/2024/10/20241025001155.545-DSC_0713-198x198c.jpeg?signature=050934BC115B44A8DE5A5F9E9D0DB0DA30CD91575384ECD149974A981B0A812D 1x",/us/c/reptiles/lizards/crested-geckos/2023778,,"https://d20zyr0oabjxc2.cloudfront.net/variants/media/raw_images/evolverreptiles/2024/10/20241025001155.545-DSC_0713-396x396c.jpeg?signature=DCD10797227AFF039C2DEE1D6081DC4EDFA780E943601F8BEC7DD65BE942DD02 2x, https://d20zyr0oabjxc2.cloudfront.net/variants/media/raw_images/evolverreptiles/2024/10/20241025001155.545-DSC_0713-198x198c.jpeg?signature=050934BC115B44A8DE5A5F9E9D0DB0DA30CD91575384ECD149974A981B0A812D 1x"
50% OFF SALE! pinstripe Male,pinstripe,"https://d20zyr0oabjxc2.cloudfront.net/variants/media/raw_images/evolverreptiles/2024/10/20241023005427.102-DSC_0467-396x396c.jpeg?signature=94F1A663E288577911BA93CF5F48A94CDF6934B86DBA7343D593E87B810CA104 2x, https://d20zyr0oabjxc2.cloudfront.net/variants/media/raw_images/evolverreptiles/2024/10/20241023005427.102-DSC_0467-198x198c.jpeg?signature=50F47BB04A89013E8261A0BE456CDEFD75E0F4920B191DDA4E143671D60C3262 1x",/us/c/reptiles/lizards/crested-geckos/2005068,,"https://d20zyr0oabjxc2.cloudfront.net/variants/media/raw_images/evolverreptiles/2024/10/20241023005427.102-DSC_0467-396x396c.jpeg?signature=94F1A663E288577911BA93CF5F48A94CDF6934B86DBA7343D593E87B810CA104 2x, https://d20zyr0oabjxc2.cloudfront.net/variants/media/raw_images/evolverreptiles/2024/10/20241023005427.102-DSC_0467-198x198c.jpeg?signature=50F47BB04A89013E8261A0BE456CDEFD75E0F4920B191DDA4E143671D60C3262 1x"
Full pinstripe Lavender Crested,pinstripe,"https://d20zyr0oabjxc2.cloudfront.net/variants/media/raw_images/rainydaygeckos/2024/08/20240805084400.395-1000020761-396x396c.jpeg?signature=B78D60DA516AD4B6C7E0B4950ACDCA50D695D965725C7E6D492C5766476F56F5 2x, https://d20zyr0oabjxc2.cloudfront.net/variants/media/raw_images/rainydaygeckos/2024/08/20240805084400.395-1000020761-198x198c.jpeg?signature=D5415E322E72B02A3C01FD98E2E5085BFBECA7BB72C67545172D72EC696C01FC 1x",/us/c/reptiles/lizards/crested-geckos/2370915,,"https://d20zyr0oabjxc2.cloudfront.net/variants/media/raw_images/rainydaygeckos/2024/08/20240805084400.395-1000020761-396x396c.jpeg?signature=B78D60DA516AD4B6C7E0B4950ACDCA50D695D965725C7E6D492C5766476F56F5 2x, https://d20zyr0oabjxc2.cloudfront.net/variants/media/raw_images/rainydaygeckos/2024/08/20240805084400.395-1000020761-198x198c.jpeg?signature=D5415E322E72B02A3C01FD98E2E5085BFBECA7BB72C67545172D72EC696C01FC 1x"
High Contrast pinstripe Crested Gecko #461,pinstripe,"https://d20zyr0oabjxc2.cloudfront.net/variants/media/raw_images/olympianexotics/2024/10/20241006224429.319-1000029770-396x396c.jpeg?signature=8FFF8A02F579A44A98A816244B2D9713D5BAEDE2D46C339415AE834550625A66 2x, https://d20zyr0oabjxc2.cloudfront.net/variants/media/raw_images/olympianexotics/2024/10/20241006224429.319-1000029770-198x198c.jpeg?signature=C3783157AD3AA66D8A64BCABA28CBA77346A9485B8046BB33210498BC91FBB83 1x",/us/c/reptiles/lizards/crested-geckos/2339998,,"https://d20zyr0oabjxc2.cloudfront.net/variants/media/raw_images/olympianexotics/2024/10/20241006224429.319-1000029770-396x396c.jpeg?signature=8FFF8A02F579A44A98A816244B2D9713D5BAEDE2D46C339415AE834550625A66 2x, https://d20zyr0oabjxc2.cloudfront.net/variants/media/raw_images/olympianexotics/2024/10/20241006224429.319-1000029770-198x198c.jpeg?signature=C3783157AD3AA66D8A64BCABA28CBA77346A9485B8046BB33210498BC91FBB83 1x"
pinstripe Stripe White Wall,pinstripe,"https://d20zyr0oabjxc2.cloudfront.net/variants/media/raw_images/cmarky/2024/10/20241006034240.75-20241005061213_IMG_0-396x396c.jpeg?signature=FFE658D7F624A6CB6F1481C13234EC0B1AA6C66636762105EBA1564BD051D16B 2x, https://d20zyr0oabjxc2.cloudfront.net/variants/media/raw_images/cmarky/2024/10/20241006034240.75-20241005061213_IMG_0-198x198c.jpeg?signature=5CE913ABD32E7EE30B2DA55BB75A27E97E19C5792B1D68510DD45347A9563516 1x",/us/c/reptiles/lizards/crested-geckos/2631124,,"https://d20zyr0oabjxc2.cloudfront.net/variants/media/raw_images/cmarky/2024/10/20241006034240.75-20241005061213_IMG_0-396x396c.jpeg?signature=FFE658D7F624A6CB6F1481C13234EC0B1AA6C66636762105EBA1564BD051D16B 2x, https://d20zyr0oabjxc2.cloudfront.net/variants/media/raw_images/cmarky/2024/10/20241006034240.75-20241005061213_IMG_0-198x198c.jpeg?signature=5CE913ABD32E7EE30B2DA55BB75A27E97E19C5792B1D68510DD45347A9563516 1x"
Partial pinstripe,pinstripe,"https://d20zyr0oabjxc2.cloudfront.net/variants/media/raw_images/cmarky/2024/10/20241006033517.160-20241005062013_IMG_0-396x396c.jpeg?signature=B31951E83831737D135E9AF3B580E52D2D8144AE9EA2595E0E8D700F1A7ED75C 2x, https://d20zyr0oabjxc2.cloudfront.net/variants/media/raw_images/cmarky/2024/10/20241006033517.160-20241005062013_IMG_0-198x198c.jpeg?signature=F4077A7F31BB2BB9DFB5CDF32019F14857D76EE34A1E536F34B5440A03FD000E 1x",/us/c/reptiles/lizards/crested-geckos/2631109,,"https://d20zyr0oabjxc2.cloudfront.net/variants/media/raw_images/cmarky/2024/10/20241006033517.160-20241005062013_IMG_0-396x396c.jpeg?signature=B31951E83831737D135E9AF3B580E52D2D8144AE9EA2595E0E8D700F1A7ED75C 2x, https://d20zyr0oabjxc2.cloudfront.net/variants/media/raw_images/cmarky/2024/10/20241006033517.160-20241005062013_IMG_0-198x198c.jpeg?signature=F4077A7F31BB2BB9DFB5CDF32019F14857D76EE34A1E536F34B5440A03FD000E 1x"
pinstripe Stripe,pinstripe,"https://d20zyr0oabjxc2.cloudfront.net/variants/media/raw_images/cmarky/2024/10/20241006032904.682-20241005062231_IMG_0-396x396c.jpeg?signature=AA94B5A3CA70FB646CE5370D1A98EF46469B2CF4A2933CD03504EB903C701091 2x, https://d20zyr0oabjxc2.cloudfront.net/variants/media/raw_images/cmarky/2024/10/20241006032904.682-20241005062231_IMG_0-198x198c.jpeg?signature=3AFB33A5F23B5ED8E0F3E1F712C40B429F75EC51A2DDA288AA169E9AC065EA8D 1x",/us/c/reptiles/lizards/crested-geckos/2631103,,"https://d20zyr0oabjxc2.cloudfront.net/variants/media/raw_images/cmarky/2024/10/20241006032904.682-20241005062231_IMG_0-396x396c.jpeg?signature=AA94B5A3CA70FB646CE5370D1A98EF46469B2CF4A2933CD03504EB903C701091 2x, https://d20zyr0oabjxc2.cloudfront.net/variants/media/raw_images/cmarky/2024/10/20241006032904.682-20241005062231_IMG_0-198x198c.jpeg?signature=3AFB33A5F23B5ED8E0F3E1F712C40B429F75EC51A2DDA288AA169E9AC065EA8D 1x"
Red pinstripe Stripe Quad-stripe,Red pinstripe,"https://d20zyr0oabjxc2.cloudfront.net/variants/media/raw_images/cmarky/2024/10/20241006031521.255-20241005064403_IMG_0-396x396c.jpeg?signature=AE3618BC03F6048CB097A3AFC550F0864EAF517817862FEF414860CCB81C1A6D 2x, https://d20zyr0oabjxc2.cloudfront.net/variants/media/raw_images/cmarky/2024/10/20241006031521.255-20241005064403_IMG_0-198x198c.jpeg?signature=E20AB1E0C59DB8F816217A911B2C1A00E103B35319EEE003E99499E8E680587C 1x",/us/c/reptiles/lizards/crested-geckos/2631087,,"https://d20zyr0oabjxc2.cloudfront.net/variants/media/raw_images/cmarky/2024/10/20241006031521.255-20241005064403_IMG_0-396x396c.jpeg?signature=AE3618BC03F6048CB097A3AFC550F0864EAF517817862FEF414860CCB81C1A6D 2x, https://d20zyr0oabjxc2.cloudfront.net/variants/media/raw_images/cmarky/2024/10/20241006031521.255-20241005064403_IMG_0-198x198c.jpeg?signature=E20AB1E0C59DB8F816217A911B2C1A00E103B35319EEE003E99499E8E680587C 1x"
pinstripe Stripe Quad-stripe,pinstripe,"https://d20zyr0oabjxc2.cloudfront.net/variants/media/raw_images/cmarky/2024/10/20241006031104.331-20241005064821_IMG_0-396x396c.jpeg?signature=6A9117BEEF4BFE6AAA1129BD02147ACAFBB9B196BA77AEBF3E925D9BD996BFF6 2x, https://d20zyr0oabjxc2.cloudfront.net/variants/media/raw_images/cmarky/2024/10/20241006031104.331-20241005064821_IMG_0-198x198c.jpeg?signature=AB5B7819A98D935BA26EE6B06945733D6AD90842E8B742FF7E02AD9CCE71A792 1x",/us/c/reptiles/lizards/crested-geckos/2631083,,"https://d20zyr0oabjxc2.cloudfront.net/variants/media/raw_images/cmarky/2024/10/20241006031104.331-20241005064821_IMG_0-396x396c.jpeg?signature=6A9117BEEF4BFE6AAA1129BD02147ACAFBB9B196BA77AEBF3E925D9BD996BFF6 2x, https://d20zyr0oabjxc2.cloudfront.net/variants/media/raw_images/cmarky/2024/10/20241006031104.331-20241005064821_IMG_0-198x198c.jpeg?signature=AB5B7819A98D935BA26EE6B06945733D6AD90842E8B742FF7E02AD9CCE71A792 1x"
Kimino X Fantasy - Creamy Lavender pinstripe,pinstripe,"https://d20zyr0oabjxc2.cloudfront.net/variants/media/raw_images/echo_cheng/2024/09/20240913222820.735-IMG_7606-396x396c.jpeg?signature=7386BB8B422BAE812F948CB67656BC5A3E7B6283E74DFF25CF262259115E2F80 2x, https://d20zyr0oabjxc2.cloudfront.net/variants/media/raw_images/echo_cheng/2024/09/20240913222820.735-IMG_7606-198x198c.jpeg?signature=276AF0A2B4945B7EBC60C37A3247F5A297B18D2161968CD47D50CEC9C1C76712 1x",/us/c/reptiles/lizards/crested-geckos/1654286,,"https://d20zyr0oabjxc2.cloudfront.net/variants/media/raw_images/echo_cheng/2024/09/20240913222820.735-IMG_7606-396x396c.jpeg?signature=7386BB8B422BAE812F948CB67656BC5A3E7B6283E74DFF25CF262259115E2F80 2x, https://d20zyr0oabjxc2.cloudfront.net/variants/media/raw_images/echo_cheng/2024/09/20240913222820.735-IMG_7606-198x198c.jpeg?signature=276AF0A2B4945B7EBC60C37A3247F5A297B18D2161968CD47D50CEC9C1C76712 1x"
pinstripe Stripe White Wall,pinstripe,"https://d20zyr0oabjxc2.cloudfront.net/variants/media/raw_images/cmarky/2024/10/20241006030340.488-20241005064943_IMG_0-396x396c.jpeg?signature=401ECA0F8F51D413B6C8B4857D8390C2992FC96285938AE3D5328DA10F194FB2 2x, https://d20zyr0oabjxc2.cloudfront.net/variants/media/raw_images/cmarky/2024/10/20241006030340.488-20241005064943_IMG_0-198x198c.jpeg?signature=CA62B58FA3617AD2A0BE74CD63EFB593886B4D6B97FBC68C1F45B1BBD811000B 1x",/us/c/reptiles/lizards/crested-geckos/2631078,,"https://d20zyr0oabjxc2.cloudfront.net/variants/media/raw_images/cmarky/2024/10/20241006030340.488-20241005064943_IMG_0-396x396c.jpeg?signature=401ECA0F8F51D413B6C8B4857D8390C2992FC96285938AE3D5328DA10F194FB2 2x, https://d20zyr0oabjxc2.cloudfront.net/variants/media/raw_images/cmarky/2024/10/20241006030340.488-20241005064943_IMG_0-198x198c.jpeg?signature=CA62B58FA3617AD2A0BE74CD63EFB593886B4D6B97FBC68C1F45B1BBD811000B 1x"
pinstripe Stripe Whitehall,pinstripe,"https://d20zyr0oabjxc2.cloudfront.net/variants/media/raw_images/cmarky/2024/10/20241006025846.583-20241005065253_IMG_0-396x396c.jpeg?signature=70705235A79ED9F3A1BBE7A0B4A8721650DB4960934C2EE0B00AD7089E5E1E77 2x, https://d20zyr0oabjxc2.cloudfront.net/variants/media/raw_images/cmarky/2024/10/20241006025846.583-20241005065253_IMG_0-198x198c.jpeg?signature=2997D34535586FF7AD80AF333873F9E1844E2A168AFA8FA20CFB767D59564B51 1x",/us/c/reptiles/lizards/crested-geckos/2631074,,"https://d20zyr0oabjxc2.cloudfront.net/variants/media/raw_images/cmarky/2024/10/20241006025846.583-20241005065253_IMG_0-396x396c.jpeg?signature=70705235A79ED9F3A1BBE7A0B4A8721650DB4960934C2EE0B00AD7089E5E1E77 2x, https://d20zyr0oabjxc2.cloudfront.net/variants/media/raw_images/cmarky/2024/10/20241006025846.583-20241005065253_IMG_0-198x198c.jpeg?signature=2997D34535586FF7AD80AF333873F9E1844E2A168AFA8FA20CFB767D59564B51 1x"
Tangerine pinstripe Whiteout,pinstripe,"https://d20zyr0oabjxc2.cloudfront.net/variants/media/raw_images/geckonerd/2024/10/20241015022022.914-IMG_0293-396x396c.jpeg?signature=98E45C8E9202123BD7121B513E11CDB6A41C6CBFA214421FBE397A8E85F78DBB 2x, https://d20zyr0oabjxc2.cloudfront.net/variants/media/raw_images/geckonerd/2024/10/20241015022022.914-IMG_0293-198x198c.jpeg?signature=C4FA2BDD166057D4B58B0F220E2A37BB23821ED582204060EBBDCD432A1827E2 1x",/us/c/reptiles/lizards/crested-geckos/2650425,,"https://d20zyr0oabjxc2.cloudfront.net/variants/media/raw_images/geckonerd/2024/10/20241015022022.914-IMG_0293-396x396c.jpeg?signature=98E45C8E9202123BD7121B513E11CDB6A41C6CBFA214421FBE397A8E85F78DBB 2x, https://d20zyr0oabjxc2.cloudfront.net/variants/media/raw_images/geckonerd/2024/10/20241015022022.914-IMG_0293-198x198c.jpeg?signature=C4FA2BDD166057D4B58B0F220E2A37BB23821ED582204060EBBDCD432A1827E2 1x"
"HOLDBACK RELEASE ""Gremlin"" pinstripek Dashed pinstripe",pinstripek pinstripe,"https://d20zyr0oabjxc2.cloudfront.net/variants/media/raw_images/mermaidkalynn/2024/09/20240909014923.352-IMG_8463-396x396c.jpeg?signature=58A0F3F734359E603C464696D4DD2C8482D00C3E963E1A7E340416DE988231BF 2x, https://d20zyr0oabjxc2.cloudfront.net/variants/media/raw_images/mermaidkalynn/2024/09/20240909014923.352-IMG_8463-198x198c.jpeg?signature=AF57B1ADA89C12FD12AC865D93C26603258210244E1C000F8C26F609F97C14ED 1x",/us/c/reptiles/lizards/crested-geckos/2564861,,"https://d20zyr0oabjxc2.cloudfront.net/variants/media/raw_images/mermaidkalynn/2024/09/20240909014923.352-IMG_8463-396x396c.jpeg?signature=58A0F3F734359E603C464696D4DD2C8482D00C3E963E1A7E340416DE988231BF 2x, https://d20zyr0oabjxc2.cloudfront.net/variants/media/raw_images/mermaidkalynn/2024/09/20240909014923.352-IMG_8463-198x198c.jpeg?signature=AF57B1ADA89C12FD12AC865D93C26603258210244E1C000F8C26F609F97C14ED 1x"
"Indus, Full pinstripe Dark Based Quadstripe Juvenile Male Crested Gecko",pinstripe Dark,"https://d20zyr0oabjxc2.cloudfront.net/variants/media/raw_images/smugbug/2024/09/20240903225502.418-Hueright-396x396c.jpeg?signature=9CCA89A5DF21A8C477D4273949690B633E87DE6B7CA5BACC87C66CF8545B5F02 2x, https://d20zyr0oabjxc2.cloudfront.net/variants/media/raw_images/smugbug/2024/09/20240903225502.418-Hueright-198x198c.jpeg?signature=2B359D954647EBF389C3B36E18C47232548721C9E4BBA7703C0186513C157371 1x",/us/c/reptiles/lizards/crested-geckos/2644398,,"https://d20zyr0oabjxc2.cloudfront.net/variants/media/raw_images/smugbug/2024/09/20240903225502.418-Hueright-396x396c.jpeg?signature=9CCA89A5DF21A8C477D4273949690B633E87DE6B7CA5BACC87C66CF8545B5F02 2x, https://d20zyr0oabjxc2.cloudfront.net/variants/media/raw_images/smugbug/2024/09/20240903225502.418-Hueright-198x198c.jpeg?signature=2B359D954647EBF389C3B36E18C47232548721C9E4BBA7703C0186513C157371 1x"
"""Sparkler"" pinstripe With Dalmatian Spots",pinstripe Dalmatian,"https://d20zyr0oabjxc2.cloudfront.net/variants/media/raw_images/mermaidkalynn/2024/09/20240909013140.877-IMG_8727-396x396c.jpeg?signature=BE6B9A9445A4C261957E01A44FB4DCCA8D6A9CF8032184DD1A76611CDFA56CCB 2x, https://d20zyr0oabjxc2.cloudfront.net/variants/media/raw_images/mermaidkalynn/2024/09/20240909013140.877-IMG_8727-198x198c.jpeg?signature=3A4E9C45DCA9F44204743F27086856B2F5F411E9F43E5B205F8B2A644A26A098 1x",/us/c/reptiles/lizards/crested-geckos/2564800,,"https://d20zyr0oabjxc2.cloudfront.net/variants/media/raw_images/mermaidkalynn/2024/09/20240909013140.877-IMG_8727-396x396c.jpeg?signature=BE6B9A9445A4C261957E01A44FB4DCCA8D6A9CF8032184DD1A76611CDFA56CCB 2x, https://d20zyr0oabjxc2.cloudfront.net/variants/media/raw_images/mermaidkalynn/2024/09/20240909013140.877-IMG_8727-198x198c.jpeg?signature=3A4E9C45DCA9F44204743F27086856B2F5F411E9F43E5B205F8B2A644A26A098 1x"
BOGO 50% OFF 24g Tangerine pinstripe Male,pinstripe,"https://d20zyr0oabjxc2.cloudfront.net/variants/media/raw_images/mistysgeckos/2024/08/20240822011231.449-1000002373-396x396c.jpeg?signature=A53492EF18DF57D2A2C40EA38F3D7A6C0DC8C2F3324C492C2DA906193B4817FB 2x, https://d20zyr0oabjxc2.cloudfront.net/variants/media/raw_images/mistysgeckos/2024/08/20240822011231.449-1000002373-198x198c.jpeg?signature=2752C11CD69105EAE792AA4707F7B673E177CC42A7891FF11BA1877C47267686 1x",/us/c/reptiles/lizards/crested-geckos/2516039,,"https://d20zyr0oabjxc2.cloudfront.net/variants/media/raw_images/mistysgeckos/2024/08/20240822011231.449-1000002373-396x396c.jpeg?signature=A53492EF18DF57D2A2C40EA38F3D7A6C0DC8C2F3324C492C2DA906193B4817FB 2x, https://d20zyr0oabjxc2.cloudfront.net/variants/media/raw_images/mistysgeckos/2024/08/20240822011231.449-1000002373-198x198c.jpeg?signature=2752C11CD69105EAE792AA4707F7B673E177CC42A7891FF11BA1877C47267686 1x"
"Donna Noble, Yellow Partial pinstripe Dalmatian Unsexed Crested Gecko",Yellow pinstripe Dalmatian,"https://d20zyr0oabjxc2.cloudfront.net/variants/media/raw_images/smugbug/2024/10/20241011230012.877-DonnaNobleright-396x396c.jpeg?signature=F565D66D6727CB2EEEF5805F5C61C8F3EA309D14A37AA231F43CF249F257E8A6 2x, https://d20zyr0oabjxc2.cloudfront.net/variants/media/raw_images/smugbug/2024/10/20241011230012.877-DonnaNobleright-198x198c.jpeg?signature=9739EAF5CE07E0ACA3F386984102DAF3D49AEDA5BFB925BBAB866A2B3578DA4A 1x",/us/c/reptiles/lizards/crested-geckos/2327619,,"https://d20zyr0oabjxc2.cloudfront.net/variants/media/raw_images/smugbug/2024/10/20241011230012.877-DonnaNobleright-396x396c.jpeg?signature=F565D66D6727CB2EEEF5805F5C61C8F3EA309D14A37AA231F43CF249F257E8A6 2x, https://d20zyr0oabjxc2.cloudfront.net/variants/media/raw_images/smugbug/2024/10/20241011230012.877-DonnaNobleright-198x198c.jpeg?signature=9739EAF5CE07E0ACA3F386984102DAF3D49AEDA5BFB925BBAB866A2B3578DA4A 1x"
C2/Citrus Strawberry Phantom pinstripe,pinstripe,"https://d20zyr0oabjxc2.cloudfront.net/variants/media/raw_images/mikesexotics/2024/06/20240610225333.878-CrestedGecko22-2-396x396c.jpeg?signature=0EC0FF8755708764C0B8C9BE72D569546C7A9F4F467FBFCF5AE96CEB4C4529B2 2x, https://d20zyr0oabjxc2.cloudfront.net/variants/media/raw_images/mikesexotics/2024/06/20240610225333.878-CrestedGecko22-2-198x198c.jpeg?signature=19C0EDFCA8F3568E5ABC39A2F0BA1383FD827FD91869FFFCD4913E37987EC5A3 1x",/us/c/reptiles/lizards/crested-geckos/2370328,,"https://d20zyr0oabjxc2.cloudfront.net/variants/media/raw_images/mikesexotics/2024/06/20240610225333.878-CrestedGecko22-2-396x396c.jpeg?signature=0EC0FF8755708764C0B8C9BE72D569546C7A9F4F467FBFCF5AE96CEB4C4529B2 2x, https://d20zyr0oabjxc2.cloudfront.net/variants/media/raw_images/mikesexotics/2024/06/20240610225333.878-CrestedGecko22-2-198x198c.jpeg?signature=19C0EDFCA8F3568E5ABC39A2F0BA1383FD827FD91869FFFCD4913E37987EC5A3 1x"
Red Super Soft Scale pinstripe,Red pinstripe,"https://d20zyr0oabjxc2.cloudfront.net/variants/media/raw_images/mikesexotics/2024/06/20240610225230.776-CrestedGecko21-4-396x396c.jpeg?signature=DCEFF70A88286548B471BA92FD2E47751219F5F7715C629ED5314DBAAE52965E 2x, https://d20zyr0oabjxc2.cloudfront.net/variants/media/raw_images/mikesexotics/2024/06/20240610225230.776-CrestedGecko21-4-198x198c.jpeg?signature=2863C7F43D528B24375B39A84B79FDC7FA701F94A1A4EC85D5FD40CE11F23C77 1x",/us/c/reptiles/lizards/crested-geckos/2370326,,"https://d20zyr0oabjxc2.cloudfront.net/variants/media/raw_images/mikesexotics/2024/06/20240610225230.776-CrestedGecko21-4-396x396c.jpeg?signature=DCEFF70A88286548B471BA92FD2E47751219F5F7715C629ED5314DBAAE52965E 2x, https://d20zyr0oabjxc2.cloudfront.net/variants/media/raw_images/mikesexotics/2024/06/20240610225230.776-CrestedGecko21-4-198x198c.jpeg?signature=2863C7F43D528B24375B39A84B79FDC7FA701F94A1A4EC85D5FD40CE11F23C77 1x"
Partial pinstripe 2023,pinstripe,"https://d20zyr0oabjxc2.cloudfront.net/variants/media/raw_images/jayceep/2024/04/20240423222340.679-IMG_0504-396x396c.jpeg?signature=0360AC07C639E8AF3BCB2CCDE3C802823FD114FA4781C4EF37BA80398A8EED3D 2x, https://d20zyr0oabjxc2.cloudfront.net/variants/media/raw_images/jayceep/2024/04/20240423222340.679-IMG_0504-198x198c.jpeg?signature=6D419C9CC4FA4FDA425C2CA2D9F025C9DF95CEE8796BA2CE33E7286F8022E2C2 1x",/us/c/reptiles/lizards/crested-geckos/2290379,,"https://d20zyr0oabjxc2.cloudfront.net/variants/media/raw_images/jayceep/2024/04/20240423222340.679-IMG_0504-396x396c.jpeg?signature=0360AC07C639E8AF3BCB2CCDE3C802823FD114FA4781C4EF37BA80398A8EED3D 2x, https://d20zyr0oabjxc2.cloudfront.net/variants/media/raw_images/jayceep/2024/04/20240423222340.679-IMG_0504-198x198c.jpeg?signature=6D419C9CC4FA4FDA425C2CA2D9F025C9DF95CEE8796BA2CE33E7286F8022E2C2 1x"
Lavender pinstripe,pinstripe,"https://d20zyr0oabjxc2.cloudfront.net/variants/media/raw_images/beantownarboreals/2024/11/20241101214341.281-IMG_4630-396x396c.jpeg?signature=88E3B9C0FED7EA3EB8ABF0DF68F27B9896B3EA7D34095A3C256303A305D86ABB 2x, https://d20zyr0oabjxc2.cloudfront.net/variants/media/raw_images/beantownarboreals/2024/11/20241101214341.281-IMG_4630-198x198c.jpeg?signature=0259883A07F14F2C1C0FCEAD25441B55852799A73859DA1EBCC66FCE03357849 1x",/us/c/reptiles/lizards/crested-geckos/2695387,,"https://d20zyr0oabjxc2.cloudfront.net/variants/media/raw_images/beantownarboreals/2024/11/20241101214341.281-IMG_4630-396x396c.jpeg?signature=88E3B9C0FED7EA3EB8ABF0DF68F27B9896B3EA7D34095A3C256303A305D86ABB 2x, https://d20zyr0oabjxc2.cloudfront.net/variants/media/raw_images/beantownarboreals/2024/11/20241101214341.281-IMG_4630-198x198c.jpeg?signature=0259883A07F14F2C1C0FCEAD25441B55852799A73859DA1EBCC66FCE03357849 1x"
50% OFF SALE! pinstripe Male,pinstripe,"https://d20zyr0oabjxc2.cloudfront.net/variants/media/raw_images/evolverreptiles/2024/10/20241025012323.893-DSC_0778-396x396c.jpeg?signature=8B733CC742D0229272AFD29CBD901E3A654F0EC4A92E000EBAC7827C93B6350F 2x, https://d20zyr0oabjxc2.cloudfront.net/variants/media/raw_images/evolverreptiles/2024/10/20241025012323.893-DSC_0778-198x198c.jpeg?signature=FCA1526C7817A743AADB67C0BBE7FD2789111F139CAD4747A62A9821FC32F9A6 1x",/us/c/reptiles/lizards/crested-geckos/2005187,,"https://d20zyr0oabjxc2.cloudfront.net/variants/media/raw_images/evolverreptiles/2024/10/20241025012323.893-DSC_0778-396x396c.jpeg?signature=8B733CC742D0229272AFD29CBD901E3A654F0EC4A92E000EBAC7827C93B6350F 2x, https://d20zyr0oabjxc2.cloudfront.net/variants/media/raw_images/evolverreptiles/2024/10/20241025012323.893-DSC_0778-198x198c.jpeg?signature=FCA1526C7817A743AADB67C0BBE7FD2789111F139CAD4747A62A9821FC32F9A6 1x"
50% OFF SALE! Quadstripe pinstripe Het Emptyback Male,pinstripe,"https://d20zyr0oabjxc2.cloudfront.net/variants/media/raw_images/evolverreptiles/2024/10/20241023234155.697-DSC_0540-396x396c.jpeg?signature=8620CD422D7347C5F49629E938419C777EEC3042F1C33DCF372A2FCD3AAF5296 2x, https://d20zyr0oabjxc2.cloudfront.net/variants/media/raw_images/evolverreptiles/2024/10/20241023234155.697-DSC_0540-198x198c.jpeg?signature=9B1FBECD496AB54E84F8746681A2B2D9E994BEC7046D2F77C8D8F7DBAD109F1D 1x",/us/c/reptiles/lizards/crested-geckos/1683912,,"https://d20zyr0oabjxc2.cloudfront.net/variants/media/raw_images/evolverreptiles/2024/10/20241023234155.697-DSC_0540-396x396c.jpeg?signature=8620CD422D7347C5F49629E938419C777EEC3042F1C33DCF372A2FCD3AAF5296 2x, https://d20zyr0oabjxc2.cloudfront.net/variants/media/raw_images/evolverreptiles/2024/10/20241023234155.697-DSC_0540-198x198c.jpeg?signature=9B1FBECD496AB54E84F8746681A2B2D9E994BEC7046D2F77C8D8F7DBAD109F1D 1x"
Orange Partial pinstripe Dalmatian,pinstripe Dalmatian,"https://d20zyr0oabjxc2.cloudfront.net/variants/media/raw_images/jayceep/2024/04/20240423211743.456-IMG_0495-396x396c.jpeg?signature=9B493068F8D48EA44E5DF6B8E7D441383D9B78AA73E5D5A954D31EBC39F191FE 2x, https://d20zyr0oabjxc2.cloudfront.net/variants/media/raw_images/jayceep/2024/04/20240423211743.456-IMG_0495-198x198c.jpeg?signature=C894E5C0F067C20EAD98F1478C688EEE76C7DF273DE5A6CDFA855F7EDEF7152E 1x",/us/c/reptiles/lizards/crested-geckos/2290239,,"https://d20zyr0oabjxc2.cloudfront.net/variants/media/raw_images/jayceep/2024/04/20240423211743.456-IMG_0495-396x396c.jpeg?signature=9B493068F8D48EA44E5DF6B8E7D441383D9B78AA73E5D5A954D31EBC39F191FE 2x, https://d20zyr0oabjxc2.cloudfront.net/variants/media/raw_images/jayceep/2024/04/20240423211743.456-IMG_0495-198x198c.jpeg?signature=C894E5C0F067C20EAD98F1478C688EEE76C7DF273DE5A6CDFA855F7EDEF7152E 1x"
Partial pinstripe Dalmatian 2023,pinstripe Dalmatian,"https://d20zyr0oabjxc2.cloudfront.net/variants/media/raw_images/jayceep/2024/04/20240423210919.573-IMG_0494-396x396c.jpeg?signature=0808287F053A6E9FBDCBEBF56BDF0B5A9FA5C4DE22F61A16A1558ED6E71B0B3A 2x, https://d20zyr0oabjxc2.cloudfront.net/variants/media/raw_images/jayceep/2024/04/20240423210919.573-IMG_0494-198x198c.jpeg?signature=592E9AEBAFFEB846B7D134D202F6681744430E434FA97EE3B2A0ADD4372F0E46 1x",/us/c/reptiles/lizards/crested-geckos/2290219,,"https://d20zyr0oabjxc2.cloudfront.net/variants/media/raw_images/jayceep/2024/04/20240423210919.573-IMG_0494-396x396c.jpeg?signature=0808287F053A6E9FBDCBEBF56BDF0B5A9FA5C4DE22F61A16A1558ED6E71B0B3A 2x, https://d20zyr0oabjxc2.cloudfront.net/variants/media/raw_images/jayceep/2024/04/20240423210919.573-IMG_0494-198x198c.jpeg?signature=592E9AEBAFFEB846B7D134D202F6681744430E434FA97EE3B2A0ADD4372F0E46 1x"
Partial pinstripe Quadstripe 2023,pinstripe,"https://d20zyr0oabjxc2.cloudfront.net/variants/media/raw_images/jayceep/2024/04/20240423205835.413-IMG_0492-396x396c.jpeg?signature=C03F6D7DE2228C018C4F7BA0FED5E68278F83BB47D2A10A3BE5E7B18ABA3B284 2x, https://d20zyr0oabjxc2.cloudfront.net/variants/media/raw_images/jayceep/2024/04/20240423205835.413-IMG_0492-198x198c.jpeg?signature=48E34B01673DCFACDDF9B36341ECEA52C2C3DE965B5D35C6444FCA0D7B1021C7 1x",/us/c/reptiles/lizards/crested-geckos/2290200,,"https://d20zyr0oabjxc2.cloudfront.net/variants/media/raw_images/jayceep/2024/04/20240423205835.413-IMG_0492-396x396c.jpeg?signature=C03F6D7DE2228C018C4F7BA0FED5E68278F83BB47D2A10A3BE5E7B18ABA3B284 2x, https://d20zyr0oabjxc2.cloudfront.net/variants/media/raw_images/jayceep/2024/04/20240423205835.413-IMG_0492-198x198c.jpeg?signature=48E34B01673DCFACDDF9B36341ECEA52C2C3DE965B5D35C6444FCA0D7B1021C7 1x"
50% OFF SALE! Whitewall pinstripe Male,pinstripe,"https://d20zyr0oabjxc2.cloudfront.net/variants/media/raw_images/evolverreptiles/2024/10/20241025020431.22-DSC_0814-396x396c.jpeg?signature=7CCCEAB82DA41B4A0988DFF06E1AA8079810502EC304183B77838CB2C456F67E 2x, https://d20zyr0oabjxc2.cloudfront.net/variants/media/raw_images/evolverreptiles/2024/10/20241025020431.22-DSC_0814-198x198c.jpeg?signature=04DA34CC102D7D6BC46A4959C70E5DDBDDE870B5ABD932F68F3A2DBD7B01972B 1x",/us/c/reptiles/lizards/crested-geckos/2015595,,"https://d20zyr0oabjxc2.cloudfront.net/variants/media/raw_images/evolverreptiles/2024/10/20241025020431.22-DSC_0814-396x396c.jpeg?signature=7CCCEAB82DA41B4A0988DFF06E1AA8079810502EC304183B77838CB2C456F67E 2x, https://d20zyr0oabjxc2.cloudfront.net/variants/media/raw_images/evolverreptiles/2024/10/20241025020431.22-DSC_0814-198x198c.jpeg?signature=04DA34CC102D7D6BC46A4959C70E5DDBDDE870B5ABD932F68F3A2DBD7B01972B 1x"
50% OFF SALE! Dark pinstripe Het Emptyback Male,Dark pinstripe,"https://d20zyr0oabjxc2.cloudfront.net/variants/media/raw_images/evolverreptiles/2024/10/20241025011234.789-DSC_0770-396x396c.jpeg?signature=C2651790E063E9CAA5310764D080830C2B998C0D0311BC827B075441C03289E9 2x, https://d20zyr0oabjxc2.cloudfront.net/variants/media/raw_images/evolverreptiles/2024/10/20241025011234.789-DSC_0770-198x198c.jpeg?signature=F1F124F93FDA903B97A247ADABC860D29EFAFFF714FB7C755460A819BAD2370D 1x",/us/c/reptiles/lizards/crested-geckos/2021309,,"https://d20zyr0oabjxc2.cloudfront.net/variants/media/raw_images/evolverreptiles/2024/10/20241025011234.789-DSC_0770-396x396c.jpeg?signature=C2651790E063E9CAA5310764D080830C2B998C0D0311BC827B075441C03289E9 2x, https://d20zyr0oabjxc2.cloudfront.net/variants/media/raw_images/evolverreptiles/2024/10/20241025011234.789-DSC_0770-198x198c.jpeg?signature=F1F124F93FDA903B97A247ADABC860D29EFAFFF714FB7C755460A819BAD2370D 1x"
50% OFF SALE! Partial pinstripe Female,pinstripe,"https://d20zyr0oabjxc2.cloudfront.net/variants/media/raw_images/evolverreptiles/2024/10/20241024015625.263-DSC_0642-396x396c.jpeg?signature=00C8DA5FB03F9C2DE737E6E941E67B803E4D040852818B3ECE9BCA76B323E343 2x, https://d20zyr0oabjxc2.cloudfront.net/variants/media/raw_images/evolverreptiles/2024/10/20241024015625.263-DSC_0642-198x198c.jpeg?signature=169027285F5F1C9CE92035465F86E03F53EC98C56B8900FFD3141490C1B37A9F 1x",/us/c/reptiles/lizards/crested-geckos/2673202,,"https://d20zyr0oabjxc2.cloudfront.net/variants/media/raw_images/evolverreptiles/2024/10/20241024015625.263-DSC_0642-396x396c.jpeg?signature=00C8DA5FB03F9C2DE737E6E941E67B803E4D040852818B3ECE9BCA76B323E343 2x, https://d20zyr0oabjxc2.cloudfront.net/variants/media/raw_images/evolverreptiles/2024/10/20241024015625.263-DSC_0642-198x198c.jpeg?signature=169027285F5F1C9CE92035465F86E03F53EC98C56B8900FFD3141490C1B37A9F 1x"
Phyto X Ceviche - Drippy Lavender pinstripe,pinstripe,"https://d20zyr0oabjxc2.cloudfront.net/variants/media/raw_images/echo_cheng/2024/08/20240829155500.327-IMG_3535-396x396c.jpeg?signature=FBAD2EDA2F8508CBEFE72F507DFD9B12BBFFFF2E7A3A8E0B529E6A84B363493B 2x, https://d20zyr0oabjxc2.cloudfront.net/variants/media/raw_images/echo_cheng/2024/08/20240829155500.327-IMG_3535-198x198c.jpeg?signature=C2C749DBD2B9A5871513B2859F297996175DC5648E8948EF829D0FC515A8D161 1x",/us/c/reptiles/lizards/crested-geckos/2515160,,"https://d20zyr0oabjxc2.cloudfront.net/variants/media/raw_images/echo_cheng/2024/08/20240829155500.327-IMG_3535-396x396c.jpeg?signature=FBAD2EDA2F8508CBEFE72F507DFD9B12BBFFFF2E7A3A8E0B529E6A84B363493B 2x, https://d20zyr0oabjxc2.cloudfront.net/variants/media/raw_images/echo_cheng/2024/08/20240829155500.327-IMG_3535-198x198c.jpeg?signature=C2C749DBD2B9A5871513B2859F297996175DC5648E8948EF829D0FC515A8D161 1x"
Pelican X Danube - Drippy pinstripe,pinstripe,"https://d20zyr0oabjxc2.cloudfront.net/variants/media/raw_images/echo_cheng/2024/09/20240905023103.536-IMG_7600-396x396c.jpeg?signature=0F64E3C1533673D845A578208BA8FBF74CA7E93619739A29120457AAF48AB6BE 2x, https://d20zyr0oabjxc2.cloudfront.net/variants/media/raw_images/echo_cheng/2024/09/20240905023103.536-IMG_7600-198x198c.jpeg?signature=A2691E3850DC1E2BD9A187CD33A441E0BDBAB7DF8C902BE22F813A870D3F34ED 1x",/us/c/reptiles/lizards/crested-geckos/2515139,,"https://d20zyr0oabjxc2.cloudfront.net/variants/media/raw_images/echo_cheng/2024/09/20240905023103.536-IMG_7600-396x396c.jpeg?signature=0F64E3C1533673D845A578208BA8FBF74CA7E93619739A29120457AAF48AB6BE 2x, https://d20zyr0oabjxc2.cloudfront.net/variants/media/raw_images/echo_cheng/2024/09/20240905023103.536-IMG_7600-198x198c.jpeg?signature=A2691E3850DC1E2BD9A187CD33A441E0BDBAB7DF8C902BE22F813A870D3F34ED 1x"
Paper White Lavender pinstripe,pinstripe,"https://d20zyr0oabjxc2.cloudfront.net/variants/media/raw_images/echo_cheng/2024/09/20240905023005.555-IMG_7568-396x396c.jpeg?signature=51697F2FD330BFDB67EDE984F15674307D2D0A0C807593A9F07A210A7BEC2BD5 2x, https://d20zyr0oabjxc2.cloudfront.net/variants/media/raw_images/echo_cheng/2024/09/20240905023005.555-IMG_7568-198x198c.jpeg?signature=EF71E770DB0832E53A494719E7945DC1A2DDF614DFD43502E50B0B78B934BC91 1x",/us/c/reptiles/lizards/crested-geckos/2515134,,"https://d20zyr0oabjxc2.cloudfront.net/variants/media/raw_images/echo_cheng/2024/09/20240905023005.555-IMG_7568-396x396c.jpeg?signature=51697F2FD330BFDB67EDE984F15674307D2D0A0C807593A9F07A210A7BEC2BD5 2x, https://d20zyr0oabjxc2.cloudfront.net/variants/media/raw_images/echo_cheng/2024/09/20240905023005.555-IMG_7568-198x198c.jpeg?signature=EF71E770DB0832E53A494719E7945DC1A2DDF614DFD43502E50B0B78B934BC91 1x"
pinstripe Lilly White Crested Gecko,pinstripe,"https://d20zyr0oabjxc2.cloudfront.net/variants/media/raw_images/olympianexotics/2024/07/20240716154415.365-1000017734-396x396c.jpeg?signature=942840DFEF242A35CBB68280BA663E8624DCA54611A0D267C673C3B16503E890 2x, https://d20zyr0oabjxc2.cloudfront.net/variants/media/raw_images/olympianexotics/2024/07/20240716154415.365-1000017734-198x198c.jpeg?signature=63D70F0D7160B26844C96A124E4709AF2853618C31E361154C652B3641B5A08F 1x",/us/c/reptiles/lizards/crested-geckos/2435101,,"https://d20zyr0oabjxc2.cloudfront.net/variants/media/raw_images/olympianexotics/2024/07/20240716154415.365-1000017734-396x396c.jpeg?signature=942840DFEF242A35CBB68280BA663E8624DCA54611A0D267C673C3B16503E890 2x, https://d20zyr0oabjxc2.cloudfront.net/variants/media/raw_images/olympianexotics/2024/07/20240716154415.365-1000017734-198x198c.jpeg?signature=63D70F0D7160B26844C96A124E4709AF2853618C31E361154C652B3641B5A08F 1x"
Proven White Wall pinstripe,pinstripe,"https://d20zyr0oabjxc2.cloudfront.net/variants/media/raw_images/dbcb-exotics/2024/07/20240723033302.792-whitewall1-396x396c.jpeg?signature=05018997FCB9DFA52618690C007052EF81A22326C0F5DCDDD6099DE2086855CE 2x, https://d20zyr0oabjxc2.cloudfront.net/variants/media/raw_images/dbcb-exotics/2024/07/20240723033302.792-whitewall1-198x198c.jpeg?signature=E5A1E1782380A79725075CFA8E116314E4C753EEF1D53D44EDCB6B84E8C857D5 1x",/us/c/reptiles/lizards/crested-geckos/2279788,,"https://d20zyr0oabjxc2.cloudfront.net/variants/media/raw_images/dbcb-exotics/2024/07/20240723033302.792-whitewall1-396x396c.jpeg?signature=05018997FCB9DFA52618690C007052EF81A22326C0F5DCDDD6099DE2086855CE 2x, https://d20zyr0oabjxc2.cloudfront.net/variants/media/raw_images/dbcb-exotics/2024/07/20240723033302.792-whitewall1-198x198c.jpeg?signature=E5A1E1782380A79725075CFA8E116314E4C753EEF1D53D44EDCB6B84E8C857D5 1x"
Female Yellow pinstripe,Yellow pinstripe,"https://d20zyr0oabjxc2.cloudfront.net/variants/media/raw_images/finnabhar/2024/08/20240804180636.643-1000012616-396x396c.jpeg?signature=6ED923BF8D8B9D39AAE7C2AF810B1D2A4906B7559045186FE89D1AAFBD360906 2x, https://d20zyr0oabjxc2.cloudfront.net/variants/media/raw_images/finnabhar/2024/08/20240804180636.643-1000012616-198x198c.jpeg?signature=EFFF877F623D9770AF3101F9157223B6C19A5586BAC4BBD90D5C2DA34EA045E4 1x",/us/c/reptiles/lizards/crested-geckos/2153624,,"https://d20zyr0oabjxc2.cloudfront.net/variants/media/raw_images/finnabhar/2024/08/20240804180636.643-1000012616-396x396c.jpeg?signature=6ED923BF8D8B9D39AAE7C2AF810B1D2A4906B7559045186FE89D1AAFBD360906 2x, https://d20zyr0oabjxc2.cloudfront.net/variants/media/raw_images/finnabhar/2024/08/20240804180636.643-1000012616-198x198c.jpeg?signature=EFFF877F623D9770AF3101F9157223B6C19A5586BAC4BBD90D5C2DA34EA045E4 1x"
Partial pinstripe With Portholes,pinstripe,"https://d20zyr0oabjxc2.cloudfront.net/variants/media/raw_images/tlaexotics/2023/12/20231201170151.475-19FC6698-EB0E-46F2-8-396x396c.jpeg?signature=5CD3E73D2DA56B87C8608149821AB3F4F3BD3490D19721C3F7B236AC65815835 2x, https://d20zyr0oabjxc2.cloudfront.net/variants/media/raw_images/tlaexotics/2023/12/20231201170151.475-19FC6698-EB0E-46F2-8-198x198c.jpeg?signature=E19CD23867C97B3FE4FE16EB826662A9FD2755806BACCA3754314D73D68A70A8 1x",/us/c/reptiles/lizards/crested-geckos/2042209,,"https://d20zyr0oabjxc2.cloudfront.net/variants/media/raw_images/tlaexotics/2023/12/20231201170151.475-19FC6698-EB0E-46F2-8-396x396c.jpeg?signature=5CD3E73D2DA56B87C8608149821AB3F4F3BD3490D19721C3F7B236AC65815835 2x, https://d20zyr0oabjxc2.cloudfront.net/variants/media/raw_images/tlaexotics/2023/12/20231201170151.475-19FC6698-EB0E-46F2-8-198x198c.jpeg?signature=E19CD23867C97B3FE4FE16EB826662A9FD2755806BACCA3754314D73D68A70A8 1x"
50% OFF SALE! Pos Het Axanthic Reverse pinstripe Male,pinstripe,"https://d20zyr0oabjxc2.cloudfront.net/variants/media/raw_images/evolverreptiles/2024/10/20241025235025.258-DSC_0887-396x396c.jpeg?signature=E2DFBB86AC3984A4A80CE3E68B6BFA4B28B02CE15FA3B37E5EA69F2A21CA1A25 2x, https://d20zyr0oabjxc2.cloudfront.net/variants/media/raw_images/evolverreptiles/2024/10/20241025235025.258-DSC_0887-198x198c.jpeg?signature=8DB37DCB80B357EB7C432E072AB079A58D7AEE8AD56370A86BA8EA4CA1C0FA2D 1x",/us/c/reptiles/lizards/crested-geckos/2469359,,"https://d20zyr0oabjxc2.cloudfront.net/variants/media/raw_images/evolverreptiles/2024/10/20241025235025.258-DSC_0887-396x396c.jpeg?signature=E2DFBB86AC3984A4A80CE3E68B6BFA4B28B02CE15FA3B37E5EA69F2A21CA1A25 2x, https://d20zyr0oabjxc2.cloudfront.net/variants/media/raw_images/evolverreptiles/2024/10/20241025235025.258-DSC_0887-198x198c.jpeg?signature=8DB37DCB80B357EB7C432E072AB079A58D7AEE8AD56370A86BA8EA4CA1C0FA2D 1x"
50% OFF SALE! Pos Het Axanthic Reverse pinstripe Probable Female,pinstripe,"https://d20zyr0oabjxc2.cloudfront.net/variants/media/raw_images/evolverreptiles/2024/10/20241025230716.991-DSC_0879-396x396c.jpeg?signature=4D1DD5663E424202CF6B69ED77AEF36A813C5A22F752B42620B796770B34B8BA 2x, https://d20zyr0oabjxc2.cloudfront.net/variants/media/raw_images/evolverreptiles/2024/10/20241025230716.991-DSC_0879-198x198c.jpeg?signature=0BBD9425CD0E7491466EC1922E35DCEE813AB1C9A1B5842BBD470171CF37D49D 1x",/us/c/reptiles/lizards/crested-geckos/2469419,,"https://d20zyr0oabjxc2.cloudfront.net/variants/media/raw_images/evolverreptiles/2024/10/20241025230716.991-DSC_0879-396x396c.jpeg?signature=4D1DD5663E424202CF6B69ED77AEF36A813C5A22F752B42620B796770B34B8BA 2x, https://d20zyr0oabjxc2.cloudfront.net/variants/media/raw_images/evolverreptiles/2024/10/20241025230716.991-DSC_0879-198x198c.jpeg?signature=0BBD9425CD0E7491466EC1922E35DCEE813AB1C9A1B5842BBD470171CF37D49D 1x"
50% OFF SALE! pinstripe Male,pinstripe,"https://d20zyr0oabjxc2.cloudfront.net/variants/media/raw_images/evolverreptiles/2024/10/20241025194437.296-DSC_0862-396x396c.jpeg?signature=3A626F2F535BEDBE76E736E9DE634CDC41EBFD122013E9CB9F7F59A906ADDA57 2x, https://d20zyr0oabjxc2.cloudfront.net/variants/media/raw_images/evolverreptiles/2024/10/20241025194437.296-DSC_0862-198x198c.jpeg?signature=FEDD62D85EC245A7791C90BA0850297570C0123B8DCF669DD2848092BB508796 1x",/us/c/reptiles/lizards/crested-geckos/1900602,,"https://d20zyr0oabjxc2.cloudfront.net/variants/media/raw_images/evolverreptiles/2024/10/20241025194437.296-DSC_0862-396x396c.jpeg?signature=3A626F2F535BEDBE76E736E9DE634CDC41EBFD122013E9CB9F7F59A906ADDA57 2x, https://d20zyr0oabjxc2.cloudfront.net/variants/media/raw_images/evolverreptiles/2024/10/20241025194437.296-DSC_0862-198x198c.jpeg?signature=FEDD62D85EC245A7791C90BA0850297570C0123B8DCF669DD2848092BB508796 1x"
Halloween pinstripe Crested Gecko #29,pinstripe,"https://d20zyr0oabjxc2.cloudfront.net/variants/media/raw_images/olympianexotics/2024/08/20240821090000.396-1000021937-396x396c.jpeg?signature=A21B7015A031EDCDD609087717804A4F46B58F36074E2D17E0DE0B11945A9D20 2x, https://d20zyr0oabjxc2.cloudfront.net/variants/media/raw_images/olympianexotics/2024/08/20240821090000.396-1000021937-198x198c.jpeg?signature=86D49C2672E956554A26C648347E09E7C76B6D30927323B8AFF1BA1C8F503119 1x",/us/c/reptiles/lizards/crested-geckos/2514028,,"https://d20zyr0oabjxc2.cloudfront.net/variants/media/raw_images/olympianexotics/2024/08/20240821090000.396-1000021937-396x396c.jpeg?signature=A21B7015A031EDCDD609087717804A4F46B58F36074E2D17E0DE0B11945A9D20 2x, https://d20zyr0oabjxc2.cloudfront.net/variants/media/raw_images/olympianexotics/2024/08/20240821090000.396-1000021937-198x198c.jpeg?signature=86D49C2672E956554A26C648347E09E7C76B6D30927323B8AFF1BA1C8F503119 1x"
High White pinstripe Dalmatian Crested Gecko #364,pinstripe Dalmatian,"https://d20zyr0oabjxc2.cloudfront.net/variants/media/raw_images/olympianexotics/2024/08/20240821072625.727-1000021912-396x396c.jpeg?signature=0F638FE8EBF415D011A1F45564B50B99E92ED5E7F97D1E25D17C449D264260D9 2x, https://d20zyr0oabjxc2.cloudfront.net/variants/media/raw_images/olympianexotics/2024/08/20240821072625.727-1000021912-198x198c.jpeg?signature=62BFD2D5A0A32DDFBB4E9BEE84AEC91E8670FFE06A324FC40E7E5AC30CB5CCA8 1x",/us/c/reptiles/lizards/crested-geckos/2514003,,"https://d20zyr0oabjxc2.cloudfront.net/variants/media/raw_images/olympianexotics/2024/08/20240821072625.727-1000021912-396x396c.jpeg?signature=0F638FE8EBF415D011A1F45564B50B99E92ED5E7F97D1E25D17C449D264260D9 2x, https://d20zyr0oabjxc2.cloudfront.net/variants/media/raw_images/olympianexotics/2024/08/20240821072625.727-1000021912-198x198c.jpeg?signature=62BFD2D5A0A32DDFBB4E9BEE84AEC91E8670FFE06A324FC40E7E5AC30CB5CCA8 1x"
Partial pinstripe,pinstripe,"https://d20zyr0oabjxc2.cloudfront.net/variants/media/raw_images/tlaexotics/2023/12/20231201035534.346-Addaheading-396x396c.jpeg?signature=67DAE1E2770781643B495590E7A1DA818AF7F7F51CFE0063BC13722FC00CE891 2x, https://d20zyr0oabjxc2.cloudfront.net/variants/media/raw_images/tlaexotics/2023/12/20231201035534.346-Addaheading-198x198c.jpeg?signature=329ED0ED4F718D80DF277347C51A322C9A5C8130B89FC5D45AC1A87708B73E73 1x",/us/c/reptiles/lizards/crested-geckos/2041488,,"https://d20zyr0oabjxc2.cloudfront.net/variants/media/raw_images/tlaexotics/2023/12/20231201035534.346-Addaheading-396x396c.jpeg?signature=67DAE1E2770781643B495590E7A1DA818AF7F7F51CFE0063BC13722FC00CE891 2x, https://d20zyr0oabjxc2.cloudfront.net/variants/media/raw_images/tlaexotics/2023/12/20231201035534.346-Addaheading-198x198c.jpeg?signature=329ED0ED4F718D80DF277347C51A322C9A5C8130B89FC5D45AC1A87708B73E73 1x"
Partial pinstripe,pinstripe,"https://d20zyr0oabjxc2.cloudfront.net/variants/media/raw_images/tlaexotics/2023/12/20231201035855.428-Addaheading-396x396c.jpeg?signature=31BC7F6E7C7FA4C45F58CDA3D393C48D73147CDE1F1EB55D90E2876EEEF6810E 2x, https://d20zyr0oabjxc2.cloudfront.net/variants/media/raw_images/tlaexotics/2023/12/20231201035855.428-Addaheading-198x198c.jpeg?signature=E4FAC224A84440706BBEED2E69028DAB602F1052BAC1B3EAEE95A555FF9E0150 1x",/us/c/reptiles/lizards/crested-geckos/2041493,,"https://d20zyr0oabjxc2.cloudfront.net/variants/media/raw_images/tlaexotics/2023/12/20231201035855.428-Addaheading-396x396c.jpeg?signature=31BC7F6E7C7FA4C45F58CDA3D393C48D73147CDE1F1EB55D90E2876EEEF6810E 2x, https://d20zyr0oabjxc2.cloudfront.net/variants/media/raw_images/tlaexotics/2023/12/20231201035855.428-Addaheading-198x198c.jpeg?signature=E4FAC224A84440706BBEED2E69028DAB602F1052BAC1B3EAEE95A555FF9E0150 1x"
Orange pinstripe Dalmatian Crested Gecko #24,pinstripe Dalmatian,"https://d20zyr0oabjxc2.cloudfront.net/variants/media/raw_images/olympianexotics/2024/08/20240803013936.234-1000019826-396x396c.jpeg?signature=5E44473136FBBEC639E5DA3B9D27121A041C390D558DFF7F6A58C81962F5743B 2x, https://d20zyr0oabjxc2.cloudfront.net/variants/media/raw_images/olympianexotics/2024/08/20240803013936.234-1000019826-198x198c.jpeg?signature=A1874C109C7395B37885C8C67FCF9870597EA91C941E39B37B9C767EFC4F6645 1x",/us/c/reptiles/lizards/crested-geckos/2472003,,"https://d20zyr0oabjxc2.cloudfront.net/variants/media/raw_images/olympianexotics/2024/08/20240803013936.234-1000019826-396x396c.jpeg?signature=5E44473136FBBEC639E5DA3B9D27121A041C390D558DFF7F6A58C81962F5743B 2x, https://d20zyr0oabjxc2.cloudfront.net/variants/media/raw_images/olympianexotics/2024/08/20240803013936.234-1000019826-198x198c.jpeg?signature=A1874C109C7395B37885C8C67FCF9870597EA91C941E39B37B9C767EFC4F6645 1x"
50% OFF SALE! Dark pinstripe Female,Dark pinstripe,"https://d20zyr0oabjxc2.cloudfront.net/variants/media/raw_images/evolverreptiles/2024/10/20241026001308.299-DSC_0904-396x396c.jpeg?signature=A5F5F09AFDEAF83D2BA6AB444A11F4CD824858C16CAF944F1D5FBC7BB0888899 2x, https://d20zyr0oabjxc2.cloudfront.net/variants/media/raw_images/evolverreptiles/2024/10/20241026001308.299-DSC_0904-198x198c.jpeg?signature=0B8D56374A996551CE0AB29D4B791914530B12DAEABC60E00C45A66C2DED4875 1x",/us/c/reptiles/lizards/crested-geckos/2218157,,"https://d20zyr0oabjxc2.cloudfront.net/variants/media/raw_images/evolverreptiles/2024/10/20241026001308.299-DSC_0904-396x396c.jpeg?signature=A5F5F09AFDEAF83D2BA6AB444A11F4CD824858C16CAF944F1D5FBC7BB0888899 2x, https://d20zyr0oabjxc2.cloudfront.net/variants/media/raw_images/evolverreptiles/2024/10/20241026001308.299-DSC_0904-198x198c.jpeg?signature=0B8D56374A996551CE0AB29D4B791914530B12DAEABC60E00C45A66C2DED4875 1x"
Turmeric X Zeuthena ~Vibrant Orange pinstripe!,pinstripe!,"https://d20zyr0oabjxc2.cloudfront.net/variants/media/raw_images/taraleighscresties/2024/05/20240509191836.140-IMG_8293-396x396c.jpeg?signature=4198BF4D8979A2B629175132B014DCCE90403B11B4C9F4EE1D12B8E583A799F4 2x, https://d20zyr0oabjxc2.cloudfront.net/variants/media/raw_images/taraleighscresties/2024/05/20240509191836.140-IMG_8293-198x198c.jpeg?signature=34DBE538A98746E048DAEA7ACC129F7177509B293D3903EEFB16BF0EBB15CD8A 1x",/us/c/reptiles/lizards/crested-geckos/2224786,,"https://d20zyr0oabjxc2.cloudfront.net/variants/media/raw_images/taraleighscresties/2024/05/20240509191836.140-IMG_8293-396x396c.jpeg?signature=4198BF4D8979A2B629175132B014DCCE90403B11B4C9F4EE1D12B8E583A799F4 2x, https://d20zyr0oabjxc2.cloudfront.net/variants/media/raw_images/taraleighscresties/2024/05/20240509191836.140-IMG_8293-198x198c.jpeg?signature=34DBE538A98746E048DAEA7ACC129F7177509B293D3903EEFB16BF0EBB15CD8A 1x"
High Contrast pinstripe,pinstripe,"https://d20zyr0oabjxc2.cloudfront.net/variants/media/raw_images/fringemorphs/2024/10/20241031171300.724-Bamboo-396x396c.jpeg?signature=02EF3E778C697535AD7915A4CF09E4CE43BBE93043A7203220D1F4876DEF99E3 2x, https://d20zyr0oabjxc2.cloudfront.net/variants/media/raw_images/fringemorphs/2024/10/20241031171300.724-Bamboo-198x198c.jpeg?signature=32DEBE1521F51147A114776E7F710B67C1AE4DE70B060E05C008334488CEDAAD 1x",/us/c/reptiles/lizards/crested-geckos/2194177,,"https://d20zyr0oabjxc2.cloudfront.net/variants/media/raw_images/fringemorphs/2024/10/20241031171300.724-Bamboo-396x396c.jpeg?signature=02EF3E778C697535AD7915A4CF09E4CE43BBE93043A7203220D1F4876DEF99E3 2x, https://d20zyr0oabjxc2.cloudfront.net/variants/media/raw_images/fringemorphs/2024/10/20241031171300.724-Bamboo-198x198c.jpeg?signature=32DEBE1521F51147A114776E7F710B67C1AE4DE70B060E05C008334488CEDAAD 1x"
50% OFF SALE! pinstripe Male,pinstripe,"https://d20zyr0oabjxc2.cloudfront.net/variants/media/raw_images/evolverreptiles/2024/10/20241026003229.742-DSC_0924-396x396c.jpeg?signature=F0F626EABAAC4CF3CDFCA7E8DFF8937D02766A3B55EC2CA63CB0A8BE0BA25A69 2x, https://d20zyr0oabjxc2.cloudfront.net/variants/media/raw_images/evolverreptiles/2024/10/20241026003229.742-DSC_0924-198x198c.jpeg?signature=BDBB37A80BCB377FBA8CAF4D9D490D19F950EF28ED201D7803984C2ABC4C0348 1x",/us/c/reptiles/lizards/crested-geckos/2216165,,"https://d20zyr0oabjxc2.cloudfront.net/variants/media/raw_images/evolverreptiles/2024/10/20241026003229.742-DSC_0924-396x396c.jpeg?signature=F0F626EABAAC4CF3CDFCA7E8DFF8937D02766A3B55EC2CA63CB0A8BE0BA25A69 2x, https://d20zyr0oabjxc2.cloudfront.net/variants/media/raw_images/evolverreptiles/2024/10/20241026003229.742-DSC_0924-198x198c.jpeg?signature=BDBB37A80BCB377FBA8CAF4D9D490D19F950EF28ED201D7803984C2ABC4C0348 1x"
50% OFF SALE! pinstripe Male,pinstripe,"https://d20zyr0oabjxc2.cloudfront.net/variants/media/raw_images/evolverreptiles/2024/10/20241026002435.238-DSC_0918-396x396c.jpeg?signature=14DAC06521CEDE18E10498B3B4659388A6057CDE2596C6A29197A661E8463300 2x, https://d20zyr0oabjxc2.cloudfront.net/variants/media/raw_images/evolverreptiles/2024/10/20241026002435.238-DSC_0918-198x198c.jpeg?signature=2F9B1775DF1A74AF0BDD0D92C047D913574D67025267213FAAE2A2B0A429BE13 1x",/us/c/reptiles/lizards/crested-geckos/2021326,,"https://d20zyr0oabjxc2.cloudfront.net/variants/media/raw_images/evolverreptiles/2024/10/20241026002435.238-DSC_0918-396x396c.jpeg?signature=14DAC06521CEDE18E10498B3B4659388A6057CDE2596C6A29197A661E8463300 2x, https://d20zyr0oabjxc2.cloudfront.net/variants/media/raw_images/evolverreptiles/2024/10/20241026002435.238-DSC_0918-198x198c.jpeg?signature=2F9B1775DF1A74AF0BDD0D92C047D913574D67025267213FAAE2A2B0A429BE13 1x"
(F) Yellow pinstripe,Yellow pinstripe,"https://d20zyr0oabjxc2.cloudfront.net/variants/media/raw_images/bertopiageckos/2024/10/20241029040344.714-IMG_1380-396x396c.jpeg?signature=1A6B0942E8C52000792F253D3646CD9C7505C8028BE7420660BF7483698B5DB1 2x, https://d20zyr0oabjxc2.cloudfront.net/variants/media/raw_images/bertopiageckos/2024/10/20241029040344.714-IMG_1380-198x198c.jpeg?signature=18FF25249A692AB02C8B813794A0449F53C3EE8C365A789E7A8BDD8F8C0F6F96 1x",/us/c/reptiles/lizards/crested-geckos/2328352,,"https://d20zyr0oabjxc2.cloudfront.net/variants/media/raw_images/bertopiageckos/2024/10/20241029040344.714-IMG_1380-396x396c.jpeg?signature=1A6B0942E8C52000792F253D3646CD9C7505C8028BE7420660BF7483698B5DB1 2x, https://d20zyr0oabjxc2.cloudfront.net/variants/media/raw_images/bertopiageckos/2024/10/20241029040344.714-IMG_1380-198x198c.jpeg?signature=18FF25249A692AB02C8B813794A0449F53C3EE8C365A789E7A8BDD8F8C0F6F96 1x"
High Quality pinstripe,pinstripe,"https://d20zyr0oabjxc2.cloudfront.net/variants/media/raw_images/mitch-a-tech/2023/02/20230202151212.478-F00030A8-40D5-4F2A-8-396x396c.jpeg?signature=7021F546C777AE94304826FBC8B34943EBCF8DE8F7F314FC0FB42BFA47BAB397 2x, https://d20zyr0oabjxc2.cloudfront.net/variants/media/raw_images/mitch-a-tech/2023/02/20230202151212.478-F00030A8-40D5-4F2A-8-198x198c.jpeg?signature=1657981FCFEB1CA90EC3BA5996BA56B403ED912DA377DD455FA7AF068A4A48D6 1x",/us/c/reptiles/lizards/crested-geckos/1430798,,"https://d20zyr0oabjxc2.cloudfront.net/variants/media/raw_images/mitch-a-tech/2023/02/20230202151212.478-F00030A8-40D5-4F2A-8-396x396c.jpeg?signature=7021F546C777AE94304826FBC8B34943EBCF8DE8F7F314FC0FB42BFA47BAB397 2x, https://d20zyr0oabjxc2.cloudfront.net/variants/media/raw_images/mitch-a-tech/2023/02/20230202151212.478-F00030A8-40D5-4F2A-8-198x198c.jpeg?signature=1657981FCFEB1CA90EC3BA5996BA56B403ED912DA377DD455FA7AF068A4A48D6 1x"
50% OFF SALE! pinstripe Male,pinstripe,"https://d20zyr0oabjxc2.cloudfront.net/variants/media/raw_images/evolverreptiles/2024/10/20241026020106.393-DSC_0993-396x396c.jpeg?signature=5C545746E4C536FF1F20E957EF221645393F3DA97CD368235576B5596E644E7D 2x, https://d20zyr0oabjxc2.cloudfront.net/variants/media/raw_images/evolverreptiles/2024/10/20241026020106.393-DSC_0993-198x198c.jpeg?signature=67EDBD6FF44EB161F53E0E8EB1F6E81952092A3C7A99D1D60F3B8786BDA3F4AD 1x",/us/c/reptiles/lizards/crested-geckos/2215946,,"https://d20zyr0oabjxc2.cloudfront.net/variants/media/raw_images/evolverreptiles/2024/10/20241026020106.393-DSC_0993-396x396c.jpeg?signature=5C545746E4C536FF1F20E957EF221645393F3DA97CD368235576B5596E644E7D 2x, https://d20zyr0oabjxc2.cloudfront.net/variants/media/raw_images/evolverreptiles/2024/10/20241026020106.393-DSC_0993-198x198c.jpeg?signature=67EDBD6FF44EB161F53E0E8EB1F6E81952092A3C7A99D1D60F3B8786BDA3F4AD 1x"
Cold Fusion Orange pinstripe,pinstripe,"https://d20zyr0oabjxc2.cloudfront.net/variants/media/raw_images/coolcalmandcrested/2024/08/20240811205052.876-final-396x396c.jpeg?signature=BA7E6198BC084A5F62C5982D15AF6FDFFD9BBF1EC5609E66098767DA0A366565 2x, https://d20zyr0oabjxc2.cloudfront.net/variants/media/raw_images/coolcalmandcrested/2024/08/20240811205052.876-final-198x198c.jpeg?signature=AA074316B928C507DE831E4189ACF25A55A544EB3F09E1630B166CBB23C3045E 1x",/us/c/reptiles/lizards/crested-geckos/2492328,,"https://d20zyr0oabjxc2.cloudfront.net/variants/media/raw_images/coolcalmandcrested/2024/08/20240811205052.876-final-396x396c.jpeg?signature=BA7E6198BC084A5F62C5982D15AF6FDFFD9BBF1EC5609E66098767DA0A366565 2x, https://d20zyr0oabjxc2.cloudfront.net/variants/media/raw_images/coolcalmandcrested/2024/08/20240811205052.876-final-198x198c.jpeg?signature=AA074316B928C507DE831E4189ACF25A55A544EB3F09E1630B166CBB23C3045E 1x"
25g. Female Dark pinstripe Crested Gecko,Dark pinstripe,"https://d20zyr0oabjxc2.cloudfront.net/variants/media/raw_images/howlreptiles/2024/03/20240324160743.33-DSC_07872-396x396c.jpeg?signature=6AB5F8B5101F73B55F518502F9F26CBB4434FCB4A784BB1E7E6CC11562E4B9DE 2x, https://d20zyr0oabjxc2.cloudfront.net/variants/media/raw_images/howlreptiles/2024/03/20240324160743.33-DSC_07872-198x198c.jpeg?signature=4BC63B37C7F3F6D01A3ECC01D694D6A41AD2D8E8C6FBB7DB8D21B5B65C5F93CC 1x",/us/c/reptiles/lizards/crested-geckos/2241071,,"https://d20zyr0oabjxc2.cloudfront.net/variants/media/raw_images/howlreptiles/2024/03/20240324160743.33-DSC_07872-396x396c.jpeg?signature=6AB5F8B5101F73B55F518502F9F26CBB4434FCB4A784BB1E7E6CC11562E4B9DE 2x, https://d20zyr0oabjxc2.cloudfront.net/variants/media/raw_images/howlreptiles/2024/03/20240324160743.33-DSC_07872-198x198c.jpeg?signature=4BC63B37C7F3F6D01A3ECC01D694D6A41AD2D8E8C6FBB7DB8D21B5B65C5F93CC 1x"
"RTB Dark Base, Full pinstripe, Broken Quad, Dalmatian Spots","Dark pinstripe, Dalmatian","https://d20zyr0oabjxc2.cloudfront.net/variants/media/raw_images/bdcrestology/2024/07/20240702025345.93-1-396x396c.jpeg?signature=2C38408A2143CBDF98785B7EA6500D99464D454DDC6ACE00D542C291C1CEEBC6 2x, https://d20zyr0oabjxc2.cloudfront.net/variants/media/raw_images/bdcrestology/2024/07/20240702025345.93-1-198x198c.jpeg?signature=80E41F419C888D7CDDEEBFBC2919582ED3315BE970C2156BA94CC9F874C2C199 1x",/us/c/reptiles/lizards/crested-geckos/2307139,,"https://d20zyr0oabjxc2.cloudfront.net/variants/media/raw_images/bdcrestology/2024/07/20240702025345.93-1-396x396c.jpeg?signature=2C38408A2143CBDF98785B7EA6500D99464D454DDC6ACE00D542C291C1CEEBC6 2x, https://d20zyr0oabjxc2.cloudfront.net/variants/media/raw_images/bdcrestology/2024/07/20240702025345.93-1-198x198c.jpeg?signature=80E41F419C888D7CDDEEBFBC2919582ED3315BE970C2156BA94CC9F874C2C199 1x"
Quad pinstripe,pinstripe,"https://d20zyr0oabjxc2.cloudfront.net/variants/media/raw_images/andylee/2024/04/20240428102007.433-1000053256-396x396c.jpeg?signature=2C5B75EA40DFC775F218AAED2BF82615649EC36BFA2C968B431A22D3BE7C40D6 2x, https://d20zyr0oabjxc2.cloudfront.net/variants/media/raw_images/andylee/2024/04/20240428102007.433-1000053256-198x198c.jpeg?signature=33D3335289FD6125705BD613ACD3361473210FA5A05D8345095D19B69D1423F8 1x",/us/c/reptiles/lizards/crested-geckos/2300295,,"https://d20zyr0oabjxc2.cloudfront.net/variants/media/raw_images/andylee/2024/04/20240428102007.433-1000053256-396x396c.jpeg?signature=2C5B75EA40DFC775F218AAED2BF82615649EC36BFA2C968B431A22D3BE7C40D6 2x, https://d20zyr0oabjxc2.cloudfront.net/variants/media/raw_images/andylee/2024/04/20240428102007.433-1000053256-198x198c.jpeg?signature=33D3335289FD6125705BD613ACD3361473210FA5A05D8345095D19B69D1423F8 1x"
Full pinstripe,pinstripe,"https://d20zyr0oabjxc2.cloudfront.net/variants/media/raw_images/andylee/2024/11/20241103234433.200-1000080034-396x396c.jpeg?signature=0F5DAA8115DAA9976E965703E1294B5B6894DD075EFACA103E7FFBAD86CEFAC0 2x, https://d20zyr0oabjxc2.cloudfront.net/variants/media/raw_images/andylee/2024/11/20241103234433.200-1000080034-198x198c.jpeg?signature=4CBC76B8499F1891FA55E878A5301B551E82467908B8445419BDEF027F968DE5 1x",/us/c/reptiles/lizards/crested-geckos/2258713,,"https://d20zyr0oabjxc2.cloudfront.net/variants/media/raw_images/andylee/2024/11/20241103234433.200-1000080034-396x396c.jpeg?signature=0F5DAA8115DAA9976E965703E1294B5B6894DD075EFACA103E7FFBAD86CEFAC0 2x, https://d20zyr0oabjxc2.cloudfront.net/variants/media/raw_images/andylee/2024/11/20241103234433.200-1000080034-198x198c.jpeg?signature=4CBC76B8499F1891FA55E878A5301B551E82467908B8445419BDEF027F968DE5 1x"
pinstripe,pinstripe,"https://d20zyr0oabjxc2.cloudfront.net/variants/media/raw_images/gentlehand/2024/08/20240815180218.990-1000006735-396x396c.jpeg?signature=8EA4A858536D05CEF648FCB95EB96DB65E825C86A5C0ED88A7203A294B7D5757 2x, https://d20zyr0oabjxc2.cloudfront.net/variants/media/raw_images/gentlehand/2024/08/20240815180218.990-1000006735-198x198c.jpeg?signature=DCD37A5C436CDFC1EE2E132DF85D5093B1F25F19472165F27BDBAD5D5EE7FA13 1x",/us/c/reptiles/lizards/crested-geckos/2501515,,"https://d20zyr0oabjxc2.cloudfront.net/variants/media/raw_images/gentlehand/2024/08/20240815180218.990-1000006735-396x396c.jpeg?signature=8EA4A858536D05CEF648FCB95EB96DB65E825C86A5C0ED88A7203A294B7D5757 2x, https://d20zyr0oabjxc2.cloudfront.net/variants/media/raw_images/gentlehand/2024/08/20240815180218.990-1000006735-198x198c.jpeg?signature=DCD37A5C436CDFC1EE2E132DF85D5093B1F25F19472165F27BDBAD5D5EE7FA13 1x"
High Contrast pinstripe,pinstripe,"https://d20zyr0oabjxc2.cloudfront.net/variants/media/raw_images/adams85/2024/08/20240823163644.34-1000003325-396x396c.jpeg?signature=95F1E7D40450A21CFEDA2F2B2EE413847FE65EE383C5AF62CA1E8C86554DF4CB 2x, https://d20zyr0oabjxc2.cloudfront.net/variants/media/raw_images/adams85/2024/08/20240823163644.34-1000003325-198x198c.jpeg?signature=D14F4F6ABDAD9658AD50B680447941F969139F2E6D50896E5A0A1019E81A36B3 1x",/us/c/reptiles/lizards/crested-geckos/2519706,,"https://d20zyr0oabjxc2.cloudfront.net/variants/media/raw_images/adams85/2024/08/20240823163644.34-1000003325-396x396c.jpeg?signature=95F1E7D40450A21CFEDA2F2B2EE413847FE65EE383C5AF62CA1E8C86554DF4CB 2x, https://d20zyr0oabjxc2.cloudfront.net/variants/media/raw_images/adams85/2024/08/20240823163644.34-1000003325-198x198c.jpeg?signature=D14F4F6ABDAD9658AD50B680447941F969139F2E6D50896E5A0A1019E81A36B3 1x"
Yellow pinstripe,Yellow pinstripe,"https://d20zyr0oabjxc2.cloudfront.net/variants/media/raw_images/keys_geckos/2024/08/20240820203933.578-A7B09991-396x396c.jpeg?signature=A021DDD3E0DEA3662C66ED646E6462E627A6D1C18E957CE5BA06D1B50E1CD86E 2x, https://d20zyr0oabjxc2.cloudfront.net/variants/media/raw_images/keys_geckos/2024/08/20240820203933.578-A7B09991-198x198c.jpeg?signature=0F92D4FF4E2C8430604A3F73C147E63C60D1E00B73295EC6C2932CC27B536DB8 1x",/us/c/reptiles/lizards/crested-geckos/2512990,,"https://d20zyr0oabjxc2.cloudfront.net/variants/media/raw_images/keys_geckos/2024/08/20240820203933.578-A7B09991-396x396c.jpeg?signature=A021DDD3E0DEA3662C66ED646E6462E627A6D1C18E957CE5BA06D1B50E1CD86E 2x, https://d20zyr0oabjxc2.cloudfront.net/variants/media/raw_images/keys_geckos/2024/08/20240820203933.578-A7B09991-198x198c.jpeg?signature=0F92D4FF4E2C8430604A3F73C147E63C60D1E00B73295EC6C2932CC27B536DB8 1x"
Dark Male pinstripe,Dark pinstripe,"https://d20zyr0oabjxc2.cloudfront.net/variants/media/raw_images/mgnzupi/2024/03/20240317142153.204-IMG_7307-396x396c.jpeg?signature=D02EC57697C293DBBFF15A74D6E4E023C97D5E345209946ABFA18E56ADF75873 2x, https://d20zyr0oabjxc2.cloudfront.net/variants/media/raw_images/mgnzupi/2024/03/20240317142153.204-IMG_7307-198x198c.jpeg?signature=BAC323E2305ACCA6F900AB1A7DC14534A6FCE388D5F922F0FE5808AE6812F352 1x",/us/c/reptiles/lizards/crested-geckos/2189095,,"https://d20zyr0oabjxc2.cloudfront.net/variants/media/raw_images/mgnzupi/2024/03/20240317142153.204-IMG_7307-396x396c.jpeg?signature=D02EC57697C293DBBFF15A74D6E4E023C97D5E345209946ABFA18E56ADF75873 2x, https://d20zyr0oabjxc2.cloudfront.net/variants/media/raw_images/mgnzupi/2024/03/20240317142153.204-IMG_7307-198x198c.jpeg?signature=BAC323E2305ACCA6F900AB1A7DC14534A6FCE388D5F922F0FE5808AE6812F352 1x"
Male Yellow Orange Cream pinstripe,Yellow pinstripe,"https://d20zyr0oabjxc2.cloudfront.net/variants/media/raw_images/chrishamill/2023/01/20230103223958.544-CA61BBB3-6A9D-408E-9-396x396c.jpeg?signature=133DFA2AB1B73ECA62C68D2D45307A2E0BA80FFDAF4D443C0DA7F7E6F7C6269E 2x, https://d20zyr0oabjxc2.cloudfront.net/variants/media/raw_images/chrishamill/2023/01/20230103223958.544-CA61BBB3-6A9D-408E-9-198x198c.jpeg?signature=6632C038EBA4AB37EFF53245E0C257F7DA7D7C063E73100CB1BC14BC21282661 1x",/us/c/reptiles/lizards/crested-geckos/1186462,,"https://d20zyr0oabjxc2.cloudfront.net/variants/media/raw_images/chrishamill/2023/01/20230103223958.544-CA61BBB3-6A9D-408E-9-396x396c.jpeg?signature=133DFA2AB1B73ECA62C68D2D45307A2E0BA80FFDAF4D443C0DA7F7E6F7C6269E 2x, https://d20zyr0oabjxc2.cloudfront.net/variants/media/raw_images/chrishamill/2023/01/20230103223958.544-CA61BBB3-6A9D-408E-9-198x198c.jpeg?signature=6632C038EBA4AB37EFF53245E0C257F7DA7D7C063E73100CB1BC14BC21282661 1x"
Red pinstripe,Red pinstripe,"https://d20zyr0oabjxc2.cloudfront.net/variants/media/raw_images/dragonheart8813/2023/03/20230325004724.861-PXL_20230325_0038331-396x396c.jpeg?signature=4185EE9902737FC053CFDC7CE11CF089E9D158116ED47B5EBFE048F6F68ED8E5 2x, https://d20zyr0oabjxc2.cloudfront.net/variants/media/raw_images/dragonheart8813/2023/03/20230325004724.861-PXL_20230325_0038331-198x198c.jpeg?signature=DD54CF873E23FBA8145838A1AB2F1A4F40270106965F2BA8241F020D2AD34269 1x",/us/c/reptiles/lizards/crested-geckos/1221056,,"https://d20zyr0oabjxc2.cloudfront.net/variants/media/raw_images/dragonheart8813/2023/03/20230325004724.861-PXL_20230325_0038331-396x396c.jpeg?signature=4185EE9902737FC053CFDC7CE11CF089E9D158116ED47B5EBFE048F6F68ED8E5 2x, https://d20zyr0oabjxc2.cloudfront.net/variants/media/raw_images/dragonheart8813/2023/03/20230325004724.861-PXL_20230325_0038331-198x198c.jpeg?signature=DD54CF873E23FBA8145838A1AB2F1A4F40270106965F2BA8241F020D2AD34269 1x"
Brindle pinstripe,pinstripe,"https://d20zyr0oabjxc2.cloudfront.net/variants/media/raw_images/mgnzupi/2024/09/20240925044338.534-IMG_9213-396x396c.jpeg?signature=DC8D485B7DE31892FD2EB2569D40874CB190EB6F37C37EF70177BC08F51E5487 2x, https://d20zyr0oabjxc2.cloudfront.net/variants/media/raw_images/mgnzupi/2024/09/20240925044338.534-IMG_9213-198x198c.jpeg?signature=D98136D51A37829405AFAF433D6CFDC29A48F2B1039B8D8863CB442F538E05E8 1x",/us/c/reptiles/lizards/crested-geckos/2062224,,"https://d20zyr0oabjxc2.cloudfront.net/variants/media/raw_images/mgnzupi/2024/09/20240925044338.534-IMG_9213-396x396c.jpeg?signature=DC8D485B7DE31892FD2EB2569D40874CB190EB6F37C37EF70177BC08F51E5487 2x, https://d20zyr0oabjxc2.cloudfront.net/variants/media/raw_images/mgnzupi/2024/09/20240925044338.534-IMG_9213-198x198c.jpeg?signature=D98136D51A37829405AFAF433D6CFDC29A48F2B1039B8D8863CB442F538E05E8 1x"
Dark Full pinstripe Quad Stripe,Dark pinstripe,"https://d20zyr0oabjxc2.cloudfront.net/variants/media/raw_images/allstar-exotics/2023/12/20231210165543.756-533E6076-44D3-4DF6-9-396x396c.jpeg?signature=4C650289B1252F51C14413BA9E68475B16132677248C7793E9EA550B54C19308 2x, https://d20zyr0oabjxc2.cloudfront.net/variants/media/raw_images/allstar-exotics/2023/12/20231210165543.756-533E6076-44D3-4DF6-9-198x198c.jpeg?signature=4A2FCD40223323D9A9FD232525B0580D034DAD32BF832084819935D10D722F64 1x",/us/c/reptiles/lizards/crested-geckos/2055710,,"https://d20zyr0oabjxc2.cloudfront.net/variants/media/raw_images/allstar-exotics/2023/12/20231210165543.756-533E6076-44D3-4DF6-9-396x396c.jpeg?signature=4C650289B1252F51C14413BA9E68475B16132677248C7793E9EA550B54C19308 2x, https://d20zyr0oabjxc2.cloudfront.net/variants/media/raw_images/allstar-exotics/2023/12/20231210165543.756-533E6076-44D3-4DF6-9-198x198c.jpeg?signature=4A2FCD40223323D9A9FD232525B0580D034DAD32BF832084819935D10D722F64 1x"
Yellow pinstripe Crested Gecko,Yellow pinstripe,"https://d20zyr0oabjxc2.cloudfront.net/variants/media/raw_images/cflack421/2024/09/20240930013201.893-IMG_2274-396x396c.jpeg?signature=15E1B9C77439428F578BAEC0A2AAAA507A7AEC8557D94E2A36EB91B6C2348B07 2x, https://d20zyr0oabjxc2.cloudfront.net/variants/media/raw_images/cflack421/2024/09/20240930013201.893-IMG_2274-198x198c.jpeg?signature=FB643EB2558E884E766815B91F08B0C6F2FF4AE5F3B7F3FDEDE7C62681DD88AC 1x",/us/c/reptiles/lizards/crested-geckos/2134619,,"https://d20zyr0oabjxc2.cloudfront.net/variants/media/raw_images/cflack421/2024/09/20240930013201.893-IMG_2274-396x396c.jpeg?signature=15E1B9C77439428F578BAEC0A2AAAA507A7AEC8557D94E2A36EB91B6C2348B07 2x, https://d20zyr0oabjxc2.cloudfront.net/variants/media/raw_images/cflack421/2024/09/20240930013201.893-IMG_2274-198x198c.jpeg?signature=FB643EB2558E884E766815B91F08B0C6F2FF4AE5F3B7F3FDEDE7C62681DD88AC 1x"
Dark pinstripe,Dark pinstripe,"https://d20zyr0oabjxc2.cloudfront.net/variants/media/raw_images/mgnzupi/2024/03/20240317141447.252-IMG_7293-396x396c.jpeg?signature=0D3CC7143FCB8C5FC7C7EB5BDE09DDC51CFC2E74BC81A3F214C02EA97A51CB66 2x, https://d20zyr0oabjxc2.cloudfront.net/variants/media/raw_images/mgnzupi/2024/03/20240317141447.252-IMG_7293-198x198c.jpeg?signature=4AFD047CF7FBECA080CF4F66554ACFA4964F1DC3845CBAA3441D9E4E4D9D1284 1x",/us/c/reptiles/lizards/crested-geckos/1188527,,"https://d20zyr0oabjxc2.cloudfront.net/variants/media/raw_images/mgnzupi/2024/03/20240317141447.252-IMG_7293-396x396c.jpeg?signature=0D3CC7143FCB8C5FC7C7EB5BDE09DDC51CFC2E74BC81A3F214C02EA97A51CB66 2x, https://d20zyr0oabjxc2.cloudfront.net/variants/media/raw_images/mgnzupi/2024/03/20240317141447.252-IMG_7293-198x198c.jpeg?signature=4AFD047CF7FBECA080CF4F66554ACFA4964F1DC3845CBAA3441D9E4E4D9D1284 1x"
White Wall pinstripe,pinstripe,"https://d20zyr0oabjxc2.cloudfront.net/variants/media/raw_images/eli_boas/2023/07/20230714000221.409-Screenshot_20230713_-396x396c.jpeg?signature=96C8DE451E3F9D659D09DDC5F026BAA6C70DB05C1CF734A5A2CC941B7A1691E6 2x, https://d20zyr0oabjxc2.cloudfront.net/variants/media/raw_images/eli_boas/2023/07/20230714000221.409-Screenshot_20230713_-198x198c.jpeg?signature=9F42EA6CCF9BBE9B52F5871554C3A420C061B3E3D99EE622161A6EEA50CE7D6D 1x",/us/c/reptiles/lizards/crested-geckos/1704336,,"https://d20zyr0oabjxc2.cloudfront.net/variants/media/raw_images/eli_boas/2023/07/20230714000221.409-Screenshot_20230713_-396x396c.jpeg?signature=96C8DE451E3F9D659D09DDC5F026BAA6C70DB05C1CF734A5A2CC941B7A1691E6 2x, https://d20zyr0oabjxc2.cloudfront.net/variants/media/raw_images/eli_boas/2023/07/20230714000221.409-Screenshot_20230713_-198x198c.jpeg?signature=9F42EA6CCF9BBE9B52F5871554C3A420C061B3E3D99EE622161A6EEA50CE7D6D 1x"
Full pinstripe Quad Stripe Possible Soft Scale Lavender,pinstripe,"https://d20zyr0oabjxc2.cloudfront.net/variants/media/raw_images/dragonheart8813/2023/03/20230315171748.937-PXL_20230315_1713148-396x396c.jpeg?signature=BE8C4393F7AD9D5F8273808F25390B84B17C7B439DC4F32798D8CCBD459B46F5 2x, https://d20zyr0oabjxc2.cloudfront.net/variants/media/raw_images/dragonheart8813/2023/03/20230315171748.937-PXL_20230315_1713148-198x198c.jpeg?signature=F119B9CE18F1AECDC17D2BBCC455DEA54114EECB6BC84FC21997A595CDFB1FB5 1x",/us/c/reptiles/lizards/crested-geckos/1222377,,"https://d20zyr0oabjxc2.cloudfront.net/variants/media/raw_images/dragonheart8813/2023/03/20230315171748.937-PXL_20230315_1713148-396x396c.jpeg?signature=BE8C4393F7AD9D5F8273808F25390B84B17C7B439DC4F32798D8CCBD459B46F5 2x, https://d20zyr0oabjxc2.cloudfront.net/variants/media/raw_images/dragonheart8813/2023/03/20230315171748.937-PXL_20230315_1713148-198x198c.jpeg?signature=F119B9CE18F1AECDC17D2BBCC455DEA54114EECB6BC84FC21997A595CDFB1FB5 1x"
50% Het Axanthic pinstripe,pinstripe,"https://d20zyr0oabjxc2.cloudfront.net/variants/media/raw_images/flagship_reptiles/2023/01/20230105012655.885-GaZa02-1-396x396c.jpeg?signature=54B824154A1E9197FC2555D3248D1E6AA65FAF2BEEEB6DC103C8E4123F896A50 2x, https://d20zyr0oabjxc2.cloudfront.net/variants/media/raw_images/flagship_reptiles/2023/01/20230105012655.885-GaZa02-1-198x198c.jpeg?signature=848208E72D8FC463CA035ACFE8E2D762DE2D1D98B3C94C3E5C0B4E548204EA16 1x",/us/c/reptiles/lizards/crested-geckos/1384714,,"https://d20zyr0oabjxc2.cloudfront.net/variants/media/raw_images/flagship_reptiles/2023/01/20230105012655.885-GaZa02-1-396x396c.jpeg?signature=54B824154A1E9197FC2555D3248D1E6AA65FAF2BEEEB6DC103C8E4123F896A50 2x, https://d20zyr0oabjxc2.cloudfront.net/variants/media/raw_images/flagship_reptiles/2023/01/20230105012655.885-GaZa02-1-198x198c.jpeg?signature=848208E72D8FC463CA035ACFE8E2D762DE2D1D98B3C94C3E5C0B4E548204EA16 1x"
66% Het Axanthic pinstripe Male Crested Gecko,pinstripe,"https://d20zyr0oabjxc2.cloudfront.net/variants/media/raw_images/starrynightgeckos/2023/11/20231120124525.95-IMG_7607-396x396c.jpeg?signature=89DE1781091D58C0C796CB1548ACF7BE2D88BCD1B2A4AC660B580EC2513A1EA8 2x, https://d20zyr0oabjxc2.cloudfront.net/variants/media/raw_images/starrynightgeckos/2023/11/20231120124525.95-IMG_7607-198x198c.jpeg?signature=E9998B689652BD6EE2446BD65A8F8CBE3275B0F408D31CD513842646DCC2899A 1x",/us/c/reptiles/lizards/crested-geckos/2019813,,"https://d20zyr0oabjxc2.cloudfront.net/variants/media/raw_images/starrynightgeckos/2023/11/20231120124525.95-IMG_7607-396x396c.jpeg?signature=89DE1781091D58C0C796CB1548ACF7BE2D88BCD1B2A4AC660B580EC2513A1EA8 2x, https://d20zyr0oabjxc2.cloudfront.net/variants/media/raw_images/starrynightgeckos/2023/11/20231120124525.95-IMG_7607-198x198c.jpeg?signature=E9998B689652BD6EE2446BD65A8F8CBE3275B0F408D31CD513842646DCC2899A 1x"
Brindle Reverse pinstripe,pinstripe,"https://d20zyr0oabjxc2.cloudfront.net/variants/media/raw_images/tc_scalesntails/2023/12/20231223131718.948-IMG_9573-396x396c.jpeg?signature=960B66879FFDC3A89166BBBFD4493EF304419A7DF8B498C7CDF5DF4CB01CCEB6 2x, https://d20zyr0oabjxc2.cloudfront.net/variants/media/raw_images/tc_scalesntails/2023/12/20231223131718.948-IMG_9573-198x198c.jpeg?signature=C1AC8E30988A97C7B69098EE4090F4409A6F1581B14420F480A901EF37446B14 1x",/us/c/reptiles/lizards/crested-geckos/2075378,,"https://d20zyr0oabjxc2.cloudfront.net/variants/media/raw_images/tc_scalesntails/2023/12/20231223131718.948-IMG_9573-396x396c.jpeg?signature=960B66879FFDC3A89166BBBFD4493EF304419A7DF8B498C7CDF5DF4CB01CCEB6 2x, https://d20zyr0oabjxc2.cloudfront.net/variants/media/raw_images/tc_scalesntails/2023/12/20231223131718.948-IMG_9573-198x198c.jpeg?signature=C1AC8E30988A97C7B69098EE4090F4409A6F1581B14420F480A901EF37446B14 1x"
Dark pinstripe,Dark pinstripe,"https://d20zyr0oabjxc2.cloudfront.net/variants/media/raw_images/mgnzupi/2024/03/20240319011332.387-IMG_7341-396x396c.jpeg?signature=D3E94379C1B9212B7B0F160828EFF24050010EEFE3645899CCC5CA9028B81D1E 2x, https://d20zyr0oabjxc2.cloudfront.net/variants/media/raw_images/mgnzupi/2024/03/20240319011332.387-IMG_7341-198x198c.jpeg?signature=A132816B3F285CAF7F41CDE2D18F683BBF8A0AA95DA70093B890BDC61A493C4A 1x",/us/c/reptiles/lizards/crested-geckos/1613193,,"https://d20zyr0oabjxc2.cloudfront.net/variants/media/raw_images/mgnzupi/2024/03/20240319011332.387-IMG_7341-396x396c.jpeg?signature=D3E94379C1B9212B7B0F160828EFF24050010EEFE3645899CCC5CA9028B81D1E 2x, https://d20zyr0oabjxc2.cloudfront.net/variants/media/raw_images/mgnzupi/2024/03/20240319011332.387-IMG_7341-198x198c.jpeg?signature=A132816B3F285CAF7F41CDE2D18F683BBF8A0AA95DA70093B890BDC61A493C4A 1x"
Male Red Base pinstripe,Red pinstripe,"https://d20zyr0oabjxc2.cloudfront.net/variants/media/raw_images/johnsonherpetoculture/2023/07/20230725235145.899-20230725_194606-396x396c.jpeg?signature=23D9660B4C90F30CEACB030F2ABEA5B6AE9259C2A167E3C68A1A28F12CE6F95A 2x, https://d20zyr0oabjxc2.cloudfront.net/variants/media/raw_images/johnsonherpetoculture/2023/07/20230725235145.899-20230725_194606-198x198c.jpeg?signature=36E4B521BDB7E5A18D1CAF70DE85A351442DB7108E95B1CA1AF47BADA7EE8A8E 1x",/us/c/reptiles/lizards/crested-geckos/1729798,,"https://d20zyr0oabjxc2.cloudfront.net/variants/media/raw_images/johnsonherpetoculture/2023/07/20230725235145.899-20230725_194606-396x396c.jpeg?signature=23D9660B4C90F30CEACB030F2ABEA5B6AE9259C2A167E3C68A1A28F12CE6F95A 2x, https://d20zyr0oabjxc2.cloudfront.net/variants/media/raw_images/johnsonherpetoculture/2023/07/20230725235145.899-20230725_194606-198x198c.jpeg?signature=36E4B521BDB7E5A18D1CAF70DE85A351442DB7108E95B1CA1AF47BADA7EE8A8E 1x"
pinstripe Crested Gecko,pinstripe,"https://d20zyr0oabjxc2.cloudfront.net/variants/media/raw_images/mgnzupi/2024/03/20240319014443.472-IMG_7349-396x396c.jpeg?signature=11DCD855FBAEEA7B7A523A41082F718C238509EBEB435F20E9ABC2A518F0881A 2x, https://d20zyr0oabjxc2.cloudfront.net/variants/media/raw_images/mgnzupi/2024/03/20240319014443.472-IMG_7349-198x198c.jpeg?signature=A3CB82CEF216E23A3FE137633C76BD9D8860E1D4811551CB8EEA49E7D1129809 1x",/us/c/reptiles/lizards/crested-geckos/1613197,,"https://d20zyr0oabjxc2.cloudfront.net/variants/media/raw_images/mgnzupi/2024/03/20240319014443.472-IMG_7349-396x396c.jpeg?signature=11DCD855FBAEEA7B7A523A41082F718C238509EBEB435F20E9ABC2A518F0881A 2x, https://d20zyr0oabjxc2.cloudfront.net/variants/media/raw_images/mgnzupi/2024/03/20240319014443.472-IMG_7349-198x198c.jpeg?signature=A3CB82CEF216E23A3FE137633C76BD9D8860E1D4811551CB8EEA49E7D1129809 1x"
pinstripe,pinstripe,"https://d20zyr0oabjxc2.cloudfront.net/variants/media/raw_images/yayis_sales19/2024/06/20240615183814.252-IMG_8175-396x396c.jpeg?signature=32CF7AD1BF0275657D167736F6F231897268C2028055FBA4B35657ECC83565D5 2x, https://d20zyr0oabjxc2.cloudfront.net/variants/media/raw_images/yayis_sales19/2024/06/20240615183814.252-IMG_8175-198x198c.jpeg?signature=67ED3CC67D1C0AA5CF915ACB3A3EF3746E23B53F15B1AEBDF9B55C2F6F00B801 1x",/us/c/reptiles/lizards/crested-geckos/2379047,,"https://d20zyr0oabjxc2.cloudfront.net/variants/media/raw_images/yayis_sales19/2024/06/20240615183814.252-IMG_8175-396x396c.jpeg?signature=32CF7AD1BF0275657D167736F6F231897268C2028055FBA4B35657ECC83565D5 2x, https://d20zyr0oabjxc2.cloudfront.net/variants/media/raw_images/yayis_sales19/2024/06/20240615183814.252-IMG_8175-198x198c.jpeg?signature=67ED3CC67D1C0AA5CF915ACB3A3EF3746E23B53F15B1AEBDF9B55C2F6F00B801 1x"
pinstripe Crested Gecko,pinstripe,"https://d20zyr0oabjxc2.cloudfront.net/variants/media/raw_images/mgnzupi/2023/12/20231219063819.465-IMG_6460-396x396c.jpeg?signature=B3F96F1CB37FA096A7E5257D66C94AE8ED03090BBE380510C4A0727D75ADB75B 2x, https://d20zyr0oabjxc2.cloudfront.net/variants/media/raw_images/mgnzupi/2023/12/20231219063819.465-IMG_6460-198x198c.jpeg?signature=1A49AC0541B8766BE3A948F5D85E146CCC930198E451558E24A911ACC7A03E64 1x",/us/c/reptiles/lizards/crested-geckos/2068634,,"https://d20zyr0oabjxc2.cloudfront.net/variants/media/raw_images/mgnzupi/2023/12/20231219063819.465-IMG_6460-396x396c.jpeg?signature=B3F96F1CB37FA096A7E5257D66C94AE8ED03090BBE380510C4A0727D75ADB75B 2x, https://d20zyr0oabjxc2.cloudfront.net/variants/media/raw_images/mgnzupi/2023/12/20231219063819.465-IMG_6460-198x198c.jpeg?signature=1A49AC0541B8766BE3A948F5D85E146CCC930198E451558E24A911ACC7A03E64 1x"
2023 Orange Phantom pinstripe,pinstripe,"https://d20zyr0oabjxc2.cloudfront.net/variants/media/raw_images/nikkiwinget/2024/09/20240929032151.966-IMG_7665-396x396c.jpeg?signature=7AAD2B250A0B09DA5E5BB75C172CDEAE3252856F33C844D834E1D158A9D50EC4 2x, https://d20zyr0oabjxc2.cloudfront.net/variants/media/raw_images/nikkiwinget/2024/09/20240929032151.966-IMG_7665-198x198c.jpeg?signature=EDE17FBD8F0BDCE45AF8940545A889C73822B258404227A4C65CF6C90F1D5FFE 1x",/us/c/reptiles/lizards/crested-geckos/2369961,,"https://d20zyr0oabjxc2.cloudfront.net/variants/media/raw_images/nikkiwinget/2024/09/20240929032151.966-IMG_7665-396x396c.jpeg?signature=7AAD2B250A0B09DA5E5BB75C172CDEAE3252856F33C844D834E1D158A9D50EC4 2x, https://d20zyr0oabjxc2.cloudfront.net/variants/media/raw_images/nikkiwinget/2024/09/20240929032151.966-IMG_7665-198x198c.jpeg?signature=EDE17FBD8F0BDCE45AF8940545A889C73822B258404227A4C65CF6C90F1D5FFE 1x"
pinstripe,pinstripe,"https://d20zyr0oabjxc2.cloudfront.net/variants/media/raw_images/stonehouse_exotics/2024/02/20240223194322.921-20240223_113431-396x396c.jpeg?signature=6E0B24A939E3DB2ABDDB0C34CE7866FC908793F86F8EB59233E75E1F4B24ED3C 2x, https://d20zyr0oabjxc2.cloudfront.net/variants/media/raw_images/stonehouse_exotics/2024/02/20240223194322.921-20240223_113431-198x198c.jpeg?signature=686094D23B73026CF9C4ABCC5E7F77E678BA58DA8A4516B04B7D6CB91012595F 1x",/us/c/reptiles/lizards/crested-geckos/2186733,,"https://d20zyr0oabjxc2.cloudfront.net/variants/media/raw_images/stonehouse_exotics/2024/02/20240223194322.921-20240223_113431-396x396c.jpeg?signature=6E0B24A939E3DB2ABDDB0C34CE7866FC908793F86F8EB59233E75E1F4B24ED3C 2x, https://d20zyr0oabjxc2.cloudfront.net/variants/media/raw_images/stonehouse_exotics/2024/02/20240223194322.921-20240223_113431-198x198c.jpeg?signature=686094D23B73026CF9C4ABCC5E7F77E678BA58DA8A4516B04B7D6CB91012595F 1x"
Yellow Reverse pinstripe,Yellow pinstripe,"https://d20zyr0oabjxc2.cloudfront.net/variants/media/raw_images/gentlehand/2024/08/20240815175359.244-1000006742-396x396c.jpeg?signature=189A991BBA0703CEB095B163EFE23267274AE4688AF3B162F51C57A8533F4018 2x, https://d20zyr0oabjxc2.cloudfront.net/variants/media/raw_images/gentlehand/2024/08/20240815175359.244-1000006742-198x198c.jpeg?signature=A15DABFA09BA849CEE22DF12E6374946FB50449F16E784DBEA41FB61F3017329 1x",/us/c/reptiles/lizards/crested-geckos/2343781,,"https://d20zyr0oabjxc2.cloudfront.net/variants/media/raw_images/gentlehand/2024/08/20240815175359.244-1000006742-396x396c.jpeg?signature=189A991BBA0703CEB095B163EFE23267274AE4688AF3B162F51C57A8533F4018 2x, https://d20zyr0oabjxc2.cloudfront.net/variants/media/raw_images/gentlehand/2024/08/20240815175359.244-1000006742-198x198c.jpeg?signature=A15DABFA09BA849CEE22DF12E6374946FB50449F16E784DBEA41FB61F3017329 1x"
Dark pinstripe,Dark pinstripe,"https://d20zyr0oabjxc2.cloudfront.net/variants/media/raw_images/megzpie07/2024/06/20240611083009.440-1000004969-396x396c.jpeg?signature=28597B68A2D8AD44FDE3EC9068ADED178222F997CA0EAB9296FD171F7A5E02E1 2x, https://d20zyr0oabjxc2.cloudfront.net/variants/media/raw_images/megzpie07/2024/06/20240611083009.440-1000004969-198x198c.jpeg?signature=1E71747D90E5F0751A7CD35E7BDB42896193C43A0368A46EA555693CD0DD96D4 1x",/us/c/reptiles/lizards/crested-geckos/2370934,,"https://d20zyr0oabjxc2.cloudfront.net/variants/media/raw_images/megzpie07/2024/06/20240611083009.440-1000004969-396x396c.jpeg?signature=28597B68A2D8AD44FDE3EC9068ADED178222F997CA0EAB9296FD171F7A5E02E1 2x, https://d20zyr0oabjxc2.cloudfront.net/variants/media/raw_images/megzpie07/2024/06/20240611083009.440-1000004969-198x198c.jpeg?signature=1E71747D90E5F0751A7CD35E7BDB42896193C43A0368A46EA555693CD0DD96D4 1x"
pinstripe Phantom Ink Spot,pinstripe,"https://d20zyr0oabjxc2.cloudfront.net/variants/media/raw_images/lizardwizzard/2024/05/20240515083740.667-IMG_3045-396x396c.jpeg?signature=FB757639C3A533C8EF45CB84ADED79F458612C47A816061333779713F256D74B 2x, https://d20zyr0oabjxc2.cloudfront.net/variants/media/raw_images/lizardwizzard/2024/05/20240515083740.667-IMG_3045-198x198c.jpeg?signature=4D2E71D4FA96A61D6D0D053C4C07CF0AC358FD666FD0A7FE0F2913A8ED4CA9A3 1x",/us/c/reptiles/lizards/crested-geckos/2326693,,"https://d20zyr0oabjxc2.cloudfront.net/variants/media/raw_images/lizardwizzard/2024/05/20240515083740.667-IMG_3045-396x396c.jpeg?signature=FB757639C3A533C8EF45CB84ADED79F458612C47A816061333779713F256D74B 2x, https://d20zyr0oabjxc2.cloudfront.net/variants/media/raw_images/lizardwizzard/2024/05/20240515083740.667-IMG_3045-198x198c.jpeg?signature=4D2E71D4FA96A61D6D0D053C4C07CF0AC358FD666FD0A7FE0F2913A8ED4CA9A3 1x"
Whiteout pinstripe,pinstripe,"https://d20zyr0oabjxc2.cloudfront.net/variants/media/raw_images/yayis_sales19/2024/06/20240619014453.549-IMG_8380-396x396c.jpeg?signature=D13B8FC9D1438DCE33E00E401786505DD1763DB056E586E8499C069D67FB5458 2x, https://d20zyr0oabjxc2.cloudfront.net/variants/media/raw_images/yayis_sales19/2024/06/20240619014453.549-IMG_8380-198x198c.jpeg?signature=4B63074BB2378F0EE1245B185853EB1DE216732ADB32037F1B9B17B77194C3BC 1x",/us/c/reptiles/lizards/crested-geckos/2385308,,"https://d20zyr0oabjxc2.cloudfront.net/variants/media/raw_images/yayis_sales19/2024/06/20240619014453.549-IMG_8380-396x396c.jpeg?signature=D13B8FC9D1438DCE33E00E401786505DD1763DB056E586E8499C069D67FB5458 2x, https://d20zyr0oabjxc2.cloudfront.net/variants/media/raw_images/yayis_sales19/2024/06/20240619014453.549-IMG_8380-198x198c.jpeg?signature=4B63074BB2378F0EE1245B185853EB1DE216732ADB32037F1B9B17B77194C3BC 1x"
*Free Ship* Empty Back pinstripe - PPV,pinstripe,"https://d20zyr0oabjxc2.cloudfront.net/variants/media/raw_images/04michan/2024/04/20240419190715.344-IMG_2931-396x396c.jpeg?signature=CF9F7AB2B07123B06566889B94470F2B3388BA986B185A25E8152FE26E8E5EE5 2x, https://d20zyr0oabjxc2.cloudfront.net/variants/media/raw_images/04michan/2024/04/20240419190715.344-IMG_2931-198x198c.jpeg?signature=C43F8B519A88178BCBF205DCE04FEC8472B8E20C7A69EBE436A144C49595144D 1x",/us/c/reptiles/lizards/crested-geckos/2216369,,"https://d20zyr0oabjxc2.cloudfront.net/variants/media/raw_images/04michan/2024/04/20240419190715.344-IMG_2931-396x396c.jpeg?signature=CF9F7AB2B07123B06566889B94470F2B3388BA986B185A25E8152FE26E8E5EE5 2x, https://d20zyr0oabjxc2.cloudfront.net/variants/media/raw_images/04michan/2024/04/20240419190715.344-IMG_2931-198x198c.jpeg?signature=C43F8B519A88178BCBF205DCE04FEC8472B8E20C7A69EBE436A144C49595144D 1x"
pinstripe,pinstripe,"https://d20zyr0oabjxc2.cloudfront.net/variants/media/raw_images/cassiescritters/2024/07/20240728004828.142-IMG_4254-396x396c.jpeg?signature=0BA52A69CD4FDD232E95946CB1B5AAB6EDBDE5FDBDCB6C1A09FB2BF2CC8797F0 2x, https://d20zyr0oabjxc2.cloudfront.net/variants/media/raw_images/cassiescritters/2024/07/20240728004828.142-IMG_4254-198x198c.jpeg?signature=293A710FCBF7E54A1B61A7D565A090F48F9BDB6358A27AEBF58B5D89D4A31C1A 1x",/us/c/reptiles/lizards/crested-geckos/2457902,,"https://d20zyr0oabjxc2.cloudfront.net/variants/media/raw_images/cassiescritters/2024/07/20240728004828.142-IMG_4254-396x396c.jpeg?signature=0BA52A69CD4FDD232E95946CB1B5AAB6EDBDE5FDBDCB6C1A09FB2BF2CC8797F0 2x, https://d20zyr0oabjxc2.cloudfront.net/variants/media/raw_images/cassiescritters/2024/07/20240728004828.142-IMG_4254-198x198c.jpeg?signature=293A710FCBF7E54A1B61A7D565A090F48F9BDB6358A27AEBF58B5D89D4A31C1A 1x"
EmptyBack pinstripe,pinstripe,"https://d20zyr0oabjxc2.cloudfront.net/variants/media/raw_images/yayis_sales19/2024/06/20240619015345.869-IMG_8382-396x396c.jpeg?signature=FF139447DCDD72FDF31DAB02A93ACCF7BBFD437BE2086D9276A99CBD428801C8 2x, https://d20zyr0oabjxc2.cloudfront.net/variants/media/raw_images/yayis_sales19/2024/06/20240619015345.869-IMG_8382-198x198c.jpeg?signature=CED0ABF0E0B704E21AC60801F3AF31E2F2E0C86F2C7F742BC08B5A9BE5BCA1E9 1x",/us/c/reptiles/lizards/crested-geckos/2385313,,"https://d20zyr0oabjxc2.cloudfront.net/variants/media/raw_images/yayis_sales19/2024/06/20240619015345.869-IMG_8382-396x396c.jpeg?signature=FF139447DCDD72FDF31DAB02A93ACCF7BBFD437BE2086D9276A99CBD428801C8 2x, https://d20zyr0oabjxc2.cloudfront.net/variants/media/raw_images/yayis_sales19/2024/06/20240619015345.869-IMG_8382-198x198c.jpeg?signature=CED0ABF0E0B704E21AC60801F3AF31E2F2E0C86F2C7F742BC08B5A9BE5BCA1E9 1x"
pinstripek Base Creamy pinstripe,pinstripek pinstripe,"https://d20zyr0oabjxc2.cloudfront.net/variants/media/raw_images/carnationcreations/2024/08/20240810090215.917-IMG_4976-396x396c.jpeg?signature=99F63FB9D6B59D144FC933074205639C95EF219A23C3E8175202F90AA73586BE 2x, https://d20zyr0oabjxc2.cloudfront.net/variants/media/raw_images/carnationcreations/2024/08/20240810090215.917-IMG_4976-198x198c.jpeg?signature=203AEAD6601A1857A093FD381332080354D8ECF49CD546BF5C2C48F6B798AFFA 1x",/us/c/reptiles/lizards/crested-geckos/2488766,,"https://d20zyr0oabjxc2.cloudfront.net/variants/media/raw_images/carnationcreations/2024/08/20240810090215.917-IMG_4976-396x396c.jpeg?signature=99F63FB9D6B59D144FC933074205639C95EF219A23C3E8175202F90AA73586BE 2x, https://d20zyr0oabjxc2.cloudfront.net/variants/media/raw_images/carnationcreations/2024/08/20240810090215.917-IMG_4976-198x198c.jpeg?signature=203AEAD6601A1857A093FD381332080354D8ECF49CD546BF5C2C48F6B798AFFA 1x"
Partial pinstripe With Dalmatian Spots,pinstripe Dalmatian,"https://d20zyr0oabjxc2.cloudfront.net/variants/media/raw_images/yayis_sales19/2024/06/20240625044403.264-IMG_8641-396x396c.jpeg?signature=B329D782732E45D2DE2D46C2E4A20D87E588D58D7ED9843B92966274E5D60C91 2x, https://d20zyr0oabjxc2.cloudfront.net/variants/media/raw_images/yayis_sales19/2024/06/20240625044403.264-IMG_8641-198x198c.jpeg?signature=0285F136C753C3406E6C8AD15A38BC4A7103279A73B2124B5FECDFE50CD279EF 1x",/us/c/reptiles/lizards/crested-geckos/2396064,,"https://d20zyr0oabjxc2.cloudfront.net/variants/media/raw_images/yayis_sales19/2024/06/20240625044403.264-IMG_8641-396x396c.jpeg?signature=B329D782732E45D2DE2D46C2E4A20D87E588D58D7ED9843B92966274E5D60C91 2x, https://d20zyr0oabjxc2.cloudfront.net/variants/media/raw_images/yayis_sales19/2024/06/20240625044403.264-IMG_8641-198x198c.jpeg?signature=0285F136C753C3406E6C8AD15A38BC4A7103279A73B2124B5FECDFE50CD279EF 1x"
pinstripe Baby Crested Gecko,pinstripe,"https://d20zyr0oabjxc2.cloudfront.net/variants/media/raw_images/yayis_sales19/2024/06/20240625041449.809-IMG_8624-396x396c.jpeg?signature=088E8CEA8C6FEC9D72446FD01EA845D5AB65FD78BC3E55979C3E9BF080026DF0 2x, https://d20zyr0oabjxc2.cloudfront.net/variants/media/raw_images/yayis_sales19/2024/06/20240625041449.809-IMG_8624-198x198c.jpeg?signature=FDE2D053D826B133F7A2161CD35DA9330FE2106BF44634191ECF9425CCC32B65 1x",/us/c/reptiles/lizards/crested-geckos/2396010,,"https://d20zyr0oabjxc2.cloudfront.net/variants/media/raw_images/yayis_sales19/2024/06/20240625041449.809-IMG_8624-396x396c.jpeg?signature=088E8CEA8C6FEC9D72446FD01EA845D5AB65FD78BC3E55979C3E9BF080026DF0 2x, https://d20zyr0oabjxc2.cloudfront.net/variants/media/raw_images/yayis_sales19/2024/06/20240625041449.809-IMG_8624-198x198c.jpeg?signature=FDE2D053D826B133F7A2161CD35DA9330FE2106BF44634191ECF9425CCC32B65 1x"
Lavender pinstripe,pinstripe,"https://d20zyr0oabjxc2.cloudfront.net/variants/media/raw_images/elephantbw/2024/06/20240622201124.143-IMG_4241-396x396c.jpeg?signature=3E523AF6EB23A24A5433A3073909DAC0E031DF1FC55A1A77D73DE981A05E97F0 2x, https://d20zyr0oabjxc2.cloudfront.net/variants/media/raw_images/elephantbw/2024/06/20240622201124.143-IMG_4241-198x198c.jpeg?signature=F071A191888D96FE1E385F6BE2B445D7ABD76AA5700B10A5EFF2C89A058AC8A0 1x",/us/c/reptiles/lizards/crested-geckos/2391633,,"https://d20zyr0oabjxc2.cloudfront.net/variants/media/raw_images/elephantbw/2024/06/20240622201124.143-IMG_4241-396x396c.jpeg?signature=3E523AF6EB23A24A5433A3073909DAC0E031DF1FC55A1A77D73DE981A05E97F0 2x, https://d20zyr0oabjxc2.cloudfront.net/variants/media/raw_images/elephantbw/2024/06/20240622201124.143-IMG_4241-198x198c.jpeg?signature=F071A191888D96FE1E385F6BE2B445D7ABD76AA5700B10A5EFF2C89A058AC8A0 1x"
,,,,,
2024 Orange Full pinstripe Pos Het Empty Back,pinstripe,"https://d20zyr0oabjxc2.cloudfront.net/variants/media/raw_images/vannsgecks/2024/05/20240520230457.543-438159015_7712936351-396x396c.jpeg?signature=30594B73FA9AC93D6FF62CC90BEACE278DB92C976C2BD465B43F85ABDD20C946 2x, https://d20zyr0oabjxc2.cloudfront.net/variants/media/raw_images/vannsgecks/2024/05/20240520230457.543-438159015_7712936351-198x198c.jpeg?signature=5FD044B81156A2A848B62442F3CA07AE2AD157F9F07592F50C7B313878D45F1C 1x",/us/c/reptiles/lizards/crested-geckos/2334785,,"https://d20zyr0oabjxc2.cloudfront.net/variants/media/raw_images/vannsgecks/2024/05/20240520230457.543-438159015_7712936351-396x396c.jpeg?signature=30594B73FA9AC93D6FF62CC90BEACE278DB92C976C2BD465B43F85ABDD20C946 2x, https://d20zyr0oabjxc2.cloudfront.net/variants/media/raw_images/vannsgecks/2024/05/20240520230457.543-438159015_7712936351-198x198c.jpeg?signature=5FD044B81156A2A848B62442F3CA07AE2AD157F9F07592F50C7B313878D45F1C 1x"
Lavender pinstripe Dalmatian,pinstripe Dalmatian,"https://d20zyr0oabjxc2.cloudfront.net/variants/media/raw_images/valleyrhacs/2024/05/20240511211941.37-IMG_1607-396x396c.jpeg?signature=62AA1C7F323132D519D4D50A24D1C4D4879A56ABDEC95333D44424FF833398A5 2x, https://d20zyr0oabjxc2.cloudfront.net/variants/media/raw_images/valleyrhacs/2024/05/20240511211941.37-IMG_1607-198x198c.jpeg?signature=C05D20B10CE43058CDCC2A244D51581FC6FE35A6F59680850DA41C8528B284F7 1x",/us/c/reptiles/lizards/crested-geckos/2321576,,"https://d20zyr0oabjxc2.cloudfront.net/variants/media/raw_images/valleyrhacs/2024/05/20240511211941.37-IMG_1607-396x396c.jpeg?signature=62AA1C7F323132D519D4D50A24D1C4D4879A56ABDEC95333D44424FF833398A5 2x, https://d20zyr0oabjxc2.cloudfront.net/variants/media/raw_images/valleyrhacs/2024/05/20240511211941.37-IMG_1607-198x198c.jpeg?signature=C05D20B10CE43058CDCC2A244D51581FC6FE35A6F59680850DA41C8528B284F7 1x"
dark And White pinstripe,dark pinstripe,"https://d20zyr0oabjxc2.cloudfront.net/variants/media/raw_images/keys_geckos/2024/08/20240820204533.42-A7B00018-396x396c.jpeg?signature=F144D80ED1882E827F83305B842B793A6B7C992C8F742F719155B1A0AFE2F815 2x, https://d20zyr0oabjxc2.cloudfront.net/variants/media/raw_images/keys_geckos/2024/08/20240820204533.42-A7B00018-198x198c.jpeg?signature=2D8134E661E2C26A9D403B25C383EBFB5C2AC9EF1B3838C71633C728A8CBC126 1x",/us/c/reptiles/lizards/crested-geckos/2513002,,"https://d20zyr0oabjxc2.cloudfront.net/variants/media/raw_images/keys_geckos/2024/08/20240820204533.42-A7B00018-396x396c.jpeg?signature=F144D80ED1882E827F83305B842B793A6B7C992C8F742F719155B1A0AFE2F815 2x, https://d20zyr0oabjxc2.cloudfront.net/variants/media/raw_images/keys_geckos/2024/08/20240820204533.42-A7B00018-198x198c.jpeg?signature=2D8134E661E2C26A9D403B25C383EBFB5C2AC9EF1B3838C71633C728A8CBC126 1x"
Whiteout pinstripe Baby Crested Gecko,pinstripe,"https://d20zyr0oabjxc2.cloudfront.net/variants/media/raw_images/yayis_sales19/2024/06/20240625043427.639-IMG_8636-396x396c.jpeg?signature=B92D0CF487EDCBF7472513D4B5739BFB95008AFD60FB32361508AFE569C0A18D 2x, https://d20zyr0oabjxc2.cloudfront.net/variants/media/raw_images/yayis_sales19/2024/06/20240625043427.639-IMG_8636-198x198c.jpeg?signature=E5A46616A1BFA7733A0827DF26543C66945293063B3EBFE5D0666CEB3E55CC85 1x",/us/c/reptiles/lizards/crested-geckos/2396042,,"https://d20zyr0oabjxc2.cloudfront.net/variants/media/raw_images/yayis_sales19/2024/06/20240625043427.639-IMG_8636-396x396c.jpeg?signature=B92D0CF487EDCBF7472513D4B5739BFB95008AFD60FB32361508AFE569C0A18D 2x, https://d20zyr0oabjxc2.cloudfront.net/variants/media/raw_images/yayis_sales19/2024/06/20240625043427.639-IMG_8636-198x198c.jpeg?signature=E5A46616A1BFA7733A0827DF26543C66945293063B3EBFE5D0666CEB3E55CC85 1x"
Reverse pinstripe Stripe,pinstripe,"https://d20zyr0oabjxc2.cloudfront.net/variants/media/raw_images/gargguy/2024/08/20240813181855.862-IMG_4203-396x396c.jpeg?signature=B25C499FC8D34156434CD46AFCA2284D1CF3F8937216A80424BD7F2DA40C4092 2x, https://d20zyr0oabjxc2.cloudfront.net/variants/media/raw_images/gargguy/2024/08/20240813181855.862-IMG_4203-198x198c.jpeg?signature=138702198FE81662B1D89A794329DDF8DB5DB5DB647C0AB41A3E28CCD189335A 1x",/us/c/reptiles/lizards/crested-geckos/2496760,,"https://d20zyr0oabjxc2.cloudfront.net/variants/media/raw_images/gargguy/2024/08/20240813181855.862-IMG_4203-396x396c.jpeg?signature=B25C499FC8D34156434CD46AFCA2284D1CF3F8937216A80424BD7F2DA40C4092 2x, https://d20zyr0oabjxc2.cloudfront.net/variants/media/raw_images/gargguy/2024/08/20240813181855.862-IMG_4203-198x198c.jpeg?signature=138702198FE81662B1D89A794329DDF8DB5DB5DB647C0AB41A3E28CCD189335A 1x"
pinstripe Super Stripe Softscale,pinstripe,"https://d20zyr0oabjxc2.cloudfront.net/variants/media/raw_images/hybridgeckos/2024/09/20240912012217.11-IMG_3798-396x396c.jpeg?signature=4FAAA0C08EA139E8EA5A8E1D3DBC963F0E632FB6A893FBFFF49F2C771EFFB4C4 2x, https://d20zyr0oabjxc2.cloudfront.net/variants/media/raw_images/hybridgeckos/2024/09/20240912012217.11-IMG_3798-198x198c.jpeg?signature=E39FD1D9315D3B7D7080C3D7D2095EADB32DD38AC158980362BBEF7AD3C41A76 1x",/us/c/reptiles/lizards/crested-geckos/2531793,,"https://d20zyr0oabjxc2.cloudfront.net/variants/media/raw_images/hybridgeckos/2024/09/20240912012217.11-IMG_3798-396x396c.jpeg?signature=4FAAA0C08EA139E8EA5A8E1D3DBC963F0E632FB6A893FBFFF49F2C771EFFB4C4 2x, https://d20zyr0oabjxc2.cloudfront.net/variants/media/raw_images/hybridgeckos/2024/09/20240912012217.11-IMG_3798-198x198c.jpeg?signature=E39FD1D9315D3B7D7080C3D7D2095EADB32DD38AC158980362BBEF7AD3C41A76 1x"
Citrus Brindle pinstripe,pinstripe,"https://d20zyr0oabjxc2.cloudfront.net/variants/media/raw_images/elephantbw/2024/06/20240622021851.286-IMG_4235-396x396c.jpeg?signature=D5E23DB511F96DE6E78379D9786A8519CDFB1BFE0AC3FBEEF81AF79CFAC58B8C 2x, https://d20zyr0oabjxc2.cloudfront.net/variants/media/raw_images/elephantbw/2024/06/20240622021851.286-IMG_4235-198x198c.jpeg?signature=02544B51C3008F035C2F37F36E808CA187930A5E1C4F6AD93A417492C681E0B1 1x",/us/c/reptiles/lizards/crested-geckos/2390632,,"https://d20zyr0oabjxc2.cloudfront.net/variants/media/raw_images/elephantbw/2024/06/20240622021851.286-IMG_4235-396x396c.jpeg?signature=D5E23DB511F96DE6E78379D9786A8519CDFB1BFE0AC3FBEEF81AF79CFAC58B8C 2x, https://d20zyr0oabjxc2.cloudfront.net/variants/media/raw_images/elephantbw/2024/06/20240622021851.286-IMG_4235-198x198c.jpeg?signature=02544B51C3008F035C2F37F36E808CA187930A5E1C4F6AD93A417492C681E0B1 1x"
Cream pinstripe,pinstripe,"https://d20zyr0oabjxc2.cloudfront.net/variants/media/raw_images/mvalentinl/2024/06/20240603221938.652-IMG_6263-396x396c.jpeg?signature=6AB87D05010FFFBEA2D9DC772AE3484A8117EA7352A17D1F28C341E95AADCB63 2x, https://d20zyr0oabjxc2.cloudfront.net/variants/media/raw_images/mvalentinl/2024/06/20240603221938.652-IMG_6263-198x198c.jpeg?signature=00525ACD569535EA1665C8BCC62CC5DC8CD72A495F45C5438A070DE5722DF6F0 1x",/us/c/reptiles/lizards/crested-geckos/2239949,,"https://d20zyr0oabjxc2.cloudfront.net/variants/media/raw_images/mvalentinl/2024/06/20240603221938.652-IMG_6263-396x396c.jpeg?signature=6AB87D05010FFFBEA2D9DC772AE3484A8117EA7352A17D1F28C341E95AADCB63 2x, https://d20zyr0oabjxc2.cloudfront.net/variants/media/raw_images/mvalentinl/2024/06/20240603221938.652-IMG_6263-198x198c.jpeg?signature=00525ACD569535EA1665C8BCC62CC5DC8CD72A495F45C5438A070DE5722DF6F0 1x"
Partial pinstripe Possible Soft Scale,pinstripe,"https://d20zyr0oabjxc2.cloudfront.net/variants/media/raw_images/jcsmith/2024/02/20240222185406.303-IMG_1293-396x396c.jpeg?signature=2B11DBCEA18D1DC76F3A0895A3BA4A54564B09A546491F35B991AE5EA85C179E 2x, https://d20zyr0oabjxc2.cloudfront.net/variants/media/raw_images/jcsmith/2024/02/20240222185406.303-IMG_1293-198x198c.jpeg?signature=0A7C81BF18BD8C51B6A869A6665454ABDC3519E8C1754466026A442A3CFC6FDE 1x",/us/c/reptiles/lizards/crested-geckos/2184562,,"https://d20zyr0oabjxc2.cloudfront.net/variants/media/raw_images/jcsmith/2024/02/20240222185406.303-IMG_1293-396x396c.jpeg?signature=2B11DBCEA18D1DC76F3A0895A3BA4A54564B09A546491F35B991AE5EA85C179E 2x, https://d20zyr0oabjxc2.cloudfront.net/variants/media/raw_images/jcsmith/2024/02/20240222185406.303-IMG_1293-198x198c.jpeg?signature=0A7C81BF18BD8C51B6A869A6665454ABDC3519E8C1754466026A442A3CFC6FDE 1x"
pinstripe Stripe,pinstripe,"https://d20zyr0oabjxc2.cloudfront.net/variants/media/raw_images/gargguy/2024/08/20240813181247.62-IMG_4201-396x396c.jpeg?signature=F6151A1884FCC68B88DD6E43BCB9569C17D2B9957BF697F6FB861E7BADAD6757 2x, https://d20zyr0oabjxc2.cloudfront.net/variants/media/raw_images/gargguy/2024/08/20240813181247.62-IMG_4201-198x198c.jpeg?signature=9CD67F6CD27D832491A8154E89427B574116EF669DD1E1723F605429679CF3B7 1x",/us/c/reptiles/lizards/crested-geckos/2496741,,"https://d20zyr0oabjxc2.cloudfront.net/variants/media/raw_images/gargguy/2024/08/20240813181247.62-IMG_4201-396x396c.jpeg?signature=F6151A1884FCC68B88DD6E43BCB9569C17D2B9957BF697F6FB861E7BADAD6757 2x, https://d20zyr0oabjxc2.cloudfront.net/variants/media/raw_images/gargguy/2024/08/20240813181247.62-IMG_4201-198x198c.jpeg?signature=9CD67F6CD27D832491A8154E89427B574116EF669DD1E1723F605429679CF3B7 1x"
Partial pinstripe Male,pinstripe,"https://d20zyr0oabjxc2.cloudfront.net/variants/media/raw_images/carolyn411/2024/05/20240527000828.466-1000012624-396x396c.jpeg?signature=BD0C32F688081DBB5CF80A319BC03A58DD7FD257BB960D4D84EBCDBF1F15F07F 2x, https://d20zyr0oabjxc2.cloudfront.net/variants/media/raw_images/carolyn411/2024/05/20240527000828.466-1000012624-198x198c.jpeg?signature=67568E8E70C74D1B79591A054F9BA9311CA23393B34FBB183327F464D199D068 1x",/us/c/reptiles/lizards/crested-geckos/2344014,,"https://d20zyr0oabjxc2.cloudfront.net/variants/media/raw_images/carolyn411/2024/05/20240527000828.466-1000012624-396x396c.jpeg?signature=BD0C32F688081DBB5CF80A319BC03A58DD7FD257BB960D4D84EBCDBF1F15F07F 2x, https://d20zyr0oabjxc2.cloudfront.net/variants/media/raw_images/carolyn411/2024/05/20240527000828.466-1000012624-198x198c.jpeg?signature=67568E8E70C74D1B79591A054F9BA9311CA23393B34FBB183327F464D199D068 1x"
Dark pinstripe,Dark pinstripe,"https://d20zyr0oabjxc2.cloudfront.net/variants/media/raw_images/silvabak/2024/08/20240805191354.34-Storm1-396x396c.jpeg?signature=FAD7EB733CE971894E03C07386F400DADC533223788CE757FC7D6ADC15BD1B38 2x, https://d20zyr0oabjxc2.cloudfront.net/variants/media/raw_images/silvabak/2024/08/20240805191354.34-Storm1-198x198c.jpeg?signature=161B80315744E48FCB2270EE01BE662D513093980472954A5FB32839E241D517 1x",/us/c/reptiles/lizards/crested-geckos/2477099,,"https://d20zyr0oabjxc2.cloudfront.net/variants/media/raw_images/silvabak/2024/08/20240805191354.34-Storm1-396x396c.jpeg?signature=FAD7EB733CE971894E03C07386F400DADC533223788CE757FC7D6ADC15BD1B38 2x, https://d20zyr0oabjxc2.cloudfront.net/variants/media/raw_images/silvabak/2024/08/20240805191354.34-Storm1-198x198c.jpeg?signature=161B80315744E48FCB2270EE01BE662D513093980472954A5FB32839E241D517 1x"
pinstripe Dalmatian,pinstripe Dalmatian,"https://d20zyr0oabjxc2.cloudfront.net/variants/media/raw_images/carolyn411/2024/08/20240806003342.977-1000019775-396x396c.jpeg?signature=CBD518509C70427A8E59824A162397924BB7D2B423D8CA92E5EB68BEECD53714 2x, https://d20zyr0oabjxc2.cloudfront.net/variants/media/raw_images/carolyn411/2024/08/20240806003342.977-1000019775-198x198c.jpeg?signature=3E58CF64941E9A15390F34630222C9400DA18CACE1E446685CEC4B23747E47F7 1x",/us/c/reptiles/lizards/crested-geckos/2406823,,"https://d20zyr0oabjxc2.cloudfront.net/variants/media/raw_images/carolyn411/2024/08/20240806003342.977-1000019775-396x396c.jpeg?signature=CBD518509C70427A8E59824A162397924BB7D2B423D8CA92E5EB68BEECD53714 2x, https://d20zyr0oabjxc2.cloudfront.net/variants/media/raw_images/carolyn411/2024/08/20240806003342.977-1000019775-198x198c.jpeg?signature=3E58CF64941E9A15390F34630222C9400DA18CACE1E446685CEC4B23747E47F7 1x"
50% Het Axanthic Orange pinstripe,pinstripe,"https://d20zyr0oabjxc2.cloudfront.net/variants/media/raw_images/flagship_reptiles/2023/01/20230105013704.38-GaZa06-1-396x396c.jpeg?signature=4416369C5570F59ECE05BAA1CD17917275F8CD21BDB3EE20F4B5FC602A93F9CE 2x, https://d20zyr0oabjxc2.cloudfront.net/variants/media/raw_images/flagship_reptiles/2023/01/20230105013704.38-GaZa06-1-198x198c.jpeg?signature=FFFEC8D0F6E6FB09F7F47AF4A6D30F49E317647E14D8FAE5EE994083C40E649D 1x",/us/c/reptiles/lizards/crested-geckos/1384729,,"https://d20zyr0oabjxc2.cloudfront.net/variants/media/raw_images/flagship_reptiles/2023/01/20230105013704.38-GaZa06-1-396x396c.jpeg?signature=4416369C5570F59ECE05BAA1CD17917275F8CD21BDB3EE20F4B5FC602A93F9CE 2x, https://d20zyr0oabjxc2.cloudfront.net/variants/media/raw_images/flagship_reptiles/2023/01/20230105013704.38-GaZa06-1-198x198c.jpeg?signature=FFFEC8D0F6E6FB09F7F47AF4A6D30F49E317647E14D8FAE5EE994083C40E649D 1x"
Dark pinstripe (Proven Breeder),Dark pinstripe,"https://d20zyr0oabjxc2.cloudfront.net/variants/media/raw_images/allstar-exotics/2024/03/20240306222608.857-0272CEE2-8DA1-4785-A-396x396c.jpeg?signature=DF6D5D6FD58427E21829D13E62E1E87732AB3C9158B9C5ABE7649D75D067F544 2x, https://d20zyr0oabjxc2.cloudfront.net/variants/media/raw_images/allstar-exotics/2024/03/20240306222608.857-0272CEE2-8DA1-4785-A-198x198c.jpeg?signature=38B9915009120310EAB8CF1FCCA3ED66B32CF8D6FC0F2B40D2BF0EF1DF6D1FC8 1x",/us/c/reptiles/lizards/crested-geckos/2210539,,"https://d20zyr0oabjxc2.cloudfront.net/variants/media/raw_images/allstar-exotics/2024/03/20240306222608.857-0272CEE2-8DA1-4785-A-396x396c.jpeg?signature=DF6D5D6FD58427E21829D13E62E1E87732AB3C9158B9C5ABE7649D75D067F544 2x, https://d20zyr0oabjxc2.cloudfront.net/variants/media/raw_images/allstar-exotics/2024/03/20240306222608.857-0272CEE2-8DA1-4785-A-198x198c.jpeg?signature=38B9915009120310EAB8CF1FCCA3ED66B32CF8D6FC0F2B40D2BF0EF1DF6D1FC8 1x"
PET ONLY- Lavendar pinstripeestripe,pinstripeestripe,"https://d20zyr0oabjxc2.cloudfront.net/variants/media/raw_images/junglejen27/2024/08/20240825184400.11-IMG_0285-396x396c.jpeg?signature=8FB25BAF2FADF5561039E245BDB09C859C3A772F216E9DA09F34209253066438 2x, https://d20zyr0oabjxc2.cloudfront.net/variants/media/raw_images/junglejen27/2024/08/20240825184400.11-IMG_0285-198x198c.jpeg?signature=67E9E50E9259734BB6F9CADD829FEE66B64368A3CCD4983667FD99D9738B0713 1x",/us/c/reptiles/lizards/crested-geckos/2525228,,"https://d20zyr0oabjxc2.cloudfront.net/variants/media/raw_images/junglejen27/2024/08/20240825184400.11-IMG_0285-396x396c.jpeg?signature=8FB25BAF2FADF5561039E245BDB09C859C3A772F216E9DA09F34209253066438 2x, https://d20zyr0oabjxc2.cloudfront.net/variants/media/raw_images/junglejen27/2024/08/20240825184400.11-IMG_0285-198x198c.jpeg?signature=67E9E50E9259734BB6F9CADD829FEE66B64368A3CCD4983667FD99D9738B0713 1x"
**RTB** Dark Quad Full pinstripe,Dark pinstripe,"https://d20zyr0oabjxc2.cloudfront.net/variants/media/raw_images/gina_k/2024/08/20240828034054.366-IMG_0199-396x396c.jpeg?signature=1273AA7DB92B01492189F79C3A0C0FEE02C5BBEA5A633DDBE56C0AB9718D2545 2x, https://d20zyr0oabjxc2.cloudfront.net/variants/media/raw_images/gina_k/2024/08/20240828034054.366-IMG_0199-198x198c.jpeg?signature=970213CF8630B37415078B97B6C62DA29F4CB0E1DD5C1622640D7BD197311540 1x",/us/c/reptiles/lizards/crested-geckos/2531831,,"https://d20zyr0oabjxc2.cloudfront.net/variants/media/raw_images/gina_k/2024/08/20240828034054.366-IMG_0199-396x396c.jpeg?signature=1273AA7DB92B01492189F79C3A0C0FEE02C5BBEA5A633DDBE56C0AB9718D2545 2x, https://d20zyr0oabjxc2.cloudfront.net/variants/media/raw_images/gina_k/2024/08/20240828034054.366-IMG_0199-198x198c.jpeg?signature=970213CF8630B37415078B97B6C62DA29F4CB0E1DD5C1622640D7BD197311540 1x"
100% Het Axanthic pinstripe Creamsicle Proven Male,pinstripe,"https://d20zyr0oabjxc2.cloudfront.net/variants/media/raw_images/kenneth_reptile/2024/08/20240815165548.879-KakaoTalk_20240815_1-396x396c.jpeg?signature=96A61E9065ACBAF3D763D760A746CCE3A4F95625C6D0C653EBA10C553915BA11 2x, https://d20zyr0oabjxc2.cloudfront.net/variants/media/raw_images/kenneth_reptile/2024/08/20240815165548.879-KakaoTalk_20240815_1-198x198c.jpeg?signature=B2421382C6ADF05DCC4FFC21A052D48B72A23D1EFA48813CB0FD29F8A5F647FA 1x",/us/c/reptiles/lizards/crested-geckos/2501391,,"https://d20zyr0oabjxc2.cloudfront.net/variants/media/raw_images/kenneth_reptile/2024/08/20240815165548.879-KakaoTalk_20240815_1-396x396c.jpeg?signature=96A61E9065ACBAF3D763D760A746CCE3A4F95625C6D0C653EBA10C553915BA11 2x, https://d20zyr0oabjxc2.cloudfront.net/variants/media/raw_images/kenneth_reptile/2024/08/20240815165548.879-KakaoTalk_20240815_1-198x198c.jpeg?signature=B2421382C6ADF05DCC4FFC21A052D48B72A23D1EFA48813CB0FD29F8A5F647FA 1x"
Female pinstripe Dalmatian,pinstripe Dalmatian,"https://d20zyr0oabjxc2.cloudfront.net/variants/media/raw_images/carolyn411/2024/08/20240806002532.48-1000019842-396x396c.jpeg?signature=DCF65D5759925AF20926732D0ECB461290682550BE7640ABAFCA4ECA7CF09475 2x, https://d20zyr0oabjxc2.cloudfront.net/variants/media/raw_images/carolyn411/2024/08/20240806002532.48-1000019842-198x198c.jpeg?signature=F1AFD72682BE55F0B108582AD933F183A77607F42D4C720D26510A6DF8951211 1x",/us/c/reptiles/lizards/crested-geckos/2406886,,"https://d20zyr0oabjxc2.cloudfront.net/variants/media/raw_images/carolyn411/2024/08/20240806002532.48-1000019842-396x396c.jpeg?signature=DCF65D5759925AF20926732D0ECB461290682550BE7640ABAFCA4ECA7CF09475 2x, https://d20zyr0oabjxc2.cloudfront.net/variants/media/raw_images/carolyn411/2024/08/20240806002532.48-1000019842-198x198c.jpeg?signature=F1AFD72682BE55F0B108582AD933F183A77607F42D4C720D26510A6DF8951211 1x"
Tri pinstripe,pinstripe,"https://d20zyr0oabjxc2.cloudfront.net/variants/media/raw_images/silvabak/2024/08/20240805183957.756-Hawkeye1-396x396c.jpeg?signature=B68655948E8EC0F4F29881D4E38959FDB02AB8AC3E2145CF80DA5BC41BD32223 2x, https://d20zyr0oabjxc2.cloudfront.net/variants/media/raw_images/silvabak/2024/08/20240805183957.756-Hawkeye1-198x198c.jpeg?signature=1DFAC5A79C4E882C8E390DE6986BB9916FD30C4F391F8159A02E8D8A3F2BCB1E 1x",/us/c/reptiles/lizards/crested-geckos/2308652,,"https://d20zyr0oabjxc2.cloudfront.net/variants/media/raw_images/silvabak/2024/08/20240805183957.756-Hawkeye1-396x396c.jpeg?signature=B68655948E8EC0F4F29881D4E38959FDB02AB8AC3E2145CF80DA5BC41BD32223 2x, https://d20zyr0oabjxc2.cloudfront.net/variants/media/raw_images/silvabak/2024/08/20240805183957.756-Hawkeye1-198x198c.jpeg?signature=1DFAC5A79C4E882C8E390DE6986BB9916FD30C4F391F8159A02E8D8A3F2BCB1E 1x"
Remy- Dark Based Snowflake pinstripe,Dark pinstripe,"https://d20zyr0oabjxc2.cloudfront.net/variants/media/raw_images/eyelashexotics/2024/08/20240823175238.685-IMG_0981-396x396c.jpeg?signature=8FF63F20566A709FD320E4B647D06456C73AB24BC8DD59A25A7BB66A63E22484 2x, https://d20zyr0oabjxc2.cloudfront.net/variants/media/raw_images/eyelashexotics/2024/08/20240823175238.685-IMG_0981-198x198c.jpeg?signature=5AD3402AF3AA894F74B6E328DEB2C94669F4FE5623F25ADAAFDED5E79A6B8F12 1x",/us/c/reptiles/lizards/crested-geckos/2518210,,"https://d20zyr0oabjxc2.cloudfront.net/variants/media/raw_images/eyelashexotics/2024/08/20240823175238.685-IMG_0981-396x396c.jpeg?signature=8FF63F20566A709FD320E4B647D06456C73AB24BC8DD59A25A7BB66A63E22484 2x, https://d20zyr0oabjxc2.cloudfront.net/variants/media/raw_images/eyelashexotics/2024/08/20240823175238.685-IMG_0981-198x198c.jpeg?signature=5AD3402AF3AA894F74B6E328DEB2C94669F4FE5623F25ADAAFDED5E79A6B8F12 1x"
pinstripe With Dalmatian Spots Baby Crested Gecko,pinstripe Dalmatian,"https://d20zyr0oabjxc2.cloudfront.net/variants/media/raw_images/yayis_sales19/2024/06/20240625165056.786-IMG_8649-396x396c.jpeg?signature=B6BAC246C66480E8B2A9A649BB87E26A8DE8D1C67E98BF8F4266FC325E1370B9 2x, https://d20zyr0oabjxc2.cloudfront.net/variants/media/raw_images/yayis_sales19/2024/06/20240625165056.786-IMG_8649-198x198c.jpeg?signature=190884742C402F1B07A06FD8C16999A2F9EB75708A2604D157AC3F82DEB12020 1x",/us/c/reptiles/lizards/crested-geckos/2396773,,"https://d20zyr0oabjxc2.cloudfront.net/variants/media/raw_images/yayis_sales19/2024/06/20240625165056.786-IMG_8649-396x396c.jpeg?signature=B6BAC246C66480E8B2A9A649BB87E26A8DE8D1C67E98BF8F4266FC325E1370B9 2x, https://d20zyr0oabjxc2.cloudfront.net/variants/media/raw_images/yayis_sales19/2024/06/20240625165056.786-IMG_8649-198x198c.jpeg?signature=190884742C402F1B07A06FD8C16999A2F9EB75708A2604D157AC3F82DEB12020 1x"
Bright Tangerine pinstripe,pinstripe,"https://d20zyr0oabjxc2.cloudfront.net/variants/media/raw_images/dragonheart8813/2023/10/20231017151448.574-PXL_20230806_1601300-396x396c.jpeg?signature=1F40109AC75C28FFD5BE57669AEDDA6C41ED7FA716B3DA81F3E9D32F80BE3286 2x, https://d20zyr0oabjxc2.cloudfront.net/variants/media/raw_images/dragonheart8813/2023/10/20231017151448.574-PXL_20230806_1601300-198x198c.jpeg?signature=09A7870BD64AD3360BF556CFD74C1D9D64460678E74FC02F1CD0B585306BEAA3 1x",/us/c/reptiles/lizards/crested-geckos/1937724,,"https://d20zyr0oabjxc2.cloudfront.net/variants/media/raw_images/dragonheart8813/2023/10/20231017151448.574-PXL_20230806_1601300-396x396c.jpeg?signature=1F40109AC75C28FFD5BE57669AEDDA6C41ED7FA716B3DA81F3E9D32F80BE3286 2x, https://d20zyr0oabjxc2.cloudfront.net/variants/media/raw_images/dragonheart8813/2023/10/20231017151448.574-PXL_20230806_1601300-198x198c.jpeg?signature=09A7870BD64AD3360BF556CFD74C1D9D64460678E74FC02F1CD0B585306BEAA3 1x"
"""Rex"" - Red pinstripe Juvenile Crested Gecko. High Contrast + White Tail",Red pinstripe,"https://d20zyr0oabjxc2.cloudfront.net/variants/media/raw_images/katsaquatics/2024/06/20240630200755.934-IMG_1163.HEIC-396x396c.jpeg?signature=FB5E1508429F0F1F534C2BBB534FD97141C19BDE3068C97D1E7E91E9AC73C9B3 2x, https://d20zyr0oabjxc2.cloudfront.net/variants/media/raw_images/katsaquatics/2024/06/20240630200755.934-IMG_1163.HEIC-198x198c.jpeg?signature=C8805868864D79D9AD2AD89DFC428742850F3F85B561F5F7EC8FF382CFF2D8F4 1x",/us/c/reptiles/lizards/crested-geckos/2406186,,"https://d20zyr0oabjxc2.cloudfront.net/variants/media/raw_images/katsaquatics/2024/06/20240630200755.934-IMG_1163.HEIC-396x396c.jpeg?signature=FB5E1508429F0F1F534C2BBB534FD97141C19BDE3068C97D1E7E91E9AC73C9B3 2x, https://d20zyr0oabjxc2.cloudfront.net/variants/media/raw_images/katsaquatics/2024/06/20240630200755.934-IMG_1163.HEIC-198x198c.jpeg?signature=C8805868864D79D9AD2AD89DFC428742850F3F85B561F5F7EC8FF382CFF2D8F4 1x"
White Wall pinstripe,pinstripe,"https://d20zyr0oabjxc2.cloudfront.net/variants/media/raw_images/nichole79/2024/09/20240906180122.557-IMG_7531-396x396c.jpeg?signature=CCEBC030328702BB269903886201F5179CFDD4768F819746854C2568EBE32CF9 2x, https://d20zyr0oabjxc2.cloudfront.net/variants/media/raw_images/nichole79/2024/09/20240906180122.557-IMG_7531-198x198c.jpeg?signature=94B1ED924E4C819B3B91E986AF9423C58207AEBF05310D7F6863369B15A42DFB 1x",/us/c/reptiles/lizards/crested-geckos/2558847,,"https://d20zyr0oabjxc2.cloudfront.net/variants/media/raw_images/nichole79/2024/09/20240906180122.557-IMG_7531-396x396c.jpeg?signature=CCEBC030328702BB269903886201F5179CFDD4768F819746854C2568EBE32CF9 2x, https://d20zyr0oabjxc2.cloudfront.net/variants/media/raw_images/nichole79/2024/09/20240906180122.557-IMG_7531-198x198c.jpeg?signature=94B1ED924E4C819B3B91E986AF9423C58207AEBF05310D7F6863369B15A42DFB 1x"
Lavender pinstripe,pinstripe,"https://d20zyr0oabjxc2.cloudfront.net/variants/media/raw_images/rodneyandheather/2024/06/20240601155431.587-1000014366-396x396c.jpeg?signature=339B9EDDD1B3476ABF620FD9B16825BF4DA78F38D4D289BB1208ED4FEFCBC1AB 2x, https://d20zyr0oabjxc2.cloudfront.net/variants/media/raw_images/rodneyandheather/2024/06/20240601155431.587-1000014366-198x198c.jpeg?signature=BD39BB3D4A536B5C8B70F4893EC519E2CC9892376C7ECD9A7E6E8298F002041C 1x",/us/c/reptiles/lizards/crested-geckos/2353541,,"https://d20zyr0oabjxc2.cloudfront.net/variants/media/raw_images/rodneyandheather/2024/06/20240601155431.587-1000014366-396x396c.jpeg?signature=339B9EDDD1B3476ABF620FD9B16825BF4DA78F38D4D289BB1208ED4FEFCBC1AB 2x, https://d20zyr0oabjxc2.cloudfront.net/variants/media/raw_images/rodneyandheather/2024/06/20240601155431.587-1000014366-198x198c.jpeg?signature=BD39BB3D4A536B5C8B70F4893EC519E2CC9892376C7ECD9A7E6E8298F002041C 1x"
pinstripe Super Stripe Soft Scale,pinstripe,"https://d20zyr0oabjxc2.cloudfront.net/variants/media/raw_images/hybridgeckos/2024/09/20240912013101.523-IMG_3945-396x396c.jpeg?signature=47AD51530E3196561CD51FD0C6C229019CB6A7FF5646D46B643174BB6B2588F6 2x, https://d20zyr0oabjxc2.cloudfront.net/variants/media/raw_images/hybridgeckos/2024/09/20240912013101.523-IMG_3945-198x198c.jpeg?signature=587F371759B6DD13F98AE884A631FD00A57DF2A5AFDD6F92F2F7B00A892864F3 1x",/us/c/reptiles/lizards/crested-geckos/2548665,,"https://d20zyr0oabjxc2.cloudfront.net/variants/media/raw_images/hybridgeckos/2024/09/20240912013101.523-IMG_3945-396x396c.jpeg?signature=47AD51530E3196561CD51FD0C6C229019CB6A7FF5646D46B643174BB6B2588F6 2x, https://d20zyr0oabjxc2.cloudfront.net/variants/media/raw_images/hybridgeckos/2024/09/20240912013101.523-IMG_3945-198x198c.jpeg?signature=587F371759B6DD13F98AE884A631FD00A57DF2A5AFDD6F92F2F7B00A892864F3 1x"
Cupid X Ghoul Yellow Full pinstripe,Yellow pinstripe,"https://d20zyr0oabjxc2.cloudfront.net/variants/media/raw_images/graym215/2023/12/20231229225929.366-IMG_8121-396x396c.jpeg?signature=1D09545F7E98F8AFAB6312956CDCFA801850A1BF24FA2729A65E58BFFB6D0E06 2x, https://d20zyr0oabjxc2.cloudfront.net/variants/media/raw_images/graym215/2023/12/20231229225929.366-IMG_8121-198x198c.jpeg?signature=C4725C1C7E2C8E1B578577D17211BD9CC2FC9EDE91989ECE310761E171F55FA2 1x",/us/c/reptiles/lizards/crested-geckos/2084181,,"https://d20zyr0oabjxc2.cloudfront.net/variants/media/raw_images/graym215/2023/12/20231229225929.366-IMG_8121-396x396c.jpeg?signature=1D09545F7E98F8AFAB6312956CDCFA801850A1BF24FA2729A65E58BFFB6D0E06 2x, https://d20zyr0oabjxc2.cloudfront.net/variants/media/raw_images/graym215/2023/12/20231229225929.366-IMG_8121-198x198c.jpeg?signature=C4725C1C7E2C8E1B578577D17211BD9CC2FC9EDE91989ECE310761E171F55FA2 1x"
Yellow Brindle pinstripe,Yellow pinstripe,"https://d20zyr0oabjxc2.cloudfront.net/variants/media/raw_images/lemon87/2024/09/20240906001118.34-GridArt_20240905_190-396x396c.jpeg?signature=96B8C43BFA3B94992C4B0CC2D2F2577267B5C43126EFD5005E354C6187141D22 2x, https://d20zyr0oabjxc2.cloudfront.net/variants/media/raw_images/lemon87/2024/09/20240906001118.34-GridArt_20240905_190-198x198c.jpeg?signature=7827724BB2D764EB35CB67B335D6033B9FBE0CB9D31A6F01D525B5426238D353 1x",/us/c/reptiles/lizards/crested-geckos/2161603,,"https://d20zyr0oabjxc2.cloudfront.net/variants/media/raw_images/lemon87/2024/09/20240906001118.34-GridArt_20240905_190-396x396c.jpeg?signature=96B8C43BFA3B94992C4B0CC2D2F2577267B5C43126EFD5005E354C6187141D22 2x, https://d20zyr0oabjxc2.cloudfront.net/variants/media/raw_images/lemon87/2024/09/20240906001118.34-GridArt_20240905_190-198x198c.jpeg?signature=7827724BB2D764EB35CB67B335D6033B9FBE0CB9D31A6F01D525B5426238D353 1x"
,,,,,
Dark Base Creamy pinstripe,Dark pinstripe,"https://d20zyr0oabjxc2.cloudfront.net/variants/media/raw_images/carnationcreations/2024/09/20240904013433.231-IMG_5756-396x396c.jpeg?signature=5952F03A5A34B84FEA609BC5D775578BB34DAAE8C6BD3078BBA40CB51A63971A 2x, https://d20zyr0oabjxc2.cloudfront.net/variants/media/raw_images/carnationcreations/2024/09/20240904013433.231-IMG_5756-198x198c.jpeg?signature=9CAA4BB7118BC8C831E6E212EC3C3D7B4C9E526105A51E0CF9B8F4C2F6CDCD48 1x",/us/c/reptiles/lizards/crested-geckos/2551582,,"https://d20zyr0oabjxc2.cloudfront.net/variants/media/raw_images/carnationcreations/2024/09/20240904013433.231-IMG_5756-396x396c.jpeg?signature=5952F03A5A34B84FEA609BC5D775578BB34DAAE8C6BD3078BBA40CB51A63971A 2x, https://d20zyr0oabjxc2.cloudfront.net/variants/media/raw_images/carnationcreations/2024/09/20240904013433.231-IMG_5756-198x198c.jpeg?signature=9CAA4BB7118BC8C831E6E212EC3C3D7B4C9E526105A51E0CF9B8F4C2F6CDCD48 1x"
Yellow Phantom pinstripe Dalmatian - Male,Yellow pinstripe Dalmatian,"https://d20zyr0oabjxc2.cloudfront.net/variants/media/raw_images/lowcountryreptiles/2023/12/20231227230541.421-IMG_9332-396x396c.jpeg?signature=A0BD85EA74A0690E4826FACF64C07B67CCD572548B5B002365A1C846E3B0EE42 2x, https://d20zyr0oabjxc2.cloudfront.net/variants/media/raw_images/lowcountryreptiles/2023/12/20231227230541.421-IMG_9332-198x198c.jpeg?signature=3D2F426AF65EAE78904DD8A9BBA337E4D2E1BF77D77CB637810C54CC05AAFC6A 1x",/us/c/reptiles/lizards/crested-geckos/1366725,,"https://d20zyr0oabjxc2.cloudfront.net/variants/media/raw_images/lowcountryreptiles/2023/12/20231227230541.421-IMG_9332-396x396c.jpeg?signature=A0BD85EA74A0690E4826FACF64C07B67CCD572548B5B002365A1C846E3B0EE42 2x, https://d20zyr0oabjxc2.cloudfront.net/variants/media/raw_images/lowcountryreptiles/2023/12/20231227230541.421-IMG_9332-198x198c.jpeg?signature=3D2F426AF65EAE78904DD8A9BBA337E4D2E1BF77D77CB637810C54CC05AAFC6A 1x"
32 - Bright Red pinstripe,Red pinstripe,"https://d20zyr0oabjxc2.cloudfront.net/variants/media/raw_images/eyelashexotics/2024/08/20240822213457.380-IMG_1655-396x396c.jpeg?signature=48E9FA7378050AA03CB2996DFD82D576FA4B41702EB0FD102E0C136FAAE89739 2x, https://d20zyr0oabjxc2.cloudfront.net/variants/media/raw_images/eyelashexotics/2024/08/20240822213457.380-IMG_1655-198x198c.jpeg?signature=4D36F0667767361551D0AC0DFC000EDDA1D6AA17B4FF20689519ED5261A13774 1x",/us/c/reptiles/lizards/crested-geckos/2518253,,"https://d20zyr0oabjxc2.cloudfront.net/variants/media/raw_images/eyelashexotics/2024/08/20240822213457.380-IMG_1655-396x396c.jpeg?signature=48E9FA7378050AA03CB2996DFD82D576FA4B41702EB0FD102E0C136FAAE89739 2x, https://d20zyr0oabjxc2.cloudfront.net/variants/media/raw_images/eyelashexotics/2024/08/20240822213457.380-IMG_1655-198x198c.jpeg?signature=4D36F0667767361551D0AC0DFC000EDDA1D6AA17B4FF20689519ED5261A13774 1x"
Phantom pinstripe Tangerine,pinstripe,"https://d20zyr0oabjxc2.cloudfront.net/variants/media/raw_images/hybridgeckos/2024/09/20240902232502.405-IMG_3496-396x396c.jpeg?signature=F9A9553A429B9DFC6DDD16DB1D2D263718E3AEEC5FB48E1F59C3C8755962A460 2x, https://d20zyr0oabjxc2.cloudfront.net/variants/media/raw_images/hybridgeckos/2024/09/20240902232502.405-IMG_3496-198x198c.jpeg?signature=C6A0EAC24DF6B86BBCA9166B3A2D0E154085011B42D982D2DC5A20173B626C8C 1x",/us/c/reptiles/lizards/crested-geckos/2548511,,"https://d20zyr0oabjxc2.cloudfront.net/variants/media/raw_images/hybridgeckos/2024/09/20240902232502.405-IMG_3496-396x396c.jpeg?signature=F9A9553A429B9DFC6DDD16DB1D2D263718E3AEEC5FB48E1F59C3C8755962A460 2x, https://d20zyr0oabjxc2.cloudfront.net/variants/media/raw_images/hybridgeckos/2024/09/20240902232502.405-IMG_3496-198x198c.jpeg?signature=C6A0EAC24DF6B86BBCA9166B3A2D0E154085011B42D982D2DC5A20173B626C8C 1x"
Super Soft Scale pinstripe,pinstripe,"https://d20zyr0oabjxc2.cloudfront.net/variants/media/raw_images/elephantbw/2024/06/20240622014243.194-IMG_4200-396x396c.jpeg?signature=66DA668DC6937E3870B507213F6A59479853BF7E227D625BFCB9B0786420BB72 2x, https://d20zyr0oabjxc2.cloudfront.net/variants/media/raw_images/elephantbw/2024/06/20240622014243.194-IMG_4200-198x198c.jpeg?signature=9D479C76D97E38B6004BC3B3482B30456A8D2F33B7DE0407C2992628011303D3 1x",/us/c/reptiles/lizards/crested-geckos/2390590,,"https://d20zyr0oabjxc2.cloudfront.net/variants/media/raw_images/elephantbw/2024/06/20240622014243.194-IMG_4200-396x396c.jpeg?signature=66DA668DC6937E3870B507213F6A59479853BF7E227D625BFCB9B0786420BB72 2x, https://d20zyr0oabjxc2.cloudfront.net/variants/media/raw_images/elephantbw/2024/06/20240622014243.194-IMG_4200-198x198c.jpeg?signature=9D479C76D97E38B6004BC3B3482B30456A8D2F33B7DE0407C2992628011303D3 1x"
Yellow pinstripe Crested Gecko,Yellow pinstripe,"https://d20zyr0oabjxc2.cloudfront.net/variants/media/raw_images/mgnzupi/2024/05/20240527050257.491-IMG_8101-396x396c.jpeg?signature=45E2F22FFD1A2DF4375964C45D5BA5EAFDA8102687F984D6E56027C76320254B 2x, https://d20zyr0oabjxc2.cloudfront.net/variants/media/raw_images/mgnzupi/2024/05/20240527050257.491-IMG_8101-198x198c.jpeg?signature=33F531474EC0909BBB3AE01DB34B3BFB82E60508E8BE8F6B346869D20AD65E1D 1x",/us/c/reptiles/lizards/crested-geckos/2344298,,"https://d20zyr0oabjxc2.cloudfront.net/variants/media/raw_images/mgnzupi/2024/05/20240527050257.491-IMG_8101-396x396c.jpeg?signature=45E2F22FFD1A2DF4375964C45D5BA5EAFDA8102687F984D6E56027C76320254B 2x, https://d20zyr0oabjxc2.cloudfront.net/variants/media/raw_images/mgnzupi/2024/05/20240527050257.491-IMG_8101-198x198c.jpeg?signature=33F531474EC0909BBB3AE01DB34B3BFB82E60508E8BE8F6B346869D20AD65E1D 1x"
pinstripe Baby Crested Gecko,pinstripe,"https://d20zyr0oabjxc2.cloudfront.net/variants/media/raw_images/yayis_sales19/2024/06/20240625170807.308-IMG_8661-396x396c.jpeg?signature=58EDE58AB066DA4C58EC84FE65EBE5665A4CC9D844253FEBE4CDD786E27847EA 2x, https://d20zyr0oabjxc2.cloudfront.net/variants/media/raw_images/yayis_sales19/2024/06/20240625170807.308-IMG_8661-198x198c.jpeg?signature=FBF438A0D63B696EC7E2F3A9D0E5059EDDCAFC041A5CE4C55EBF91B774363DC1 1x",/us/c/reptiles/lizards/crested-geckos/2396819,,"https://d20zyr0oabjxc2.cloudfront.net/variants/media/raw_images/yayis_sales19/2024/06/20240625170807.308-IMG_8661-396x396c.jpeg?signature=58EDE58AB066DA4C58EC84FE65EBE5665A4CC9D844253FEBE4CDD786E27847EA 2x, https://d20zyr0oabjxc2.cloudfront.net/variants/media/raw_images/yayis_sales19/2024/06/20240625170807.308-IMG_8661-198x198c.jpeg?signature=FBF438A0D63B696EC7E2F3A9D0E5059EDDCAFC041A5CE4C55EBF91B774363DC1 1x"
Partial pinstripe,pinstripe,"https://d20zyr0oabjxc2.cloudfront.net/variants/media/raw_images/castyscresties/2024/01/20240103223433.921-IMG_8275-396x396c.jpeg?signature=ABA88E47CCB1C961FFE8ACDD8D9E7AC259D1C7D7A3603910189B7EAB3EB44708 2x, https://d20zyr0oabjxc2.cloudfront.net/variants/media/raw_images/castyscresties/2024/01/20240103223433.921-IMG_8275-198x198c.jpeg?signature=9FD7452572E14E1DD4F2928E94BB78B4926326AD99902FDE4DE1A9B0482A3300 1x",/us/c/reptiles/lizards/crested-geckos/2093038,,"https://d20zyr0oabjxc2.cloudfront.net/variants/media/raw_images/castyscresties/2024/01/20240103223433.921-IMG_8275-396x396c.jpeg?signature=ABA88E47CCB1C961FFE8ACDD8D9E7AC259D1C7D7A3603910189B7EAB3EB44708 2x, https://d20zyr0oabjxc2.cloudfront.net/variants/media/raw_images/castyscresties/2024/01/20240103223433.921-IMG_8275-198x198c.jpeg?signature=9FD7452572E14E1DD4F2928E94BB78B4926326AD99902FDE4DE1A9B0482A3300 1x"
pinstripekish Red Phantom pinstripe,pinstripekish Red pinstripe,"https://d20zyr0oabjxc2.cloudfront.net/variants/media/raw_images/geckoguy2007/2024/06/20240624193906.253-IMG_5946-396x396c.jpeg?signature=8C77410E662401DC3225650586952AB1551E78632A77587852B74A14C5BB0906 2x, https://d20zyr0oabjxc2.cloudfront.net/variants/media/raw_images/geckoguy2007/2024/06/20240624193906.253-IMG_5946-198x198c.jpeg?signature=307508DB18E11EDCCE3122C9B43CAA0A3ABDE9DD25CB231DD4C8271CA6014496 1x",/us/c/reptiles/lizards/crested-geckos/2395006,,"https://d20zyr0oabjxc2.cloudfront.net/variants/media/raw_images/geckoguy2007/2024/06/20240624193906.253-IMG_5946-396x396c.jpeg?signature=8C77410E662401DC3225650586952AB1551E78632A77587852B74A14C5BB0906 2x, https://d20zyr0oabjxc2.cloudfront.net/variants/media/raw_images/geckoguy2007/2024/06/20240624193906.253-IMG_5946-198x198c.jpeg?signature=307508DB18E11EDCCE3122C9B43CAA0A3ABDE9DD25CB231DD4C8271CA6014496 1x"
pinstripe With Portholes Baby Crested Gecko,pinstripe,"https://d20zyr0oabjxc2.cloudfront.net/variants/media/raw_images/yayis_sales19/2024/06/20240625165636.156-IMG_8653-396x396c.jpeg?signature=63162215FB7D554F9EC492FFFDA7F6AE776D5E99DA4E6FA25361A6C8B94330F2 2x, https://d20zyr0oabjxc2.cloudfront.net/variants/media/raw_images/yayis_sales19/2024/06/20240625165636.156-IMG_8653-198x198c.jpeg?signature=DD322BBDA035592875337197846A4231A061356CF6FDF12E270A5D99C2662626 1x",/us/c/reptiles/lizards/crested-geckos/2396790,,"https://d20zyr0oabjxc2.cloudfront.net/variants/media/raw_images/yayis_sales19/2024/06/20240625165636.156-IMG_8653-396x396c.jpeg?signature=63162215FB7D554F9EC492FFFDA7F6AE776D5E99DA4E6FA25361A6C8B94330F2 2x, https://d20zyr0oabjxc2.cloudfront.net/variants/media/raw_images/yayis_sales19/2024/06/20240625165636.156-IMG_8653-198x198c.jpeg?signature=DD322BBDA035592875337197846A4231A061356CF6FDF12E270A5D99C2662626 1x"
,,,,,
Soft Scale Tangerine pinstripe,pinstripe,"https://d20zyr0oabjxc2.cloudfront.net/variants/media/raw_images/elephantbw/2024/06/20240622021159.286-IMG_4204-396x396c.jpeg?signature=E7993D95E68C1C9DFA5F27050BBCB4B44C2C1F32CFCF70FE557AFA35C4BF8B5B 2x, https://d20zyr0oabjxc2.cloudfront.net/variants/media/raw_images/elephantbw/2024/06/20240622021159.286-IMG_4204-198x198c.jpeg?signature=3670D0DA014B32C72B29519C4777F8B70C731CFF1CB3AA8EE10A8911AF0DA73F 1x",/us/c/reptiles/lizards/crested-geckos/2390623,,"https://d20zyr0oabjxc2.cloudfront.net/variants/media/raw_images/elephantbw/2024/06/20240622021159.286-IMG_4204-396x396c.jpeg?signature=E7993D95E68C1C9DFA5F27050BBCB4B44C2C1F32CFCF70FE557AFA35C4BF8B5B 2x, https://d20zyr0oabjxc2.cloudfront.net/variants/media/raw_images/elephantbw/2024/06/20240622021159.286-IMG_4204-198x198c.jpeg?signature=3670D0DA014B32C72B29519C4777F8B70C731CFF1CB3AA8EE10A8911AF0DA73F 1x"
Lavender pinstripe,pinstripe,"https://d20zyr0oabjxc2.cloudfront.net/variants/media/raw_images/satterfieldexotics/2024/08/20240820144406.1-IMG_4648-396x396c.jpeg?signature=7AFA2213D9949FC25C8CF77752F40D92A05F80718391480830C1F318C04EED82 2x, https://d20zyr0oabjxc2.cloudfront.net/variants/media/raw_images/satterfieldexotics/2024/08/20240820144406.1-IMG_4648-198x198c.jpeg?signature=BEC1876F8BDFF67BA0A8F66D7ADE6DD52E88E6D2F0BB9E8D48FA4B6291E7E690 1x",/us/c/reptiles/lizards/crested-geckos/2326521,,"https://d20zyr0oabjxc2.cloudfront.net/variants/media/raw_images/satterfieldexotics/2024/08/20240820144406.1-IMG_4648-396x396c.jpeg?signature=7AFA2213D9949FC25C8CF77752F40D92A05F80718391480830C1F318C04EED82 2x, https://d20zyr0oabjxc2.cloudfront.net/variants/media/raw_images/satterfieldexotics/2024/08/20240820144406.1-IMG_4648-198x198c.jpeg?signature=BEC1876F8BDFF67BA0A8F66D7ADE6DD52E88E6D2F0BB9E8D48FA4B6291E7E690 1x"
pinstripe Male_Frank,pinstripe,"https://d20zyr0oabjxc2.cloudfront.net/variants/media/raw_images/katys_exotics23/2024/10/20241014214147.815-IMG_3705-396x396c.jpeg?signature=6CB0342634AA32B428A799B2EFB354AB0E9CC159D9EE94D6411B8CBFD0120488 2x, https://d20zyr0oabjxc2.cloudfront.net/variants/media/raw_images/katys_exotics23/2024/10/20241014214147.815-IMG_3705-198x198c.jpeg?signature=14968957E6378EE6E4D453CE5A983FAF44FBB8DA6E0522C84C992B70C27260A9 1x",/us/c/reptiles/lizards/crested-geckos/1969178,,"https://d20zyr0oabjxc2.cloudfront.net/variants/media/raw_images/katys_exotics23/2024/10/20241014214147.815-IMG_3705-396x396c.jpeg?signature=6CB0342634AA32B428A799B2EFB354AB0E9CC159D9EE94D6411B8CBFD0120488 2x, https://d20zyr0oabjxc2.cloudfront.net/variants/media/raw_images/katys_exotics23/2024/10/20241014214147.815-IMG_3705-198x198c.jpeg?signature=14968957E6378EE6E4D453CE5A983FAF44FBB8DA6E0522C84C992B70C27260A9 1x"
Red Partial pinstripe Female,Red pinstripe,"https://d20zyr0oabjxc2.cloudfront.net/variants/media/raw_images/andgeckos/2024/09/20240907151806.258-FF419046-DB82-490D-9-396x396c.jpeg?signature=7C03D090B129EAD6BF9AFB6080C53B97835F68737661FCCCFDE4DF69AB76224A 2x, https://d20zyr0oabjxc2.cloudfront.net/variants/media/raw_images/andgeckos/2024/09/20240907151806.258-FF419046-DB82-490D-9-198x198c.jpeg?signature=3BE7D620BB757034147A2F33679F475BF4081413383E44312993D50C23982A88 1x",/us/c/reptiles/lizards/crested-geckos/2408827,,"https://d20zyr0oabjxc2.cloudfront.net/variants/media/raw_images/andgeckos/2024/09/20240907151806.258-FF419046-DB82-490D-9-396x396c.jpeg?signature=7C03D090B129EAD6BF9AFB6080C53B97835F68737661FCCCFDE4DF69AB76224A 2x, https://d20zyr0oabjxc2.cloudfront.net/variants/media/raw_images/andgeckos/2024/09/20240907151806.258-FF419046-DB82-490D-9-198x198c.jpeg?signature=3BE7D620BB757034147A2F33679F475BF4081413383E44312993D50C23982A88 1x"
Reverse pinstripe Stripe,pinstripe,"https://d20zyr0oabjxc2.cloudfront.net/variants/media/raw_images/gargguy/2024/08/20240813181514.352-IMG_4202-396x396c.jpeg?signature=1C0BD338046457EE12790198D3F129F66B150CF788FD714B8B5D5DA1AB9C34B0 2x, https://d20zyr0oabjxc2.cloudfront.net/variants/media/raw_images/gargguy/2024/08/20240813181514.352-IMG_4202-198x198c.jpeg?signature=C9CADC6CA880E271F9B77142FF31552B254C1FA0E8BCC54E17918B9D7384B1A5 1x",/us/c/reptiles/lizards/crested-geckos/2496749,,"https://d20zyr0oabjxc2.cloudfront.net/variants/media/raw_images/gargguy/2024/08/20240813181514.352-IMG_4202-396x396c.jpeg?signature=1C0BD338046457EE12790198D3F129F66B150CF788FD714B8B5D5DA1AB9C34B0 2x, https://d20zyr0oabjxc2.cloudfront.net/variants/media/raw_images/gargguy/2024/08/20240813181514.352-IMG_4202-198x198c.jpeg?signature=C9CADC6CA880E271F9B77142FF31552B254C1FA0E8BCC54E17918B9D7384B1A5 1x"
Partial pinstripe,pinstripe,"https://d20zyr0oabjxc2.cloudfront.net/variants/media/raw_images/yayis_sales19/2024/06/20240604144141.38-IMG_7400-396x396c.jpeg?signature=36FC56CFE15516750EA4FDC04E59ADA5BEDCA7A88FA6EFB4B752119ECF50E9D1 2x, https://d20zyr0oabjxc2.cloudfront.net/variants/media/raw_images/yayis_sales19/2024/06/20240604144141.38-IMG_7400-198x198c.jpeg?signature=B346FDB823E8C91E9303C6B6DD3EFD5E8D207EBE48B76D08D4C4AE75B71E2066 1x",/us/c/reptiles/lizards/crested-geckos/2359036,,"https://d20zyr0oabjxc2.cloudfront.net/variants/media/raw_images/yayis_sales19/2024/06/20240604144141.38-IMG_7400-396x396c.jpeg?signature=36FC56CFE15516750EA4FDC04E59ADA5BEDCA7A88FA6EFB4B752119ECF50E9D1 2x, https://d20zyr0oabjxc2.cloudfront.net/variants/media/raw_images/yayis_sales19/2024/06/20240604144141.38-IMG_7400-198x198c.jpeg?signature=B346FDB823E8C91E9303C6B6DD3EFD5E8D207EBE48B76D08D4C4AE75B71E2066 1x"
Red Based pinstripe Stripe Dashed Quad Stripe,Red pinstripe,"https://d20zyr0oabjxc2.cloudfront.net/variants/media/raw_images/treasurecoastreptiles/2023/10/20231010181640.750-IMG_3254-396x396c.jpeg?signature=169D3F33C82B372016859E189E83DA5B6C37DAC7DB294A0C0CC53673089147C7 2x, https://d20zyr0oabjxc2.cloudfront.net/variants/media/raw_images/treasurecoastreptiles/2023/10/20231010181640.750-IMG_3254-198x198c.jpeg?signature=5E7107E6AC1348E80B5B9E5BFC1DC57CCDC5D8F96E50C623F82E0F61B9189B16 1x",/us/c/reptiles/lizards/crested-geckos/1920662,,"https://d20zyr0oabjxc2.cloudfront.net/variants/media/raw_images/treasurecoastreptiles/2023/10/20231010181640.750-IMG_3254-396x396c.jpeg?signature=169D3F33C82B372016859E189E83DA5B6C37DAC7DB294A0C0CC53673089147C7 2x, https://d20zyr0oabjxc2.cloudfront.net/variants/media/raw_images/treasurecoastreptiles/2023/10/20231010181640.750-IMG_3254-198x198c.jpeg?signature=5E7107E6AC1348E80B5B9E5BFC1DC57CCDC5D8F96E50C623F82E0F61B9189B16 1x"
pinstripe,pinstripe,"https://d20zyr0oabjxc2.cloudfront.net/variants/media/raw_images/ohforgoodnesssnakes/2024/05/20240528233225.56-IMG_0171-396x396c.jpeg?signature=4F74310FF5146E3B3F2893910C338AAE87205C7849C827AA38D6F9E7E7B4B491 2x, https://d20zyr0oabjxc2.cloudfront.net/variants/media/raw_images/ohforgoodnesssnakes/2024/05/20240528233225.56-IMG_0171-198x198c.jpeg?signature=CE4847C280B1C3002E3E4BCECF35333E07CAB88AEE0547E725D943F1CB95B54A 1x",/us/c/reptiles/lizards/crested-geckos/2347122,,"https://d20zyr0oabjxc2.cloudfront.net/variants/media/raw_images/ohforgoodnesssnakes/2024/05/20240528233225.56-IMG_0171-396x396c.jpeg?signature=4F74310FF5146E3B3F2893910C338AAE87205C7849C827AA38D6F9E7E7B4B491 2x, https://d20zyr0oabjxc2.cloudfront.net/variants/media/raw_images/ohforgoodnesssnakes/2024/05/20240528233225.56-IMG_0171-198x198c.jpeg?signature=CE4847C280B1C3002E3E4BCECF35333E07CAB88AEE0547E725D943F1CB95B54A 1x"
Yellow pinstripe White Wall,Yellow pinstripe,"https://d20zyr0oabjxc2.cloudfront.net/variants/media/raw_images/cflack421/2024/09/20240929195421.468-IMG_2246-396x396c.jpeg?signature=99F17F996CC2A508E5258054E254E9202E5A81F6A0E42BD88FE23E7F24B5CBB5 2x, https://d20zyr0oabjxc2.cloudfront.net/variants/media/raw_images/cflack421/2024/09/20240929195421.468-IMG_2246-198x198c.jpeg?signature=16C27B9FE30F28E47D156CD1B65C526A9EF35E502ECB1BF534AB2F649E85FF2D 1x",/us/c/reptiles/lizards/crested-geckos/2134635,,"https://d20zyr0oabjxc2.cloudfront.net/variants/media/raw_images/cflack421/2024/09/20240929195421.468-IMG_2246-396x396c.jpeg?signature=99F17F996CC2A508E5258054E254E9202E5A81F6A0E42BD88FE23E7F24B5CBB5 2x, https://d20zyr0oabjxc2.cloudfront.net/variants/media/raw_images/cflack421/2024/09/20240929195421.468-IMG_2246-198x198c.jpeg?signature=16C27B9FE30F28E47D156CD1B65C526A9EF35E502ECB1BF534AB2F649E85FF2D 1x"
Partial pinstripe Juvenile Male,pinstripe,"https://d20zyr0oabjxc2.cloudfront.net/variants/media/raw_images/smellykc/2024/03/20240323140027.505-IMG_4611-396x396c.jpeg?signature=654305D72857E287D949B6CB3F1C85E0B04F6BC86C04DFCD27E5624C55017D02 2x, https://d20zyr0oabjxc2.cloudfront.net/variants/media/raw_images/smellykc/2024/03/20240323140027.505-IMG_4611-198x198c.jpeg?signature=EB519585B873BFABC6E87880ADA14E11782704F265A68AA8D61A2F50CFF4792A 1x",/us/c/reptiles/lizards/crested-geckos/1571663,,"https://d20zyr0oabjxc2.cloudfront.net/variants/media/raw_images/smellykc/2024/03/20240323140027.505-IMG_4611-396x396c.jpeg?signature=654305D72857E287D949B6CB3F1C85E0B04F6BC86C04DFCD27E5624C55017D02 2x, https://d20zyr0oabjxc2.cloudfront.net/variants/media/raw_images/smellykc/2024/03/20240323140027.505-IMG_4611-198x198c.jpeg?signature=EB519585B873BFABC6E87880ADA14E11782704F265A68AA8D61A2F50CFF4792A 1x"
pinstripe Baby Crested Gecko,pinstripe,"https://d20zyr0oabjxc2.cloudfront.net/variants/media/raw_images/yayis_sales19/2024/06/20240625172636.602-IMG_8674-396x396c.jpeg?signature=49C71753FEB2E12AF75285FECB26963802405D3FA88B0BEEBCEB70C7B317CF46 2x, https://d20zyr0oabjxc2.cloudfront.net/variants/media/raw_images/yayis_sales19/2024/06/20240625172636.602-IMG_8674-198x198c.jpeg?signature=BF902D6BDA7EC7BE713D03C85D08337E333A99023F85DA9F468C85DF7F3E25B7 1x",/us/c/reptiles/lizards/crested-geckos/2396859,,"https://d20zyr0oabjxc2.cloudfront.net/variants/media/raw_images/yayis_sales19/2024/06/20240625172636.602-IMG_8674-396x396c.jpeg?signature=49C71753FEB2E12AF75285FECB26963802405D3FA88B0BEEBCEB70C7B317CF46 2x, https://d20zyr0oabjxc2.cloudfront.net/variants/media/raw_images/yayis_sales19/2024/06/20240625172636.602-IMG_8674-198x198c.jpeg?signature=BF902D6BDA7EC7BE713D03C85D08337E333A99023F85DA9F468C85DF7F3E25B7 1x"
Female White Wall pinstripe,pinstripe,"https://d20zyr0oabjxc2.cloudfront.net/variants/media/raw_images/reptilliad/2024/10/20241002015051.98-IMG_1781-396x396c.jpeg?signature=1212E0D8BBA052E9E8BE38A31D04721D14F93D5DA95354DB01A4125CD7F770A6 2x, https://d20zyr0oabjxc2.cloudfront.net/variants/media/raw_images/reptilliad/2024/10/20241002015051.98-IMG_1781-198x198c.jpeg?signature=ED782318BC2DF07B226991F9C819AEF20268985746AD936566F9057AD74FA854 1x",/us/c/reptiles/lizards/crested-geckos/2554929,,"https://d20zyr0oabjxc2.cloudfront.net/variants/media/raw_images/reptilliad/2024/10/20241002015051.98-IMG_1781-396x396c.jpeg?signature=1212E0D8BBA052E9E8BE38A31D04721D14F93D5DA95354DB01A4125CD7F770A6 2x, https://d20zyr0oabjxc2.cloudfront.net/variants/media/raw_images/reptilliad/2024/10/20241002015051.98-IMG_1781-198x198c.jpeg?signature=ED782318BC2DF07B226991F9C819AEF20268985746AD936566F9057AD74FA854 1x"
Dark Male pinstripe Crested Gecko,Dark pinstripe,"https://d20zyr0oabjxc2.cloudfront.net/variants/media/raw_images/mgnzupi/2024/09/20240929194302.29-IMG_9237-396x396c.jpeg?signature=0F79EFB53A309FDCEFBC0219789D0942B8A2EDBF50207CEC957601FBEFF20DFB 2x, https://d20zyr0oabjxc2.cloudfront.net/variants/media/raw_images/mgnzupi/2024/09/20240929194302.29-IMG_9237-198x198c.jpeg?signature=5B31FF01A7D182F9DCF572B48F8B1F4DD5561E9757600EB4DB25C4E9032D4C1B 1x",/us/c/reptiles/lizards/crested-geckos/2224289,,"https://d20zyr0oabjxc2.cloudfront.net/variants/media/raw_images/mgnzupi/2024/09/20240929194302.29-IMG_9237-396x396c.jpeg?signature=0F79EFB53A309FDCEFBC0219789D0942B8A2EDBF50207CEC957601FBEFF20DFB 2x, https://d20zyr0oabjxc2.cloudfront.net/variants/media/raw_images/mgnzupi/2024/09/20240929194302.29-IMG_9237-198x198c.jpeg?signature=5B31FF01A7D182F9DCF572B48F8B1F4DD5561E9757600EB4DB25C4E9032D4C1B 1x"
RTB Proven White Wall pinstripe Het Empty Back,pinstripe,"https://d20zyr0oabjxc2.cloudfront.net/variants/media/raw_images/dbcb-exotics/2024/09/20240907050457.863-ebwhitewall2-396x396c.jpeg?signature=77F1E6936068A7C4AB69DBF3F30E9162B05FC998E662B2634693FABCE6573B43 2x, https://d20zyr0oabjxc2.cloudfront.net/variants/media/raw_images/dbcb-exotics/2024/09/20240907050457.863-ebwhitewall2-198x198c.jpeg?signature=EBE0926A0A16A4BEA77A933E287AE4FC43CCB1AD0BAB8EFFD59CC6AC25CAAF01 1x",/us/c/reptiles/lizards/crested-geckos/2560055,,"https://d20zyr0oabjxc2.cloudfront.net/variants/media/raw_images/dbcb-exotics/2024/09/20240907050457.863-ebwhitewall2-396x396c.jpeg?signature=77F1E6936068A7C4AB69DBF3F30E9162B05FC998E662B2634693FABCE6573B43 2x, https://d20zyr0oabjxc2.cloudfront.net/variants/media/raw_images/dbcb-exotics/2024/09/20240907050457.863-ebwhitewall2-198x198c.jpeg?signature=EBE0926A0A16A4BEA77A933E287AE4FC43CCB1AD0BAB8EFFD59CC6AC25CAAF01 1x"
2023 White Wall Full pinstripe Het Empty Back,pinstripe,"https://d20zyr0oabjxc2.cloudfront.net/variants/media/raw_images/dbcb-exotics/2024/09/20240907045020.753-cg2314-396x396c.jpeg?signature=88604CF87D88B2856AFD9811BE990F739EB5639313DA5CB6AFCEAFA82ED826B4 2x, https://d20zyr0oabjxc2.cloudfront.net/variants/media/raw_images/dbcb-exotics/2024/09/20240907045020.753-cg2314-198x198c.jpeg?signature=57E26E8C000C9CF2CD4C1E05BD675424769A1B701D4DD0F7065119DE53CCD70D 1x",/us/c/reptiles/lizards/crested-geckos/2560043,,"https://d20zyr0oabjxc2.cloudfront.net/variants/media/raw_images/dbcb-exotics/2024/09/20240907045020.753-cg2314-396x396c.jpeg?signature=88604CF87D88B2856AFD9811BE990F739EB5639313DA5CB6AFCEAFA82ED826B4 2x, https://d20zyr0oabjxc2.cloudfront.net/variants/media/raw_images/dbcb-exotics/2024/09/20240907045020.753-cg2314-198x198c.jpeg?signature=57E26E8C000C9CF2CD4C1E05BD675424769A1B701D4DD0F7065119DE53CCD70D 1x"
"Light Year, Yellow pinstripe Probable Male 66% Het Axanthic Crested Gecko",Yellow pinstripe,"https://d20zyr0oabjxc2.cloudfront.net/variants/media/raw_images/smugbug/2024/10/20241012024732.895-LightYearleft-396x396c.jpeg?signature=48E63DFE1E85DBC859DFD422116E6C88CE1D4548FE66458778418D33ABD8C020 2x, https://d20zyr0oabjxc2.cloudfront.net/variants/media/raw_images/smugbug/2024/10/20241012024732.895-LightYearleft-198x198c.jpeg?signature=387D6E9C90E9E3B4049A666609AE29F61FB66758D5F0692077BF898E53EFA8B9 1x",/us/c/reptiles/lizards/crested-geckos/2327994,,"https://d20zyr0oabjxc2.cloudfront.net/variants/media/raw_images/smugbug/2024/10/20241012024732.895-LightYearleft-396x396c.jpeg?signature=48E63DFE1E85DBC859DFD422116E6C88CE1D4548FE66458778418D33ABD8C020 2x, https://d20zyr0oabjxc2.cloudfront.net/variants/media/raw_images/smugbug/2024/10/20241012024732.895-LightYearleft-198x198c.jpeg?signature=387D6E9C90E9E3B4049A666609AE29F61FB66758D5F0692077BF898E53EFA8B9 1x"
Whoopsie-Daisy - Whitewall pinstripe Female,pinstripe,"https://d20zyr0oabjxc2.cloudfront.net/variants/media/raw_images/evilpirateduck/2023/05/20230522032448.286-Wholesale-396x396c.jpeg?signature=50736EC4FAB96852CB7CCBE8B60A7F0BA7795E60BEEAF408B0755D4D26F88006 2x, https://d20zyr0oabjxc2.cloudfront.net/variants/media/raw_images/evilpirateduck/2023/05/20230522032448.286-Wholesale-198x198c.jpeg?signature=883303F5FFE4884C2300999D30498BE1C96F7383DEC3B285BAEBFF6466D016A9 1x",/us/c/reptiles/lizards/crested-geckos/1611730,,"https://d20zyr0oabjxc2.cloudfront.net/variants/media/raw_images/evilpirateduck/2023/05/20230522032448.286-Wholesale-396x396c.jpeg?signature=50736EC4FAB96852CB7CCBE8B60A7F0BA7795E60BEEAF408B0755D4D26F88006 2x, https://d20zyr0oabjxc2.cloudfront.net/variants/media/raw_images/evilpirateduck/2023/05/20230522032448.286-Wholesale-198x198c.jpeg?signature=883303F5FFE4884C2300999D30498BE1C96F7383DEC3B285BAEBFF6466D016A9 1x"
,,,,,
White Wall Lavender pinstripe Crested Gecko,pinstripe,"https://d20zyr0oabjxc2.cloudfront.net/variants/media/raw_images/fringemorphs/2024/10/20241031034605.477-BXFR22052934GF--396x396c.jpeg?signature=ADA51731EBDE9D3E79A9174F0218521DBBC66D67763BF1EA7E14DF139AA9898B 2x, https://d20zyr0oabjxc2.cloudfront.net/variants/media/raw_images/fringemorphs/2024/10/20241031034605.477-BXFR22052934GF--198x198c.jpeg?signature=97B6CC9B72D69E58C2CDC1DC68443C5FE89791686C113CCBC1A836E5ED9BB74F 1x",/us/c/reptiles/lizards/crested-geckos/2690882,,"https://d20zyr0oabjxc2.cloudfront.net/variants/media/raw_images/fringemorphs/2024/10/20241031034605.477-BXFR22052934GF--396x396c.jpeg?signature=ADA51731EBDE9D3E79A9174F0218521DBBC66D67763BF1EA7E14DF139AA9898B 2x, https://d20zyr0oabjxc2.cloudfront.net/variants/media/raw_images/fringemorphs/2024/10/20241031034605.477-BXFR22052934GF--198x198c.jpeg?signature=97B6CC9B72D69E58C2CDC1DC68443C5FE89791686C113CCBC1A836E5ED9BB74F 1x"
White Wall Lavender pinstripe Crested Gecko,pinstripe,"https://d20zyr0oabjxc2.cloudfront.net/variants/media/raw_images/fringemorphs/2024/10/20241031034240.210-BXFR21101336GF--396x396c.jpeg?signature=9A3A7A969B02D80E2CCADBC1B7638903D7E32A851C53128668B70C4E13336A04 2x, https://d20zyr0oabjxc2.cloudfront.net/variants/media/raw_images/fringemorphs/2024/10/20241031034240.210-BXFR21101336GF--198x198c.jpeg?signature=27B7B59AA12774DB91CD0EE36FEB1989B74CABCBA42A6343EE7DD8DE35ADF36B 1x",/us/c/reptiles/lizards/crested-geckos/2690875,,"https://d20zyr0oabjxc2.cloudfront.net/variants/media/raw_images/fringemorphs/2024/10/20241031034240.210-BXFR21101336GF--396x396c.jpeg?signature=9A3A7A969B02D80E2CCADBC1B7638903D7E32A851C53128668B70C4E13336A04 2x, https://d20zyr0oabjxc2.cloudfront.net/variants/media/raw_images/fringemorphs/2024/10/20241031034240.210-BXFR21101336GF--198x198c.jpeg?signature=27B7B59AA12774DB91CD0EE36FEB1989B74CABCBA42A6343EE7DD8DE35ADF36B 1x"
White Wall Lavender pinstripe Crested Gecko,pinstripe,"https://d20zyr0oabjxc2.cloudfront.net/variants/media/raw_images/fringemorphs/2024/10/20241031033823.655-BXFR21091748GM--396x396c.jpeg?signature=1EDB573DB5870E81C4F5AD55EF676E0C7720C74F2C9B66E8F45E928ED9B7E0B2 2x, https://d20zyr0oabjxc2.cloudfront.net/variants/media/raw_images/fringemorphs/2024/10/20241031033823.655-BXFR21091748GM--198x198c.jpeg?signature=7335F2A96D44573120940018C71FFBED653A265BE865EEEAA86A68DB53D397E0 1x",/us/c/reptiles/lizards/crested-geckos/2690872,,"https://d20zyr0oabjxc2.cloudfront.net/variants/media/raw_images/fringemorphs/2024/10/20241031033823.655-BXFR21091748GM--396x396c.jpeg?signature=1EDB573DB5870E81C4F5AD55EF676E0C7720C74F2C9B66E8F45E928ED9B7E0B2 2x, https://d20zyr0oabjxc2.cloudfront.net/variants/media/raw_images/fringemorphs/2024/10/20241031033823.655-BXFR21091748GM--198x198c.jpeg?signature=7335F2A96D44573120940018C71FFBED653A265BE865EEEAA86A68DB53D397E0 1x"
High Contrast pinstripe Crested Gecko,pinstripe,"https://d20zyr0oabjxc2.cloudfront.net/variants/media/raw_images/fringemorphs/2024/10/20241031033541.675-BTDA23051213GF--396x396c.jpeg?signature=C20A093A4CB34C7035BA0D537500D83F38672090EC58CE1727ED1F797D601464 2x, https://d20zyr0oabjxc2.cloudfront.net/variants/media/raw_images/fringemorphs/2024/10/20241031033541.675-BTDA23051213GF--198x198c.jpeg?signature=A8A8D54F5C1C8D397576F20097F2EAC8FB72137A374C0C0B4B3690222832AA1E 1x",/us/c/reptiles/lizards/crested-geckos/2690867,,"https://d20zyr0oabjxc2.cloudfront.net/variants/media/raw_images/fringemorphs/2024/10/20241031033541.675-BTDA23051213GF--396x396c.jpeg?signature=C20A093A4CB34C7035BA0D537500D83F38672090EC58CE1727ED1F797D601464 2x, https://d20zyr0oabjxc2.cloudfront.net/variants/media/raw_images/fringemorphs/2024/10/20241031033541.675-BTDA23051213GF--198x198c.jpeg?signature=A8A8D54F5C1C8D397576F20097F2EAC8FB72137A374C0C0B4B3690222832AA1E 1x"
High Contrast pinstripe Crested Gecko,pinstripe,"https://d20zyr0oabjxc2.cloudfront.net/variants/media/raw_images/fringemorphs/2024/10/20241031033059.624-BTDA2138G-ICARUS-396x396c.jpeg?signature=9AFF621E4C93463F3F9EAE11474D85C3D74D061D31AF29F9F64C481B32CB8CEF 2x, https://d20zyr0oabjxc2.cloudfront.net/variants/media/raw_images/fringemorphs/2024/10/20241031033059.624-BTDA2138G-ICARUS-198x198c.jpeg?signature=5411CBB6B39048E7DA8AC22C6FB5B13BFDAFC84523E7ECA7F9F8157C8A24F648 1x",/us/c/reptiles/lizards/crested-geckos/2690824,,"https://d20zyr0oabjxc2.cloudfront.net/variants/media/raw_images/fringemorphs/2024/10/20241031033059.624-BTDA2138G-ICARUS-396x396c.jpeg?signature=9AFF621E4C93463F3F9EAE11474D85C3D74D061D31AF29F9F64C481B32CB8CEF 2x, https://d20zyr0oabjxc2.cloudfront.net/variants/media/raw_images/fringemorphs/2024/10/20241031033059.624-BTDA2138G-ICARUS-198x198c.jpeg?signature=5411CBB6B39048E7DA8AC22C6FB5B13BFDAFC84523E7ECA7F9F8157C8A24F648 1x"
High Contrast pinstripe Crested Gecko,pinstripe,"https://d20zyr0oabjxc2.cloudfront.net/variants/media/raw_images/fringemorphs/2024/10/20241031032636.597-BNEO230712POM-ST-396x396c.jpeg?signature=DAD336DFDA01B5ABBF3A2F62D82E30425B85726CFB4CBC4C003C35C4C69CD971 2x, https://d20zyr0oabjxc2.cloudfront.net/variants/media/raw_images/fringemorphs/2024/10/20241031032636.597-BNEO230712POM-ST-198x198c.jpeg?signature=ECBA44A79705539F5105133291C8B9BCDB4B4749F79C1BCA0B95E4CA9653CDF8 1x",/us/c/reptiles/lizards/crested-geckos/2690819,,"https://d20zyr0oabjxc2.cloudfront.net/variants/media/raw_images/fringemorphs/2024/10/20241031032636.597-BNEO230712POM-ST-396x396c.jpeg?signature=DAD336DFDA01B5ABBF3A2F62D82E30425B85726CFB4CBC4C003C35C4C69CD971 2x, https://d20zyr0oabjxc2.cloudfront.net/variants/media/raw_images/fringemorphs/2024/10/20241031032636.597-BNEO230712POM-ST-198x198c.jpeg?signature=ECBA44A79705539F5105133291C8B9BCDB4B4749F79C1BCA0B95E4CA9653CDF8 1x"
White Wall Lavender pinstripe Crested Gecko,pinstripe,"https://d20zyr0oabjxc2.cloudfront.net/variants/media/raw_images/fringemorphs/2024/10/20241031031704.452-BNDN22021745GM--396x396c.jpeg?signature=EEB8A348B42B1FEDBB880177AE0032BA6421A9FB3733B61E94D288B462325312 2x, https://d20zyr0oabjxc2.cloudfront.net/variants/media/raw_images/fringemorphs/2024/10/20241031031704.452-BNDN22021745GM--198x198c.jpeg?signature=2552CB7CB6AF047F316D0848D84E26373DE4E9B2B27D99FBC47D1B98A9FC19A1 1x",/us/c/reptiles/lizards/crested-geckos/2690803,,"https://d20zyr0oabjxc2.cloudfront.net/variants/media/raw_images/fringemorphs/2024/10/20241031031704.452-BNDN22021745GM--396x396c.jpeg?signature=EEB8A348B42B1FEDBB880177AE0032BA6421A9FB3733B61E94D288B462325312 2x, https://d20zyr0oabjxc2.cloudfront.net/variants/media/raw_images/fringemorphs/2024/10/20241031031704.452-BNDN22021745GM--198x198c.jpeg?signature=2552CB7CB6AF047F316D0848D84E26373DE4E9B2B27D99FBC47D1B98A9FC19A1 1x"
High Contrast pinstripe Crested Gecko,pinstripe,"https://d20zyr0oabjxc2.cloudfront.net/variants/media/raw_images/fringemorphs/2024/10/20241031031503.302-201648GM-BAHAMUT-396x396c.jpeg?signature=2E0C41B47DDC1705BD973875BDE8F0C0F961C08B7023A6967D6501221C0ECBA3 2x, https://d20zyr0oabjxc2.cloudfront.net/variants/media/raw_images/fringemorphs/2024/10/20241031031503.302-201648GM-BAHAMUT-198x198c.jpeg?signature=011F95DD9417123579B78CBFF8E9AFA86C8741DC6D48798904CF0A84D8FA570B 1x",/us/c/reptiles/lizards/crested-geckos/2690790,,"https://d20zyr0oabjxc2.cloudfront.net/variants/media/raw_images/fringemorphs/2024/10/20241031031503.302-201648GM-BAHAMUT-396x396c.jpeg?signature=2E0C41B47DDC1705BD973875BDE8F0C0F961C08B7023A6967D6501221C0ECBA3 2x, https://d20zyr0oabjxc2.cloudfront.net/variants/media/raw_images/fringemorphs/2024/10/20241031031503.302-201648GM-BAHAMUT-198x198c.jpeg?signature=011F95DD9417123579B78CBFF8E9AFA86C8741DC6D48798904CF0A84D8FA570B 1x"
High Contrast pinstripe Crested Gecko,pinstripe,"https://d20zyr0oabjxc2.cloudfront.net/variants/media/raw_images/fringemorphs/2024/10/20241031031447.702-40GM-KRAKEN1MM-396x396c.jpeg?signature=3244C1B600F241F0E8AE287B9BA5DF320B0E57D710EA88FF39109FFF0EE49DE8 2x, https://d20zyr0oabjxc2.cloudfront.net/variants/media/raw_images/fringemorphs/2024/10/20241031031447.702-40GM-KRAKEN1MM-198x198c.jpeg?signature=BDF52DD4A1F6CAD14AFFA0D22BDDD68F6675E39EC855C6AE87DF25C18F1EA1CC 1x",/us/c/reptiles/lizards/crested-geckos/2690788,,"https://d20zyr0oabjxc2.cloudfront.net/variants/media/raw_images/fringemorphs/2024/10/20241031031447.702-40GM-KRAKEN1MM-396x396c.jpeg?signature=3244C1B600F241F0E8AE287B9BA5DF320B0E57D710EA88FF39109FFF0EE49DE8 2x, https://d20zyr0oabjxc2.cloudfront.net/variants/media/raw_images/fringemorphs/2024/10/20241031031447.702-40GM-KRAKEN1MM-198x198c.jpeg?signature=BDF52DD4A1F6CAD14AFFA0D22BDDD68F6675E39EC855C6AE87DF25C18F1EA1CC 1x"
Quad-Stripe Soft Scale pinstripe,pinstripe,"https://d20zyr0oabjxc2.cloudfront.net/variants/media/raw_images/thegeckodepotcompany/2024/06/20240609020328.804-IMG_0180-396x396c.jpeg?signature=A8440F1E107017C7BB24D712281C531BB3D3E44EB4C6A768F992D47665926F6A 2x, https://d20zyr0oabjxc2.cloudfront.net/variants/media/raw_images/thegeckodepotcompany/2024/06/20240609020328.804-IMG_0180-198x198c.jpeg?signature=57DAC74FFF8D11871631EA4A63D151A0170168B19C98D7FB6A423EC548AD3D1B 1x",/ca/c/reptiles/lizards/crested-geckos/2367184,,"https://d20zyr0oabjxc2.cloudfront.net/variants/media/raw_images/thegeckodepotcompany/2024/06/20240609020328.804-IMG_0180-396x396c.jpeg?signature=A8440F1E107017C7BB24D712281C531BB3D3E44EB4C6A768F992D47665926F6A 2x, https://d20zyr0oabjxc2.cloudfront.net/variants/media/raw_images/thegeckodepotcompany/2024/06/20240609020328.804-IMG_0180-198x198c.jpeg?signature=57DAC74FFF8D11871631EA4A63D151A0170168B19C98D7FB6A423EC548AD3D1B 1x"
Yellow pinstripe,Yellow pinstripe,"https://d20zyr0oabjxc2.cloudfront.net/variants/media/raw_images/colorful_cresties/2024/09/20240912230036.426-1000014745-396x396c.jpeg?signature=5B923D30BD69F98A5395F2AC14053E07B67F025B0FD5354479151775606FAF64 2x, https://d20zyr0oabjxc2.cloudfront.net/variants/media/raw_images/colorful_cresties/2024/09/20240912230036.426-1000014745-198x198c.jpeg?signature=3B55E7370F7D63CDBA7BEB4C2C3886DEAA4F2001BA617589280355932E8EB908 1x",/us/c/reptiles/lizards/crested-geckos/2574520,,"https://d20zyr0oabjxc2.cloudfront.net/variants/media/raw_images/colorful_cresties/2024/09/20240912230036.426-1000014745-396x396c.jpeg?signature=5B923D30BD69F98A5395F2AC14053E07B67F025B0FD5354479151775606FAF64 2x, https://d20zyr0oabjxc2.cloudfront.net/variants/media/raw_images/colorful_cresties/2024/09/20240912230036.426-1000014745-198x198c.jpeg?signature=3B55E7370F7D63CDBA7BEB4C2C3886DEAA4F2001BA617589280355932E8EB908 1x"
Dark Base pinstripe,Dark pinstripe,"https://d20zyr0oabjxc2.cloudfront.net/variants/media/raw_images/colorful_cresties/2024/09/20240912221950.321-1000014765-396x396c.jpeg?signature=9B98412293C8FBFC27322636F8A6FFF320AE45EF480D07BDD21477A0077439BF 2x, https://d20zyr0oabjxc2.cloudfront.net/variants/media/raw_images/colorful_cresties/2024/09/20240912221950.321-1000014765-198x198c.jpeg?signature=10C311AC5ADD10769F1AE1A39587228AA4120BE27DAA6E412EAEE59ED90845ED 1x",/us/c/reptiles/lizards/crested-geckos/2574349,,"https://d20zyr0oabjxc2.cloudfront.net/variants/media/raw_images/colorful_cresties/2024/09/20240912221950.321-1000014765-396x396c.jpeg?signature=9B98412293C8FBFC27322636F8A6FFF320AE45EF480D07BDD21477A0077439BF 2x, https://d20zyr0oabjxc2.cloudfront.net/variants/media/raw_images/colorful_cresties/2024/09/20240912221950.321-1000014765-198x198c.jpeg?signature=10C311AC5ADD10769F1AE1A39587228AA4120BE27DAA6E412EAEE59ED90845ED 1x"
Orange/ White pinstripe,pinstripe,"https://d20zyr0oabjxc2.cloudfront.net/variants/media/raw_images/crestopia_reptiles/2024/10/20241030212445.320-20241030_171844-396x396c.jpeg?signature=FD6F04731A4B5AC55D5919DA9662A792167341FE7841AF3555ADF5946AB23AD0 2x, https://d20zyr0oabjxc2.cloudfront.net/variants/media/raw_images/crestopia_reptiles/2024/10/20241030212445.320-20241030_171844-198x198c.jpeg?signature=138547A011E85FA83A7992C3D9349D4E93021E66F2C3BBC7580BCCEA2B6C63D8 1x",/us/c/reptiles/lizards/crested-geckos/2689957,,"https://d20zyr0oabjxc2.cloudfront.net/variants/media/raw_images/crestopia_reptiles/2024/10/20241030212445.320-20241030_171844-396x396c.jpeg?signature=FD6F04731A4B5AC55D5919DA9662A792167341FE7841AF3555ADF5946AB23AD0 2x, https://d20zyr0oabjxc2.cloudfront.net/variants/media/raw_images/crestopia_reptiles/2024/10/20241030212445.320-20241030_171844-198x198c.jpeg?signature=138547A011E85FA83A7992C3D9349D4E93021E66F2C3BBC7580BCCEA2B6C63D8 1x"
pinstripe,pinstripe,"https://d20zyr0oabjxc2.cloudfront.net/variants/media/raw_images/frontierexotics/2024/10/20241003210535.527-ACR019-396x396c.jpeg?signature=7F84800D513FFA104EC083CD00BF14987ACDAFBB85E2ED07A277F6EFCA7262F1 2x, https://d20zyr0oabjxc2.cloudfront.net/variants/media/raw_images/frontierexotics/2024/10/20241003210535.527-ACR019-198x198c.jpeg?signature=408F00E4F0A5623ECE791CDA10A208AB3583CC0E7ED1D96A6C0D9E69D7EEAE76 1x",/us/c/reptiles/lizards/crested-geckos/2626071,,"https://d20zyr0oabjxc2.cloudfront.net/variants/media/raw_images/frontierexotics/2024/10/20241003210535.527-ACR019-396x396c.jpeg?signature=7F84800D513FFA104EC083CD00BF14987ACDAFBB85E2ED07A277F6EFCA7262F1 2x, https://d20zyr0oabjxc2.cloudfront.net/variants/media/raw_images/frontierexotics/2024/10/20241003210535.527-ACR019-198x198c.jpeg?signature=408F00E4F0A5623ECE791CDA10A208AB3583CC0E7ED1D96A6C0D9E69D7EEAE76 1x"
Softscale Drippy pinstripe,pinstripe,"https://d20zyr0oabjxc2.cloudfront.net/variants/media/raw_images/crestopia_reptiles/2024/10/20241030210925.847-20241030_170533-396x396c.jpeg?signature=DD51992F1C8412773CB28730C2720E037A3F727A642676A00EBA3BABBA2F3C1A 2x, https://d20zyr0oabjxc2.cloudfront.net/variants/media/raw_images/crestopia_reptiles/2024/10/20241030210925.847-20241030_170533-198x198c.jpeg?signature=00EB290A132BFF748715F0DB60A450AFA8984FD7A8106AB4C41E1808510D3FD9 1x",/us/c/reptiles/lizards/crested-geckos/2689922,,"https://d20zyr0oabjxc2.cloudfront.net/variants/media/raw_images/crestopia_reptiles/2024/10/20241030210925.847-20241030_170533-396x396c.jpeg?signature=DD51992F1C8412773CB28730C2720E037A3F727A642676A00EBA3BABBA2F3C1A 2x, https://d20zyr0oabjxc2.cloudfront.net/variants/media/raw_images/crestopia_reptiles/2024/10/20241030210925.847-20241030_170533-198x198c.jpeg?signature=00EB290A132BFF748715F0DB60A450AFA8984FD7A8106AB4C41E1808510D3FD9 1x"
Creamy pinstripe,pinstripe,"https://d20zyr0oabjxc2.cloudfront.net/variants/media/raw_images/crestopia_reptiles/2024/10/20241030210159.757-20241030_162008-396x396c.jpeg?signature=BC288CBDA75C1A8E0441EC12021D8A3EBB4121EA8B2B6CC6F95E8B26B4E3BFBD 2x, https://d20zyr0oabjxc2.cloudfront.net/variants/media/raw_images/crestopia_reptiles/2024/10/20241030210159.757-20241030_162008-198x198c.jpeg?signature=867BE6315D31C637445D5D470BBE14A27956C622564439B4DA8F518A99DDC830 1x",/us/c/reptiles/lizards/crested-geckos/2689893,,"https://d20zyr0oabjxc2.cloudfront.net/variants/media/raw_images/crestopia_reptiles/2024/10/20241030210159.757-20241030_162008-396x396c.jpeg?signature=BC288CBDA75C1A8E0441EC12021D8A3EBB4121EA8B2B6CC6F95E8B26B4E3BFBD 2x, https://d20zyr0oabjxc2.cloudfront.net/variants/media/raw_images/crestopia_reptiles/2024/10/20241030210159.757-20241030_162008-198x198c.jpeg?signature=867BE6315D31C637445D5D470BBE14A27956C622564439B4DA8F518A99DDC830 1x"
Female pinstripe Crested Gecko,pinstripe,"https://d20zyr0oabjxc2.cloudfront.net/variants/media/raw_images/limited_editon_geckos/2024/09/20240924231207.878-final-396x396c.jpeg?signature=DFFD979E2B570F717C4CE01F04791C0F510D33B73CE26E3D60D1E94B073EC8EA 2x, https://d20zyr0oabjxc2.cloudfront.net/variants/media/raw_images/limited_editon_geckos/2024/09/20240924231207.878-final-198x198c.jpeg?signature=9C394E025DF59FE9154FC4423CFDC2605500AD491BAA63019FC6CD080CD963C3 1x",/us/c/reptiles/lizards/crested-geckos/2604796,,"https://d20zyr0oabjxc2.cloudfront.net/variants/media/raw_images/limited_editon_geckos/2024/09/20240924231207.878-final-396x396c.jpeg?signature=DFFD979E2B570F717C4CE01F04791C0F510D33B73CE26E3D60D1E94B073EC8EA 2x, https://d20zyr0oabjxc2.cloudfront.net/variants/media/raw_images/limited_editon_geckos/2024/09/20240924231207.878-final-198x198c.jpeg?signature=9C394E025DF59FE9154FC4423CFDC2605500AD491BAA63019FC6CD080CD963C3 1x"
High Pattern Lavender pinstripe,pinstripe,"https://d20zyr0oabjxc2.cloudfront.net/variants/media/raw_images/squaks/2024/10/20241030182702.846-1000017360-396x396c.jpeg?signature=9B47A9729A40A1DC347982AF4C24DB5903A83B4745AF4F3855F1CD978A742F87 2x, https://d20zyr0oabjxc2.cloudfront.net/variants/media/raw_images/squaks/2024/10/20241030182702.846-1000017360-198x198c.jpeg?signature=B8E889A2EC6B385E9C7792D211CB3666A6B7F0F0D3763297949C89C78876B58B 1x",/us/c/reptiles/lizards/crested-geckos/2689412,,"https://d20zyr0oabjxc2.cloudfront.net/variants/media/raw_images/squaks/2024/10/20241030182702.846-1000017360-396x396c.jpeg?signature=9B47A9729A40A1DC347982AF4C24DB5903A83B4745AF4F3855F1CD978A742F87 2x, https://d20zyr0oabjxc2.cloudfront.net/variants/media/raw_images/squaks/2024/10/20241030182702.846-1000017360-198x198c.jpeg?signature=B8E889A2EC6B385E9C7792D211CB3666A6B7F0F0D3763297949C89C78876B58B 1x"
Halloween Creme pinstripe,pinstripe,"https://d20zyr0oabjxc2.cloudfront.net/variants/media/raw_images/aquatic-n-exotic/2024/07/20240702181223.765-1000012472-396x396c.jpeg?signature=211481166F4C37084E926871040994CC3CDD4B57A46788EAD2899BDF5362C309 2x, https://d20zyr0oabjxc2.cloudfront.net/variants/media/raw_images/aquatic-n-exotic/2024/07/20240702181223.765-1000012472-198x198c.jpeg?signature=9F27CD0E48572872254D969C27D428CFE5AF78115ECB6881FA202FF2E56F27E9 1x",/us/c/reptiles/lizards/crested-geckos/2409992,,"https://d20zyr0oabjxc2.cloudfront.net/variants/media/raw_images/aquatic-n-exotic/2024/07/20240702181223.765-1000012472-396x396c.jpeg?signature=211481166F4C37084E926871040994CC3CDD4B57A46788EAD2899BDF5362C309 2x, https://d20zyr0oabjxc2.cloudfront.net/variants/media/raw_images/aquatic-n-exotic/2024/07/20240702181223.765-1000012472-198x198c.jpeg?signature=9F27CD0E48572872254D969C27D428CFE5AF78115ECB6881FA202FF2E56F27E9 1x"
Orange pinstripe Crested Gecko,pinstripe,"https://d20zyr0oabjxc2.cloudfront.net/variants/media/raw_images/olympianexotics/2023/08/20230805043753.952-ogpinstripecrested7g-396x396c.jpeg?signature=EB475C61B2BF5AEDE70E77ED6B55079680ACB6B35269EB4874FC725212489BDF 2x, https://d20zyr0oabjxc2.cloudfront.net/variants/media/raw_images/olympianexotics/2023/08/20230805043753.952-ogpinstripecrested7g-198x198c.jpeg?signature=A8E910232473676934A8C26C8C0C649504824068997F3988A3F4FE4EE1CB4EBE 1x",/us/c/reptiles/lizards/crested-geckos/1754053,,"https://d20zyr0oabjxc2.cloudfront.net/variants/media/raw_images/olympianexotics/2023/08/20230805043753.952-ogpinstripecrested7g-396x396c.jpeg?signature=EB475C61B2BF5AEDE70E77ED6B55079680ACB6B35269EB4874FC725212489BDF 2x, https://d20zyr0oabjxc2.cloudfront.net/variants/media/raw_images/olympianexotics/2023/08/20230805043753.952-ogpinstripecrested7g-198x198c.jpeg?signature=A8E910232473676934A8C26C8C0C649504824068997F3988A3F4FE4EE1CB4EBE 1x"
Orange/Yellow pinstripe,Orange/Yellow pinstripe,"https://d20zyr0oabjxc2.cloudfront.net/variants/media/raw_images/asandg/2024/06/20240630154531.821-1000021708-396x396c.jpeg?signature=4CB547EB083C3990CC7DB9AD31A0D91E3CF96705384C420CF9065080CC6AE03A 2x, https://d20zyr0oabjxc2.cloudfront.net/variants/media/raw_images/asandg/2024/06/20240630154531.821-1000021708-198x198c.jpeg?signature=FBEEB1DD310954D00F833A65FC4D666ED88217463F5E02CC28D370B81367739E 1x",/us/c/reptiles/lizards/crested-geckos/2259745,,"https://d20zyr0oabjxc2.cloudfront.net/variants/media/raw_images/asandg/2024/06/20240630154531.821-1000021708-396x396c.jpeg?signature=4CB547EB083C3990CC7DB9AD31A0D91E3CF96705384C420CF9065080CC6AE03A 2x, https://d20zyr0oabjxc2.cloudfront.net/variants/media/raw_images/asandg/2024/06/20240630154531.821-1000021708-198x198c.jpeg?signature=FBEEB1DD310954D00F833A65FC4D666ED88217463F5E02CC28D370B81367739E 1x"
Orange/Yellow pinstripe,Orange/Yellow pinstripe,"https://d20zyr0oabjxc2.cloudfront.net/variants/media/raw_images/asandg/2024/06/20240630155558.625-1000021712-396x396c.jpeg?signature=CE56384E661C131F2B5D7EB9A4358CF481F829D6FEEEF811714CFEA1C40C2B8D 2x, https://d20zyr0oabjxc2.cloudfront.net/variants/media/raw_images/asandg/2024/06/20240630155558.625-1000021712-198x198c.jpeg?signature=360BDF64ED5D6276FF4B7014C90E3AF0D9AB86A560D92B25C410A0D47654E7BF 1x",/us/c/reptiles/lizards/crested-geckos/2222564,,"https://d20zyr0oabjxc2.cloudfront.net/variants/media/raw_images/asandg/2024/06/20240630155558.625-1000021712-396x396c.jpeg?signature=CE56384E661C131F2B5D7EB9A4358CF481F829D6FEEEF811714CFEA1C40C2B8D 2x, https://d20zyr0oabjxc2.cloudfront.net/variants/media/raw_images/asandg/2024/06/20240630155558.625-1000021712-198x198c.jpeg?signature=360BDF64ED5D6276FF4B7014C90E3AF0D9AB86A560D92B25C410A0D47654E7BF 1x"
Red pinstripe With Dalmatian Spots,Red pinstripe Dalmatian,"https://d20zyr0oabjxc2.cloudfront.net/variants/media/raw_images/asandg/2024/03/20240327181526.128-20230629_081801-396x396c.jpeg?signature=B7B506CDB616AF319893EA67BD699E95B459D7D6FCCB788EEE9D79A11EB800F3 2x, https://d20zyr0oabjxc2.cloudfront.net/variants/media/raw_images/asandg/2024/03/20240327181526.128-20230629_081801-198x198c.jpeg?signature=2849571445FFB6D85CB468719E67C98EFD1979182DE73CDCA7E14E222DB4BFF1 1x",/us/c/reptiles/lizards/crested-geckos/2246660,,"https://d20zyr0oabjxc2.cloudfront.net/variants/media/raw_images/asandg/2024/03/20240327181526.128-20230629_081801-396x396c.jpeg?signature=B7B506CDB616AF319893EA67BD699E95B459D7D6FCCB788EEE9D79A11EB800F3 2x, https://d20zyr0oabjxc2.cloudfront.net/variants/media/raw_images/asandg/2024/03/20240327181526.128-20230629_081801-198x198c.jpeg?signature=2849571445FFB6D85CB468719E67C98EFD1979182DE73CDCA7E14E222DB4BFF1 1x"
Orange pinstripe Dalmatian Crested Gecko,pinstripe Dalmatian,"https://d20zyr0oabjxc2.cloudfront.net/variants/media/raw_images/olympianexotics/2023/08/20230804090219.291-orangepinstripeDalmatian21ma-396x396c.jpeg?signature=C8B3F65A11C654E6992E932F8D7C964EB4CBB51A559791BE3A52C00A7354724C 2x, https://d20zyr0oabjxc2.cloudfront.net/variants/media/raw_images/olympianexotics/2023/08/20230804090219.291-orangepinstripeDalmatian21ma-198x198c.jpeg?signature=D8EAED9B30FE679493AF6789E336C36D357295C4B13B83838D733F6DC3C25849 1x",/us/c/reptiles/lizards/crested-geckos/1751738,,"https://d20zyr0oabjxc2.cloudfront.net/variants/media/raw_images/olympianexotics/2023/08/20230804090219.291-orangepinstripeDalmatian21ma-396x396c.jpeg?signature=C8B3F65A11C654E6992E932F8D7C964EB4CBB51A559791BE3A52C00A7354724C 2x, https://d20zyr0oabjxc2.cloudfront.net/variants/media/raw_images/olympianexotics/2023/08/20230804090219.291-orangepinstripeDalmatian21ma-198x198c.jpeg?signature=D8EAED9B30FE679493AF6789E336C36D357295C4B13B83838D733F6DC3C25849 1x"
Yellow Phantom pinstripe Crested Gecko,Yellow pinstripe,"https://d20zyr0oabjxc2.cloudfront.net/variants/media/raw_images/olympianexotics/2023/08/20230804084222.950-yellowphantom7g-396x396c.jpeg?signature=061D8BBB0A94641F499A89B278CFCFDA16C247BEAE4EC15255D507A2A41034BB 2x, https://d20zyr0oabjxc2.cloudfront.net/variants/media/raw_images/olympianexotics/2023/08/20230804084222.950-yellowphantom7g-198x198c.jpeg?signature=F73159654A20DFB9539399D8A07BCD735DA4E1065335D887C7AC988B024BFC67 1x",/us/c/reptiles/lizards/crested-geckos/1751726,,"https://d20zyr0oabjxc2.cloudfront.net/variants/media/raw_images/olympianexotics/2023/08/20230804084222.950-yellowphantom7g-396x396c.jpeg?signature=061D8BBB0A94641F499A89B278CFCFDA16C247BEAE4EC15255D507A2A41034BB 2x, https://d20zyr0oabjxc2.cloudfront.net/variants/media/raw_images/olympianexotics/2023/08/20230804084222.950-yellowphantom7g-198x198c.jpeg?signature=F73159654A20DFB9539399D8A07BCD735DA4E1065335D887C7AC988B024BFC67 1x"
Tan Phantom pinstripe Dalmatian Crested Gecko 6 Grams #315,pinstripe Dalmatian,"https://d20zyr0oabjxc2.cloudfront.net/variants/media/raw_images/olympianexotics/2024/09/20240924053008.723-1000028109-396x396c.jpeg?signature=E271F69D528B2022EF3EBE904EBCBC9956ACB6331E88D256DDC4C8C5C9573C2A 2x, https://d20zyr0oabjxc2.cloudfront.net/variants/media/raw_images/olympianexotics/2024/09/20240924053008.723-1000028109-198x198c.jpeg?signature=7CCAA9A9742046AA0A3F5B3B5231F83A7621D5C73BD13EE5767A33CD6CA25777 1x",/us/c/reptiles/lizards/crested-geckos/2603034,,"https://d20zyr0oabjxc2.cloudfront.net/variants/media/raw_images/olympianexotics/2024/09/20240924053008.723-1000028109-396x396c.jpeg?signature=E271F69D528B2022EF3EBE904EBCBC9956ACB6331E88D256DDC4C8C5C9573C2A 2x, https://d20zyr0oabjxc2.cloudfront.net/variants/media/raw_images/olympianexotics/2024/09/20240924053008.723-1000028109-198x198c.jpeg?signature=7CCAA9A9742046AA0A3F5B3B5231F83A7621D5C73BD13EE5767A33CD6CA25777 1x"
Partial pinstripe Hatchling,pinstripe,"https://d20zyr0oabjxc2.cloudfront.net/variants/media/raw_images/kmpreptiles/2024/04/20240430083031.60-IMG_1554-396x396c.jpeg?signature=D72C1351B5B9058CBA33C5D303628F6576B073231E767C5ABCBDFD9201F1028F 2x, https://d20zyr0oabjxc2.cloudfront.net/variants/media/raw_images/kmpreptiles/2024/04/20240430083031.60-IMG_1554-198x198c.jpeg?signature=F9A302653B406CC3DB33A35188649BD937787D8845585EB30BB74D27A81D9858 1x",/us/c/reptiles/lizards/crested-geckos/2305405,,"https://d20zyr0oabjxc2.cloudfront.net/variants/media/raw_images/kmpreptiles/2024/04/20240430083031.60-IMG_1554-396x396c.jpeg?signature=D72C1351B5B9058CBA33C5D303628F6576B073231E767C5ABCBDFD9201F1028F 2x, https://d20zyr0oabjxc2.cloudfront.net/variants/media/raw_images/kmpreptiles/2024/04/20240430083031.60-IMG_1554-198x198c.jpeg?signature=F9A302653B406CC3DB33A35188649BD937787D8845585EB30BB74D27A81D9858 1x"
Red Phantom pinstripe,Red pinstripe,"https://d20zyr0oabjxc2.cloudfront.net/variants/media/raw_images/caliherps/2024/10/20241030024533.357-IMG_5314-396x396c.jpeg?signature=56FBE0C67188AA30BDD2CFE620721154927A8BFF3A6142D7CF92087242ECD64D 2x, https://d20zyr0oabjxc2.cloudfront.net/variants/media/raw_images/caliherps/2024/10/20241030024533.357-IMG_5314-198x198c.jpeg?signature=77C2FBDC916FB5E326311691DD0EFF553348E17E12E84E7E4CBB07C56F5F4A27 1x",/us/c/reptiles/lizards/crested-geckos/2688008,,"https://d20zyr0oabjxc2.cloudfront.net/variants/media/raw_images/caliherps/2024/10/20241030024533.357-IMG_5314-396x396c.jpeg?signature=56FBE0C67188AA30BDD2CFE620721154927A8BFF3A6142D7CF92087242ECD64D 2x, https://d20zyr0oabjxc2.cloudfront.net/variants/media/raw_images/caliherps/2024/10/20241030024533.357-IMG_5314-198x198c.jpeg?signature=77C2FBDC916FB5E326311691DD0EFF553348E17E12E84E7E4CBB07C56F5F4A27 1x"
pinstripe,pinstripe,"https://d20zyr0oabjxc2.cloudfront.net/variants/media/raw_images/tlaexotics/2024/10/20241030000817.937-Piclabel-396x396c.jpeg?signature=40D6EE15AE7FE8DD2EB92E79C0752AD35BAF79F42A48D4B18FFA18403AE49F58 2x, https://d20zyr0oabjxc2.cloudfront.net/variants/media/raw_images/tlaexotics/2024/10/20241030000817.937-Piclabel-198x198c.jpeg?signature=5868B49219DBCB71C1F5CED2FEAA6E59724419E06EF0EBF737483EE6FBB2C40E 1x",/us/c/reptiles/lizards/crested-geckos/2687646,,"https://d20zyr0oabjxc2.cloudfront.net/variants/media/raw_images/tlaexotics/2024/10/20241030000817.937-Piclabel-396x396c.jpeg?signature=40D6EE15AE7FE8DD2EB92E79C0752AD35BAF79F42A48D4B18FFA18403AE49F58 2x, https://d20zyr0oabjxc2.cloudfront.net/variants/media/raw_images/tlaexotics/2024/10/20241030000817.937-Piclabel-198x198c.jpeg?signature=5868B49219DBCB71C1F5CED2FEAA6E59724419E06EF0EBF737483EE6FBB2C40E 1x"
pinstripe Pos Het Axanthic Noir X Clarice,pinstripe,"https://d20zyr0oabjxc2.cloudfront.net/variants/media/raw_images/chixwithtrix/2024/04/20240403115125.412-20240402_071816-396x396c.jpeg?signature=AFED30BA4F7614FC1C2A065E48E9901E5ACBB77F7BFB1F2BCFD8DB954007BA8F 2x, https://d20zyr0oabjxc2.cloudfront.net/variants/media/raw_images/chixwithtrix/2024/04/20240403115125.412-20240402_071816-198x198c.jpeg?signature=9C68F2BC78CA401BF9323E4FB62242B9C63D03CA0DEE42B28D79D6BF533A12C5 1x",/us/c/reptiles/lizards/crested-geckos/1989380,,"https://d20zyr0oabjxc2.cloudfront.net/variants/media/raw_images/chixwithtrix/2024/04/20240403115125.412-20240402_071816-396x396c.jpeg?signature=AFED30BA4F7614FC1C2A065E48E9901E5ACBB77F7BFB1F2BCFD8DB954007BA8F 2x, https://d20zyr0oabjxc2.cloudfront.net/variants/media/raw_images/chixwithtrix/2024/04/20240403115125.412-20240402_071816-198x198c.jpeg?signature=9C68F2BC78CA401BF9323E4FB62242B9C63D03CA0DEE42B28D79D6BF533A12C5 1x"
RTB pinstripe Pos Het Axanthic Lineage,pinstripe,"https://d20zyr0oabjxc2.cloudfront.net/variants/media/raw_images/chixwithtrix/2023/11/20231104143709.512-20231104_070747-396x396c.jpeg?signature=E6975E86B5FD5F6396D86EB35C6E7684011FF940B76B67CAA9500BFE50C2F85D 2x, https://d20zyr0oabjxc2.cloudfront.net/variants/media/raw_images/chixwithtrix/2023/11/20231104143709.512-20231104_070747-198x198c.jpeg?signature=DDC0B886B7B4B42F3D3B1061B59A3A6282501216EED932B6740F639AAF465E69 1x",/us/c/reptiles/lizards/crested-geckos/1984983,,"https://d20zyr0oabjxc2.cloudfront.net/variants/media/raw_images/chixwithtrix/2023/11/20231104143709.512-20231104_070747-396x396c.jpeg?signature=E6975E86B5FD5F6396D86EB35C6E7684011FF940B76B67CAA9500BFE50C2F85D 2x, https://d20zyr0oabjxc2.cloudfront.net/variants/media/raw_images/chixwithtrix/2023/11/20231104143709.512-20231104_070747-198x198c.jpeg?signature=DDC0B886B7B4B42F3D3B1061B59A3A6282501216EED932B6740F639AAF465E69 1x"
Male Whitewall pinstripe,pinstripe,"https://d20zyr0oabjxc2.cloudfront.net/variants/media/raw_images/hunterh/2024/10/20241029222732.767-IMG_0019-396x396c.jpeg?signature=1182FE160BEE82F9AF5A69E06F4143FAC8B4BAEF34D9FE940FF446091CE8526A 2x, https://d20zyr0oabjxc2.cloudfront.net/variants/media/raw_images/hunterh/2024/10/20241029222732.767-IMG_0019-198x198c.jpeg?signature=25A1B452A25228DBB2638EA6AFCC556C08953245B4CF1B47E4FE1703103422F4 1x",/us/c/reptiles/lizards/crested-geckos/2687247,,"https://d20zyr0oabjxc2.cloudfront.net/variants/media/raw_images/hunterh/2024/10/20241029222732.767-IMG_0019-396x396c.jpeg?signature=1182FE160BEE82F9AF5A69E06F4143FAC8B4BAEF34D9FE940FF446091CE8526A 2x, https://d20zyr0oabjxc2.cloudfront.net/variants/media/raw_images/hunterh/2024/10/20241029222732.767-IMG_0019-198x198c.jpeg?signature=25A1B452A25228DBB2638EA6AFCC556C08953245B4CF1B47E4FE1703103422F4 1x"
Full pinstripe Pos Female,pinstripe,"https://d20zyr0oabjxc2.cloudfront.net/variants/media/raw_images/brook2009/2024/10/20241005203423.927-IMG_2355-396x396c.jpeg?signature=5C6CA3DB89128A074B4BD556E04157F7BE8B0CFD5F958F9B82585A1FA8700FF7 2x, https://d20zyr0oabjxc2.cloudfront.net/variants/media/raw_images/brook2009/2024/10/20241005203423.927-IMG_2355-198x198c.jpeg?signature=F1DC6D1B8E6152D30159C8C07CB22B1C30899B14998284438D49A21A9B6827CE 1x",/us/c/reptiles/lizards/crested-geckos/2630290,,"https://d20zyr0oabjxc2.cloudfront.net/variants/media/raw_images/brook2009/2024/10/20241005203423.927-IMG_2355-396x396c.jpeg?signature=5C6CA3DB89128A074B4BD556E04157F7BE8B0CFD5F958F9B82585A1FA8700FF7 2x, https://d20zyr0oabjxc2.cloudfront.net/variants/media/raw_images/brook2009/2024/10/20241005203423.927-IMG_2355-198x198c.jpeg?signature=F1DC6D1B8E6152D30159C8C07CB22B1C30899B14998284438D49A21A9B6827CE 1x"
Partial pinstripe,pinstripe,"https://d20zyr0oabjxc2.cloudfront.net/variants/media/raw_images/anthony2201/2024/10/20241005193351.690-IMG_4134-396x396c.jpeg?signature=DF7D41F9BCE20BE2F01CDB1692805106949E60F490F12A9DF7422D211B54D978 2x, https://d20zyr0oabjxc2.cloudfront.net/variants/media/raw_images/anthony2201/2024/10/20241005193351.690-IMG_4134-198x198c.jpeg?signature=83FDE19259A65B628CF70787E3F61FDAB4257E3E85298469BF1EA958A2F33370 1x",/us/c/reptiles/lizards/crested-geckos/2630114,,"https://d20zyr0oabjxc2.cloudfront.net/variants/media/raw_images/anthony2201/2024/10/20241005193351.690-IMG_4134-396x396c.jpeg?signature=DF7D41F9BCE20BE2F01CDB1692805106949E60F490F12A9DF7422D211B54D978 2x, https://d20zyr0oabjxc2.cloudfront.net/variants/media/raw_images/anthony2201/2024/10/20241005193351.690-IMG_4134-198x198c.jpeg?signature=83FDE19259A65B628CF70787E3F61FDAB4257E3E85298469BF1EA958A2F33370 1x"
pinstripe,pinstripe,"https://d20zyr0oabjxc2.cloudfront.net/variants/media/raw_images/anthony2201/2024/10/20241005181029.25-IMG_4034-396x396c.jpeg?signature=199D96970058CDE8B70B9D188D1BB764B80E36F0778651A1D324E8336209A590 2x, https://d20zyr0oabjxc2.cloudfront.net/variants/media/raw_images/anthony2201/2024/10/20241005181029.25-IMG_4034-198x198c.jpeg?signature=4A83C7FA2903536688A744F2E4CB44D194B283FD2725BD2CF03548F80E3F23BC 1x",/us/c/reptiles/lizards/crested-geckos/2629940,,"https://d20zyr0oabjxc2.cloudfront.net/variants/media/raw_images/anthony2201/2024/10/20241005181029.25-IMG_4034-396x396c.jpeg?signature=199D96970058CDE8B70B9D188D1BB764B80E36F0778651A1D324E8336209A590 2x, https://d20zyr0oabjxc2.cloudfront.net/variants/media/raw_images/anthony2201/2024/10/20241005181029.25-IMG_4034-198x198c.jpeg?signature=4A83C7FA2903536688A744F2E4CB44D194B283FD2725BD2CF03548F80E3F23BC 1x"
Perfect pinstripe,pinstripe,"https://d20zyr0oabjxc2.cloudfront.net/variants/media/raw_images/adelaide12/2024/10/20241029175612.624-IMG_9686-396x396c.jpeg?signature=EE2A615E1E1E27CCE1ED82732BA71F70E3A4F00CF8FFC19F0CE7E7CB2EDA30AC 2x, https://d20zyr0oabjxc2.cloudfront.net/variants/media/raw_images/adelaide12/2024/10/20241029175612.624-IMG_9686-198x198c.jpeg?signature=AB6DE9C5E4C8D6EFEA725973E0F41F40DF0355A2C0E1CD132477BAB1C8FEF1AE 1x",/us/c/reptiles/lizards/crested-geckos/2686462,,"https://d20zyr0oabjxc2.cloudfront.net/variants/media/raw_images/adelaide12/2024/10/20241029175612.624-IMG_9686-396x396c.jpeg?signature=EE2A615E1E1E27CCE1ED82732BA71F70E3A4F00CF8FFC19F0CE7E7CB2EDA30AC 2x, https://d20zyr0oabjxc2.cloudfront.net/variants/media/raw_images/adelaide12/2024/10/20241029175612.624-IMG_9686-198x198c.jpeg?signature=AB6DE9C5E4C8D6EFEA725973E0F41F40DF0355A2C0E1CD132477BAB1C8FEF1AE 1x"
Proven pinstripe Female,pinstripe,"https://d20zyr0oabjxc2.cloudfront.net/variants/media/raw_images/thederpydragon/2024/09/20240919234917.529-1000011935-396x396c.jpeg?signature=9519357A97624571FFD628E454B54B0120B6E628E8E8CEDF6C502A1CD580A990 2x, https://d20zyr0oabjxc2.cloudfront.net/variants/media/raw_images/thederpydragon/2024/09/20240919234917.529-1000011935-198x198c.jpeg?signature=8C3FF8A11EA7F5A83DA04C416A9AF4D5105FD09A742091037AA47508B98AA7F3 1x",/us/c/reptiles/lizards/crested-geckos/2421757,,"https://d20zyr0oabjxc2.cloudfront.net/variants/media/raw_images/thederpydragon/2024/09/20240919234917.529-1000011935-396x396c.jpeg?signature=9519357A97624571FFD628E454B54B0120B6E628E8E8CEDF6C502A1CD580A990 2x, https://d20zyr0oabjxc2.cloudfront.net/variants/media/raw_images/thederpydragon/2024/09/20240919234917.529-1000011935-198x198c.jpeg?signature=8C3FF8A11EA7F5A83DA04C416A9AF4D5105FD09A742091037AA47508B98AA7F3 1x"
pinstripe Crested Gecko,pinstripe,"https://d20zyr0oabjxc2.cloudfront.net/variants/media/raw_images/brook2009/2024/10/20241005200101.766-IMG_2364-396x396c.jpeg?signature=686CDC7BA2E40A8A981BEC031791F8E614DA18A2EA74B9E4CBC26A5B94C359A1 2x, https://d20zyr0oabjxc2.cloudfront.net/variants/media/raw_images/brook2009/2024/10/20241005200101.766-IMG_2364-198x198c.jpeg?signature=A4AECEB9AEA29E4A6BEB32A0D0508C36523A8E2836BC306AB7FF472C249747FE 1x",/us/c/reptiles/lizards/crested-geckos/2507361,,"https://d20zyr0oabjxc2.cloudfront.net/variants/media/raw_images/brook2009/2024/10/20241005200101.766-IMG_2364-396x396c.jpeg?signature=686CDC7BA2E40A8A981BEC031791F8E614DA18A2EA74B9E4CBC26A5B94C359A1 2x, https://d20zyr0oabjxc2.cloudfront.net/variants/media/raw_images/brook2009/2024/10/20241005200101.766-IMG_2364-198x198c.jpeg?signature=A4AECEB9AEA29E4A6BEB32A0D0508C36523A8E2836BC306AB7FF472C249747FE 1x"
Male Red pinstripe Crested Gecko Cr-1228,Red pinstripe,"https://d20zyr0oabjxc2.cloudfront.net/variants/media/raw_images/pangeareptile/2023/11/20231127154012.581-CR-1228Left-396x396c.jpeg?signature=E7E09DD89E3F9B29D5843B386AD87B3D5894787BA1E7A7E8F10DEA7A11615639 2x, https://d20zyr0oabjxc2.cloudfront.net/variants/media/raw_images/pangeareptile/2023/11/20231127154012.581-CR-1228Left-198x198c.jpeg?signature=2C112E7D6E3DAC41411C37DD46F61F3221040467B743A980B7FFF7911A59EC13 1x",/us/c/reptiles/lizards/crested-geckos/1937566,,"https://d20zyr0oabjxc2.cloudfront.net/variants/media/raw_images/pangeareptile/2023/11/20231127154012.581-CR-1228Left-396x396c.jpeg?signature=E7E09DD89E3F9B29D5843B386AD87B3D5894787BA1E7A7E8F10DEA7A11615639 2x, https://d20zyr0oabjxc2.cloudfront.net/variants/media/raw_images/pangeareptile/2023/11/20231127154012.581-CR-1228Left-198x198c.jpeg?signature=2C112E7D6E3DAC41411C37DD46F61F3221040467B743A980B7FFF7911A59EC13 1x"
Partial pinstripe Crested Gecko,pinstripe,"https://d20zyr0oabjxc2.cloudfront.net/variants/media/raw_images/olympianexotics/2024/06/20240625063333.945-1000014890-396x396c.jpeg?signature=C6D79190D30D4F32B3EEE96914C82C4C0699744421F0A0BB07132A5BB0EBAB95 2x, https://d20zyr0oabjxc2.cloudfront.net/variants/media/raw_images/olympianexotics/2024/06/20240625063333.945-1000014890-198x198c.jpeg?signature=FDA4980E29EBA0E0692FA4FB65ECF9CE1071563C920847A11FC13B7DE9BF1E2B 1x",/us/c/reptiles/lizards/crested-geckos/2396139,,"https://d20zyr0oabjxc2.cloudfront.net/variants/media/raw_images/olympianexotics/2024/06/20240625063333.945-1000014890-396x396c.jpeg?signature=C6D79190D30D4F32B3EEE96914C82C4C0699744421F0A0BB07132A5BB0EBAB95 2x, https://d20zyr0oabjxc2.cloudfront.net/variants/media/raw_images/olympianexotics/2024/06/20240625063333.945-1000014890-198x198c.jpeg?signature=FDA4980E29EBA0E0692FA4FB65ECF9CE1071563C920847A11FC13B7DE9BF1E2B 1x"
Yellow Porthole pinstripe Dalmatian,Yellow pinstripe Dalmatian,"https://d20zyr0oabjxc2.cloudfront.net/variants/media/raw_images/gavinshipanik/2024/10/20241005063331.145-IMG_1649-396x396c.jpeg?signature=E6005858E8433395918758C698EAECB75E5AAF6C9823601BBCD6F7116846866A 2x, https://d20zyr0oabjxc2.cloudfront.net/variants/media/raw_images/gavinshipanik/2024/10/20241005063331.145-IMG_1649-198x198c.jpeg?signature=4D9FB4E603A1B77BE9DF8C2D430E592378BF99FD5FDC6377FAA90C2744659D6E 1x",/us/c/reptiles/lizards/crested-geckos/2629225,,"https://d20zyr0oabjxc2.cloudfront.net/variants/media/raw_images/gavinshipanik/2024/10/20241005063331.145-IMG_1649-396x396c.jpeg?signature=E6005858E8433395918758C698EAECB75E5AAF6C9823601BBCD6F7116846866A 2x, https://d20zyr0oabjxc2.cloudfront.net/variants/media/raw_images/gavinshipanik/2024/10/20241005063331.145-IMG_1649-198x198c.jpeg?signature=4D9FB4E603A1B77BE9DF8C2D430E592378BF99FD5FDC6377FAA90C2744659D6E 1x"
Halloween pinstripe Crested Gecko #360,pinstripe,"https://d20zyr0oabjxc2.cloudfront.net/variants/media/raw_images/olympianexotics/2024/09/20240923045853.458-1000027789-396x396c.jpeg?signature=3DF447A9B2A6BC355CC895CD4D2BEF759CEAFC9CACBB7DD74920736B724E3625 2x, https://d20zyr0oabjxc2.cloudfront.net/variants/media/raw_images/olympianexotics/2024/09/20240923045853.458-1000027789-198x198c.jpeg?signature=A6335550FFD813DCA71BCF9F866A342B23EB58C09CDBF42882905A2332453804 1x",/us/c/reptiles/lizards/crested-geckos/2600703,,"https://d20zyr0oabjxc2.cloudfront.net/variants/media/raw_images/olympianexotics/2024/09/20240923045853.458-1000027789-396x396c.jpeg?signature=3DF447A9B2A6BC355CC895CD4D2BEF759CEAFC9CACBB7DD74920736B724E3625 2x, https://d20zyr0oabjxc2.cloudfront.net/variants/media/raw_images/olympianexotics/2024/09/20240923045853.458-1000027789-198x198c.jpeg?signature=A6335550FFD813DCA71BCF9F866A342B23EB58C09CDBF42882905A2332453804 1x"
Quad-Stripe 100% pinstripe.,pinstripe.,"https://d20zyr0oabjxc2.cloudfront.net/variants/media/raw_images/thegeckodepotcompany/2023/07/20230723225657.296-IMG_6735-396x396c.jpeg?signature=863047EE23C09E72514CD0728D44B49B298FD43BAEBE9CD64D4FB7C65C21929C 2x, https://d20zyr0oabjxc2.cloudfront.net/variants/media/raw_images/thegeckodepotcompany/2023/07/20230723225657.296-IMG_6735-198x198c.jpeg?signature=4A626BCB4446A7830FBCF36E1DFC5AA698EA7BA475900AC634378ACF399E26C7 1x",/ca/c/reptiles/lizards/crested-geckos/1724970,,"https://d20zyr0oabjxc2.cloudfront.net/variants/media/raw_images/thegeckodepotcompany/2023/07/20230723225657.296-IMG_6735-396x396c.jpeg?signature=863047EE23C09E72514CD0728D44B49B298FD43BAEBE9CD64D4FB7C65C21929C 2x, https://d20zyr0oabjxc2.cloudfront.net/variants/media/raw_images/thegeckodepotcompany/2023/07/20230723225657.296-IMG_6735-198x198c.jpeg?signature=4A626BCB4446A7830FBCF36E1DFC5AA698EA7BA475900AC634378ACF399E26C7 1x"
High Expression pinstripe Lilly White Crested Gecko,pinstripe,"https://d20zyr0oabjxc2.cloudfront.net/variants/media/raw_images/tikisgeckos/2024/10/20241005033829.909-lilly_white_high_exp-396x396c.jpeg?signature=058EADDCB4B7E8EAB7426BEB954137928E7B6787F1E764AC0D83528F7BE46A68 2x, https://d20zyr0oabjxc2.cloudfront.net/variants/media/raw_images/tikisgeckos/2024/10/20241005033829.909-lilly_white_high_exp-198x198c.jpeg?signature=A4CCA4121DF596CBF8DCEE01EDD8F0723602FA56E0B703714B5B30CC038D05DC 1x",/us/c/reptiles/lizards/crested-geckos/2629064,,"https://d20zyr0oabjxc2.cloudfront.net/variants/media/raw_images/tikisgeckos/2024/10/20241005033829.909-lilly_white_high_exp-396x396c.jpeg?signature=058EADDCB4B7E8EAB7426BEB954137928E7B6787F1E764AC0D83528F7BE46A68 2x, https://d20zyr0oabjxc2.cloudfront.net/variants/media/raw_images/tikisgeckos/2024/10/20241005033829.909-lilly_white_high_exp-198x198c.jpeg?signature=A4CCA4121DF596CBF8DCEE01EDD8F0723602FA56E0B703714B5B30CC038D05DC 1x"
"""Duplo"" Drippy Cream pinstripe",pinstripe,"https://d20zyr0oabjxc2.cloudfront.net/variants/media/raw_images/midwestmarvels/2024/09/20240930230752.505-Duplo_4041-396x396c.jpeg?signature=DDCC0F620BDFA519B1DD90F1CEE82E507FD0656351D1F9B7961128D23DBAD9A3 2x, https://d20zyr0oabjxc2.cloudfront.net/variants/media/raw_images/midwestmarvels/2024/09/20240930230752.505-Duplo_4041-198x198c.jpeg?signature=B16A3C719FFE16818697EB5D35B6815807371E122E39E08A21EE80F9E94DADCE 1x",/us/c/reptiles/lizards/crested-geckos/2619259,,"https://d20zyr0oabjxc2.cloudfront.net/variants/media/raw_images/midwestmarvels/2024/09/20240930230752.505-Duplo_4041-396x396c.jpeg?signature=DDCC0F620BDFA519B1DD90F1CEE82E507FD0656351D1F9B7961128D23DBAD9A3 2x, https://d20zyr0oabjxc2.cloudfront.net/variants/media/raw_images/midwestmarvels/2024/09/20240930230752.505-Duplo_4041-198x198c.jpeg?signature=B16A3C719FFE16818697EB5D35B6815807371E122E39E08A21EE80F9E94DADCE 1x"
"""Hyperspace Adobo"" Juvenile Female pinstripe With Fun Lats",pinstripe,"https://d20zyr0oabjxc2.cloudfront.net/variants/media/raw_images/livinglegendsreptiles/2024/10/20241029021830.316-1000011904-396x396c.jpeg?signature=3E962D747807548B1E2A61A909E7C1BC130726B62BD8A6893C5B4DDFF0DF9CD6 2x, https://d20zyr0oabjxc2.cloudfront.net/variants/media/raw_images/livinglegendsreptiles/2024/10/20241029021830.316-1000011904-198x198c.jpeg?signature=9E3779D2B79398D18C36905715AE7527896E5AF48E2D7257DA62D03417B0974F 1x",/us/c/reptiles/lizards/crested-geckos/2685156,,"https://d20zyr0oabjxc2.cloudfront.net/variants/media/raw_images/livinglegendsreptiles/2024/10/20241029021830.316-1000011904-396x396c.jpeg?signature=3E962D747807548B1E2A61A909E7C1BC130726B62BD8A6893C5B4DDFF0DF9CD6 2x, https://d20zyr0oabjxc2.cloudfront.net/variants/media/raw_images/livinglegendsreptiles/2024/10/20241029021830.316-1000011904-198x198c.jpeg?signature=9E3779D2B79398D18C36905715AE7527896E5AF48E2D7257DA62D03417B0974F 1x"
"""Wagyu Beef"" Brick Red pinstripe Female",Red pinstripe,"https://d20zyr0oabjxc2.cloudfront.net/variants/media/raw_images/livinglegendsreptiles/2024/10/20241029021424.612-1000011899-396x396c.jpeg?signature=66C07BFE88505493BA99D347F848CA013F4357F4A6FBBF6ADA95AE42272C82F6 2x, https://d20zyr0oabjxc2.cloudfront.net/variants/media/raw_images/livinglegendsreptiles/2024/10/20241029021424.612-1000011899-198x198c.jpeg?signature=F5D6EEBF98A979A78BAEAFA50C1F836F8470962ECDF93E4451CEA2CF526812E4 1x",/us/c/reptiles/lizards/crested-geckos/2685152,,"https://d20zyr0oabjxc2.cloudfront.net/variants/media/raw_images/livinglegendsreptiles/2024/10/20241029021424.612-1000011899-396x396c.jpeg?signature=66C07BFE88505493BA99D347F848CA013F4357F4A6FBBF6ADA95AE42272C82F6 2x, https://d20zyr0oabjxc2.cloudfront.net/variants/media/raw_images/livinglegendsreptiles/2024/10/20241029021424.612-1000011899-198x198c.jpeg?signature=F5D6EEBF98A979A78BAEAFA50C1F836F8470962ECDF93E4451CEA2CF526812E4 1x"
"""Skin Of A Killer"" Female pinstripe, Funky pinstripes & Lats","pinstripe, pinstripes","https://d20zyr0oabjxc2.cloudfront.net/variants/media/raw_images/livinglegendsreptiles/2024/10/20241028224122.966-1000011890-396x396c.jpeg?signature=66DE361BDCDF100EA9762C37BEB897F2DE8870723E8555759D884F1E8A41E354 2x, https://d20zyr0oabjxc2.cloudfront.net/variants/media/raw_images/livinglegendsreptiles/2024/10/20241028224122.966-1000011890-198x198c.jpeg?signature=F68DC8A1D1DFB3A2BBFB9EB366A286A002A3E20E9A925F5E3B2DA96621279B40 1x",/us/c/reptiles/lizards/crested-geckos/2684634,,"https://d20zyr0oabjxc2.cloudfront.net/variants/media/raw_images/livinglegendsreptiles/2024/10/20241028224122.966-1000011890-396x396c.jpeg?signature=66DE361BDCDF100EA9762C37BEB897F2DE8870723E8555759D884F1E8A41E354 2x, https://d20zyr0oabjxc2.cloudfront.net/variants/media/raw_images/livinglegendsreptiles/2024/10/20241028224122.966-1000011890-198x198c.jpeg?signature=F68DC8A1D1DFB3A2BBFB9EB366A286A002A3E20E9A925F5E3B2DA96621279B40 1x"
Male pinstripe Crested Gecko Cr-1194,pinstripe,"https://d20zyr0oabjxc2.cloudfront.net/variants/media/raw_images/pangeareptile/2023/12/20231227212337.465-CR-1194Left-396x396c.jpeg?signature=2A13FE91EE9BC3522EF9585200D5027AE959112BB69E5CC218480C199BDE1E6A 2x, https://d20zyr0oabjxc2.cloudfront.net/variants/media/raw_images/pangeareptile/2023/12/20231227212337.465-CR-1194Left-198x198c.jpeg?signature=C89EB8D4EE994C7E6D5560E578AFDF1ADA92D88D9F6887C8EA62BF9C51922F26 1x",/us/c/reptiles/lizards/crested-geckos/2080821,,"https://d20zyr0oabjxc2.cloudfront.net/variants/media/raw_images/pangeareptile/2023/12/20231227212337.465-CR-1194Left-396x396c.jpeg?signature=2A13FE91EE9BC3522EF9585200D5027AE959112BB69E5CC218480C199BDE1E6A 2x, https://d20zyr0oabjxc2.cloudfront.net/variants/media/raw_images/pangeareptile/2023/12/20231227212337.465-CR-1194Left-198x198c.jpeg?signature=C89EB8D4EE994C7E6D5560E578AFDF1ADA92D88D9F6887C8EA62BF9C51922F26 1x"
Male Lavender pinstripe Crested Gecko Cr-1527,pinstripe,"https://d20zyr0oabjxc2.cloudfront.net/variants/media/raw_images/pangeareptile/2023/12/20231227210856.597-CR-1527Left-396x396c.jpeg?signature=D54F09D000A81E013D3101BD896CA5F1795E220744FD9FE4BAE841ACDC8DFE89 2x, https://d20zyr0oabjxc2.cloudfront.net/variants/media/raw_images/pangeareptile/2023/12/20231227210856.597-CR-1527Left-198x198c.jpeg?signature=948831F922AAC2167B72B81A3DE2CE12487759DD6FC8FC95F59FEE640531DD3C 1x",/us/c/reptiles/lizards/crested-geckos/2080778,,"https://d20zyr0oabjxc2.cloudfront.net/variants/media/raw_images/pangeareptile/2023/12/20231227210856.597-CR-1527Left-396x396c.jpeg?signature=D54F09D000A81E013D3101BD896CA5F1795E220744FD9FE4BAE841ACDC8DFE89 2x, https://d20zyr0oabjxc2.cloudfront.net/variants/media/raw_images/pangeareptile/2023/12/20231227210856.597-CR-1527Left-198x198c.jpeg?signature=948831F922AAC2167B72B81A3DE2CE12487759DD6FC8FC95F59FEE640531DD3C 1x"
Male Cold Fusion pinstripe Crested Gecko Cr-2368,pinstripe,"https://d20zyr0oabjxc2.cloudfront.net/variants/media/raw_images/pangeareptile/2024/06/20240606204638.384-Cr-2368LeftFiredD-396x396c.jpeg?signature=7F7EE1456D553A6412B7CEABECFA07FE8CE0C374101F90BC9CD5F788A5D2C50F 2x, https://d20zyr0oabjxc2.cloudfront.net/variants/media/raw_images/pangeareptile/2024/06/20240606204638.384-Cr-2368LeftFiredD-198x198c.jpeg?signature=F4B5E30FB26CA997E977DF0697982557404C0747B641F251A9C06AC3497F83F6 1x",/us/c/reptiles/lizards/crested-geckos/2363687,,"https://d20zyr0oabjxc2.cloudfront.net/variants/media/raw_images/pangeareptile/2024/06/20240606204638.384-Cr-2368LeftFiredD-396x396c.jpeg?signature=7F7EE1456D553A6412B7CEABECFA07FE8CE0C374101F90BC9CD5F788A5D2C50F 2x, https://d20zyr0oabjxc2.cloudfront.net/variants/media/raw_images/pangeareptile/2024/06/20240606204638.384-Cr-2368LeftFiredD-198x198c.jpeg?signature=F4B5E30FB26CA997E977DF0697982557404C0747B641F251A9C06AC3497F83F6 1x"
Female Yellow pinstripe Crested Gecko Cr-1030,Yellow pinstripe,"https://d20zyr0oabjxc2.cloudfront.net/variants/media/raw_images/pangeareptile/2023/12/20231227192817.502-CR-1030FullLeft-396x396c.jpeg?signature=29F0226F6FD6CDFB8710FA78BC5CD73FB0681DF35C1FDD2B3400E02A281058BF 2x, https://d20zyr0oabjxc2.cloudfront.net/variants/media/raw_images/pangeareptile/2023/12/20231227192817.502-CR-1030FullLeft-198x198c.jpeg?signature=9E28F6D1C316050E1F2833170E810B818F01C972BD27B0B540E3543326C76269 1x",/us/c/reptiles/lizards/crested-geckos/2080521,,"https://d20zyr0oabjxc2.cloudfront.net/variants/media/raw_images/pangeareptile/2023/12/20231227192817.502-CR-1030FullLeft-396x396c.jpeg?signature=29F0226F6FD6CDFB8710FA78BC5CD73FB0681DF35C1FDD2B3400E02A281058BF 2x, https://d20zyr0oabjxc2.cloudfront.net/variants/media/raw_images/pangeareptile/2023/12/20231227192817.502-CR-1030FullLeft-198x198c.jpeg?signature=9E28F6D1C316050E1F2833170E810B818F01C972BD27B0B540E3543326C76269 1x"
Drippy pinstripe,pinstripe,"https://d20zyr0oabjxc2.cloudfront.net/variants/media/raw_images/jessicasanimaljungle/2024/09/20240921211428.920-IMG_20240920_173723-396x396c.jpeg?signature=2CC69C801F03C687F36112335F5D2F87E4C9FF58F45D4B33E0A026CE36B07386 2x, https://d20zyr0oabjxc2.cloudfront.net/variants/media/raw_images/jessicasanimaljungle/2024/09/20240921211428.920-IMG_20240920_173723-198x198c.jpeg?signature=5B826206E916A33C84552DC2E1064D585AD669CE87B067181016C28E1A874EAC 1x",/us/c/reptiles/lizards/crested-geckos/2597345,,"https://d20zyr0oabjxc2.cloudfront.net/variants/media/raw_images/jessicasanimaljungle/2024/09/20240921211428.920-IMG_20240920_173723-396x396c.jpeg?signature=2CC69C801F03C687F36112335F5D2F87E4C9FF58F45D4B33E0A026CE36B07386 2x, https://d20zyr0oabjxc2.cloudfront.net/variants/media/raw_images/jessicasanimaljungle/2024/09/20240921211428.920-IMG_20240920_173723-198x198c.jpeg?signature=5B826206E916A33C84552DC2E1064D585AD669CE87B067181016C28E1A874EAC 1x"
A pinstripe,pinstripe,"https://d20zyr0oabjxc2.cloudfront.net/variants/media/raw_images/jessicasanimaljungle/2024/09/20240921210548.529-IMG_20240920_172601-396x396c.jpeg?signature=ACCFBE59E0B3CAA842188D95089B1E24EE5B47D59371ADE522E94D99F953F9AE 2x, https://d20zyr0oabjxc2.cloudfront.net/variants/media/raw_images/jessicasanimaljungle/2024/09/20240921210548.529-IMG_20240920_172601-198x198c.jpeg?signature=27076742A924F20DE38912E31EFCF47929C7553B9F4DFE394D76D9A409C60C3D 1x",/us/c/reptiles/lizards/crested-geckos/2597340,,"https://d20zyr0oabjxc2.cloudfront.net/variants/media/raw_images/jessicasanimaljungle/2024/09/20240921210548.529-IMG_20240920_172601-396x396c.jpeg?signature=ACCFBE59E0B3CAA842188D95089B1E24EE5B47D59371ADE522E94D99F953F9AE 2x, https://d20zyr0oabjxc2.cloudfront.net/variants/media/raw_images/jessicasanimaljungle/2024/09/20240921210548.529-IMG_20240920_172601-198x198c.jpeg?signature=27076742A924F20DE38912E31EFCF47929C7553B9F4DFE394D76D9A409C60C3D 1x"
pinstripe,pinstripe,"https://d20zyr0oabjxc2.cloudfront.net/variants/media/raw_images/adams123/2024/10/20241001170232.619-1000026616-396x396c.jpeg?signature=6EEC142C8D260D447ED4CDD410C717EC0F72E0C9E6A784F7D0C2D69181AA3BBC 2x, https://d20zyr0oabjxc2.cloudfront.net/variants/media/raw_images/adams123/2024/10/20241001170232.619-1000026616-198x198c.jpeg?signature=23214A2927057870E825D0F032871DBC326D979B5C22964FF12C734EE9F327E0 1x",/us/c/reptiles/lizards/crested-geckos/2620715,,"https://d20zyr0oabjxc2.cloudfront.net/variants/media/raw_images/adams123/2024/10/20241001170232.619-1000026616-396x396c.jpeg?signature=6EEC142C8D260D447ED4CDD410C717EC0F72E0C9E6A784F7D0C2D69181AA3BBC 2x, https://d20zyr0oabjxc2.cloudfront.net/variants/media/raw_images/adams123/2024/10/20241001170232.619-1000026616-198x198c.jpeg?signature=23214A2927057870E825D0F032871DBC326D979B5C22964FF12C734EE9F327E0 1x"
pinstripe,pinstripe,"https://d20zyr0oabjxc2.cloudfront.net/variants/media/raw_images/mhathorn/2024/09/20240911204509.883-LMTG1306-396x396c.jpeg?signature=B3DE189CEAD83401FD7600A47C2B84C02F43ADA47C7F00F13602CE5BBA69DD46 2x, https://d20zyr0oabjxc2.cloudfront.net/variants/media/raw_images/mhathorn/2024/09/20240911204509.883-LMTG1306-198x198c.jpeg?signature=DB20F582E244F6703E74CAB6B561588C74AF22F770CB330112F6435097D154D4 1x",/us/c/reptiles/lizards/crested-geckos/2571806,,"https://d20zyr0oabjxc2.cloudfront.net/variants/media/raw_images/mhathorn/2024/09/20240911204509.883-LMTG1306-396x396c.jpeg?signature=B3DE189CEAD83401FD7600A47C2B84C02F43ADA47C7F00F13602CE5BBA69DD46 2x, https://d20zyr0oabjxc2.cloudfront.net/variants/media/raw_images/mhathorn/2024/09/20240911204509.883-LMTG1306-198x198c.jpeg?signature=DB20F582E244F6703E74CAB6B561588C74AF22F770CB330112F6435097D154D4 1x"
pinstripe,pinstripe,"https://d20zyr0oabjxc2.cloudfront.net/variants/media/raw_images/jhexotics/2024/05/20240504153325.596-1000010609-396x396c.jpeg?signature=9BDBFC4C694A19D0F27052B884B9BA463BDC5817B73E233F4E69E9BAD8BB2AD5 2x, https://d20zyr0oabjxc2.cloudfront.net/variants/media/raw_images/jhexotics/2024/05/20240504153325.596-1000010609-198x198c.jpeg?signature=08C5489391AD341765CD48745152EB41E48551A5DA2325B077B65D6075E57A1C 1x",/us/c/reptiles/lizards/crested-geckos/2312040,,"https://d20zyr0oabjxc2.cloudfront.net/variants/media/raw_images/jhexotics/2024/05/20240504153325.596-1000010609-396x396c.jpeg?signature=9BDBFC4C694A19D0F27052B884B9BA463BDC5817B73E233F4E69E9BAD8BB2AD5 2x, https://d20zyr0oabjxc2.cloudfront.net/variants/media/raw_images/jhexotics/2024/05/20240504153325.596-1000010609-198x198c.jpeg?signature=08C5489391AD341765CD48745152EB41E48551A5DA2325B077B65D6075E57A1C 1x"
Red pinstripe Stripe,Red pinstripe,"https://d20zyr0oabjxc2.cloudfront.net/variants/media/raw_images/jhexotics/2024/05/20240516170306.97-1000011021-396x396c.jpeg?signature=4A425F3204C5E5E2B3A8EC31BE9D8CBDA1F81EA8667BEE739DBD3E590DDF4150 2x, https://d20zyr0oabjxc2.cloudfront.net/variants/media/raw_images/jhexotics/2024/05/20240516170306.97-1000011021-198x198c.jpeg?signature=B7FC1F96254FAB3FD4BA4812CC2047E86BC8CABBA1428D92CD07F7F53A4E1341 1x",/us/c/reptiles/lizards/crested-geckos/2328437,,"https://d20zyr0oabjxc2.cloudfront.net/variants/media/raw_images/jhexotics/2024/05/20240516170306.97-1000011021-396x396c.jpeg?signature=4A425F3204C5E5E2B3A8EC31BE9D8CBDA1F81EA8667BEE739DBD3E590DDF4150 2x, https://d20zyr0oabjxc2.cloudfront.net/variants/media/raw_images/jhexotics/2024/05/20240516170306.97-1000011021-198x198c.jpeg?signature=B7FC1F96254FAB3FD4BA4812CC2047E86BC8CABBA1428D92CD07F7F53A4E1341 1x"
Yellow pinstripe,Yellow pinstripe,"https://d20zyr0oabjxc2.cloudfront.net/variants/media/raw_images/jhexotics/2024/08/20240830224453.649-received_44026177326-396x396c.jpeg?signature=CF55C4E852CC461305C731C88704DF673C024D74B4FEC38920A729E8D6AA8628 2x, https://d20zyr0oabjxc2.cloudfront.net/variants/media/raw_images/jhexotics/2024/08/20240830224453.649-received_44026177326-198x198c.jpeg?signature=82D034FBFFEA74EEE5C38781F2264BBC97ADE8830A6B8BB5153893176632F322 1x",/us/c/reptiles/lizards/crested-geckos/2539449,,"https://d20zyr0oabjxc2.cloudfront.net/variants/media/raw_images/jhexotics/2024/08/20240830224453.649-received_44026177326-396x396c.jpeg?signature=CF55C4E852CC461305C731C88704DF673C024D74B4FEC38920A729E8D6AA8628 2x, https://d20zyr0oabjxc2.cloudfront.net/variants/media/raw_images/jhexotics/2024/08/20240830224453.649-received_44026177326-198x198c.jpeg?signature=82D034FBFFEA74EEE5C38781F2264BBC97ADE8830A6B8BB5153893176632F322 1x"
Lavender Partial pinstripe,pinstripe,"https://d20zyr0oabjxc2.cloudfront.net/variants/media/raw_images/pokegecks/2024/10/20241028055456.583-IMG_9105-396x396c.jpeg?signature=90B87485D626267C6840D5834B143A4319C402AFAFC31A7DCE3162CEB58C3B42 2x, https://d20zyr0oabjxc2.cloudfront.net/variants/media/raw_images/pokegecks/2024/10/20241028055456.583-IMG_9105-198x198c.jpeg?signature=9C15E615CE897A8AD9522126134978179FEF7BCE986CA6E0EEE8E3CF15540F67 1x",/us/c/reptiles/lizards/crested-geckos/2682957,,"https://d20zyr0oabjxc2.cloudfront.net/variants/media/raw_images/pokegecks/2024/10/20241028055456.583-IMG_9105-396x396c.jpeg?signature=90B87485D626267C6840D5834B143A4319C402AFAFC31A7DCE3162CEB58C3B42 2x, https://d20zyr0oabjxc2.cloudfront.net/variants/media/raw_images/pokegecks/2024/10/20241028055456.583-IMG_9105-198x198c.jpeg?signature=9C15E615CE897A8AD9522126134978179FEF7BCE986CA6E0EEE8E3CF15540F67 1x"
Orange/Red Patternless Phantom pinstripe Gecko Male 21g #7,Orange/Red pinstripe,"https://d20zyr0oabjxc2.cloudfront.net/variants/media/raw_images/olympianexotics/2024/04/20240413045329.821-redorangephantom21m7-396x396c.jpeg?signature=D004CB15D736E4F94E5E1E261EC91894C4B31A37AB1128D4E73C1555B171453F 2x, https://d20zyr0oabjxc2.cloudfront.net/variants/media/raw_images/olympianexotics/2024/04/20240413045329.821-redorangephantom21m7-198x198c.jpeg?signature=838E389543BF11A7A2580C36769558773F3F408A57DD756A4681480FC6CA54D8 1x",/us/c/reptiles/lizards/crested-geckos/2272800,,"https://d20zyr0oabjxc2.cloudfront.net/variants/media/raw_images/olympianexotics/2024/04/20240413045329.821-redorangephantom21m7-396x396c.jpeg?signature=D004CB15D736E4F94E5E1E261EC91894C4B31A37AB1128D4E73C1555B171453F 2x, https://d20zyr0oabjxc2.cloudfront.net/variants/media/raw_images/olympianexotics/2024/04/20240413045329.821-redorangephantom21m7-198x198c.jpeg?signature=838E389543BF11A7A2580C36769558773F3F408A57DD756A4681480FC6CA54D8 1x"
Lavender pinstripe,pinstripe,"https://d20zyr0oabjxc2.cloudfront.net/variants/media/raw_images/blue2021/2024/11/20241103025434.555-20241101_220941-396x396c.jpeg?signature=E4AF2341D67C99FF736C52BB0E585F6D1EE93AEB15E56813AB794C208DE797D8 2x, https://d20zyr0oabjxc2.cloudfront.net/variants/media/raw_images/blue2021/2024/11/20241103025434.555-20241101_220941-198x198c.jpeg?signature=74C788B72B390706ED02F1E11D011204DD05B7688B3DD04DBDABA28787C741C0 1x",/us/c/reptiles/lizards/crested-geckos/2619739,,"https://d20zyr0oabjxc2.cloudfront.net/variants/media/raw_images/blue2021/2024/11/20241103025434.555-20241101_220941-396x396c.jpeg?signature=E4AF2341D67C99FF736C52BB0E585F6D1EE93AEB15E56813AB794C208DE797D8 2x, https://d20zyr0oabjxc2.cloudfront.net/variants/media/raw_images/blue2021/2024/11/20241103025434.555-20241101_220941-198x198c.jpeg?signature=74C788B72B390706ED02F1E11D011204DD05B7688B3DD04DBDABA28787C741C0 1x"
Dark Based Dashed pinstripe (ZiraXMeeko),Dark pinstripe,"https://d20zyr0oabjxc2.cloudfront.net/variants/media/raw_images/aleigh4792/2024/10/20241028025238.899-IMG_1070-396x396c.jpeg?signature=A71F4589283B476E1A5D68EE5E259AF9A993B70178FEA354F8F3CD5C4047DF12 2x, https://d20zyr0oabjxc2.cloudfront.net/variants/media/raw_images/aleigh4792/2024/10/20241028025238.899-IMG_1070-198x198c.jpeg?signature=D3BA25FF1045A463BF36706AD2B842B1D0A9B551154EEA59498FDB598D2A662E 1x",/us/c/reptiles/lizards/crested-geckos/2682786,,"https://d20zyr0oabjxc2.cloudfront.net/variants/media/raw_images/aleigh4792/2024/10/20241028025238.899-IMG_1070-396x396c.jpeg?signature=A71F4589283B476E1A5D68EE5E259AF9A993B70178FEA354F8F3CD5C4047DF12 2x, https://d20zyr0oabjxc2.cloudfront.net/variants/media/raw_images/aleigh4792/2024/10/20241028025238.899-IMG_1070-198x198c.jpeg?signature=D3BA25FF1045A463BF36706AD2B842B1D0A9B551154EEA59498FDB598D2A662E 1x"
Dark Based pinstripe (ZiraXMeeko),Dark pinstripe,"https://d20zyr0oabjxc2.cloudfront.net/variants/media/raw_images/aleigh4792/2024/10/20241028023406.13-IMG_1051-396x396c.jpeg?signature=0C461F345B4B4F14D711188747F05330749D243E35C2A234F0756CAD94532E14 2x, https://d20zyr0oabjxc2.cloudfront.net/variants/media/raw_images/aleigh4792/2024/10/20241028023406.13-IMG_1051-198x198c.jpeg?signature=E6AE4CBE6AA423A7044F515AC617207911FA525C4CA44527EE2179C117C1B647 1x",/us/c/reptiles/lizards/crested-geckos/2682748,,"https://d20zyr0oabjxc2.cloudfront.net/variants/media/raw_images/aleigh4792/2024/10/20241028023406.13-IMG_1051-396x396c.jpeg?signature=0C461F345B4B4F14D711188747F05330749D243E35C2A234F0756CAD94532E14 2x, https://d20zyr0oabjxc2.cloudfront.net/variants/media/raw_images/aleigh4792/2024/10/20241028023406.13-IMG_1051-198x198c.jpeg?signature=E6AE4CBE6AA423A7044F515AC617207911FA525C4CA44527EE2179C117C1B647 1x"
Dark Based Dashed pinstripe (KiaraXMeeko),Dark pinstripe,"https://d20zyr0oabjxc2.cloudfront.net/variants/media/raw_images/aleigh4792/2024/10/20241028022616.28-IMG_1021-396x396c.jpeg?signature=C4D048FB4D5D6D304E4342732E55FB540C53D82A66E8C90C37332F9D61A1CB32 2x, https://d20zyr0oabjxc2.cloudfront.net/variants/media/raw_images/aleigh4792/2024/10/20241028022616.28-IMG_1021-198x198c.jpeg?signature=34CC265F1CFA9E1F2A1ECFF66D055FE42D4D193BA3E67E464AEC33E9635BB477 1x",/us/c/reptiles/lizards/crested-geckos/2682720,,"https://d20zyr0oabjxc2.cloudfront.net/variants/media/raw_images/aleigh4792/2024/10/20241028022616.28-IMG_1021-396x396c.jpeg?signature=C4D048FB4D5D6D304E4342732E55FB540C53D82A66E8C90C37332F9D61A1CB32 2x, https://d20zyr0oabjxc2.cloudfront.net/variants/media/raw_images/aleigh4792/2024/10/20241028022616.28-IMG_1021-198x198c.jpeg?signature=34CC265F1CFA9E1F2A1ECFF66D055FE42D4D193BA3E67E464AEC33E9635BB477 1x"
Brindle pinstripe Phantom Dalmatian,pinstripe Dalmatian,"https://d20zyr0oabjxc2.cloudfront.net/variants/media/raw_images/zachbeebe/2024/10/20241028011206.660-1000003359-396x396c.jpeg?signature=9A0E5F1BF61F432F1513D530260BA333EF648788BDA85E54E3F8E7222FC58A7C 2x, https://d20zyr0oabjxc2.cloudfront.net/variants/media/raw_images/zachbeebe/2024/10/20241028011206.660-1000003359-198x198c.jpeg?signature=E284375899F36071C086ECF4ADD6B8B49315EDEE8EA8C3EDABE2CE18C49696FC 1x",/us/c/reptiles/lizards/crested-geckos/2682528,,"https://d20zyr0oabjxc2.cloudfront.net/variants/media/raw_images/zachbeebe/2024/10/20241028011206.660-1000003359-396x396c.jpeg?signature=9A0E5F1BF61F432F1513D530260BA333EF648788BDA85E54E3F8E7222FC58A7C 2x, https://d20zyr0oabjxc2.cloudfront.net/variants/media/raw_images/zachbeebe/2024/10/20241028011206.660-1000003359-198x198c.jpeg?signature=E284375899F36071C086ECF4ADD6B8B49315EDEE8EA8C3EDABE2CE18C49696FC 1x"
Dark pinstripe,Dark pinstripe,"https://d20zyr0oabjxc2.cloudfront.net/variants/media/raw_images/ajdell/2024/04/20240420163220.220-IMG_0212-396x396c.jpeg?signature=FB8C72749917A4B849F23E789AE653F65E689DFBBD3A2845D86446514A2833B6 2x, https://d20zyr0oabjxc2.cloudfront.net/variants/media/raw_images/ajdell/2024/04/20240420163220.220-IMG_0212-198x198c.jpeg?signature=E8A17ADE150CFB742006746F109E23F2DA89F723204A74883A89F4540B9DCBAB 1x",/us/c/reptiles/lizards/crested-geckos/2284533,,"https://d20zyr0oabjxc2.cloudfront.net/variants/media/raw_images/ajdell/2024/04/20240420163220.220-IMG_0212-396x396c.jpeg?signature=FB8C72749917A4B849F23E789AE653F65E689DFBBD3A2845D86446514A2833B6 2x, https://d20zyr0oabjxc2.cloudfront.net/variants/media/raw_images/ajdell/2024/04/20240420163220.220-IMG_0212-198x198c.jpeg?signature=E8A17ADE150CFB742006746F109E23F2DA89F723204A74883A89F4540B9DCBAB 1x"
Proven pinstripe Female,pinstripe,"https://d20zyr0oabjxc2.cloudfront.net/variants/media/raw_images/ajdell/2024/08/20240812234422.483-IMG_8415-396x396c.jpeg?signature=001D7897DDF4E3A072D1EED9BF77114402355215246941173BA5F2C967FB8238 2x, https://d20zyr0oabjxc2.cloudfront.net/variants/media/raw_images/ajdell/2024/08/20240812234422.483-IMG_8415-198x198c.jpeg?signature=7F4D779284245255253E1DDA77517D829A06BD4BC4AA31072D49251BEBE13745 1x",/us/c/reptiles/lizards/crested-geckos/2494983,,"https://d20zyr0oabjxc2.cloudfront.net/variants/media/raw_images/ajdell/2024/08/20240812234422.483-IMG_8415-396x396c.jpeg?signature=001D7897DDF4E3A072D1EED9BF77114402355215246941173BA5F2C967FB8238 2x, https://d20zyr0oabjxc2.cloudfront.net/variants/media/raw_images/ajdell/2024/08/20240812234422.483-IMG_8415-198x198c.jpeg?signature=7F4D779284245255253E1DDA77517D829A06BD4BC4AA31072D49251BEBE13745 1x"
Dark pinstripe RTB Male,Dark pinstripe,"https://d20zyr0oabjxc2.cloudfront.net/variants/media/raw_images/ajdell/2024/01/20240114223324.859-IMG_8701-396x396c.jpeg?signature=716F557EF71B3BFF3B7A9CF767B246BC70F566B255B6F067467BA81EB65BC2E0 2x, https://d20zyr0oabjxc2.cloudfront.net/variants/media/raw_images/ajdell/2024/01/20240114223324.859-IMG_8701-198x198c.jpeg?signature=5549517E2A160890F17AD260C8787FE66003D89A42FA4B63637CC5D477AC2A78 1x",/us/c/reptiles/lizards/crested-geckos/1570289,,"https://d20zyr0oabjxc2.cloudfront.net/variants/media/raw_images/ajdell/2024/01/20240114223324.859-IMG_8701-396x396c.jpeg?signature=716F557EF71B3BFF3B7A9CF767B246BC70F566B255B6F067467BA81EB65BC2E0 2x, https://d20zyr0oabjxc2.cloudfront.net/variants/media/raw_images/ajdell/2024/01/20240114223324.859-IMG_8701-198x198c.jpeg?signature=5549517E2A160890F17AD260C8787FE66003D89A42FA4B63637CC5D477AC2A78 1x"
19g. Female pinstripe Crested Gecko,pinstripe,"https://d20zyr0oabjxc2.cloudfront.net/variants/media/raw_images/howlreptiles/2024/03/20240321160244.670-DSC_07272-396x396c.jpeg?signature=6FD6FCA7F6173FF50D456EBA852FE885D17EF8A9D2F46DFE5CF75A524300E0CA 2x, https://d20zyr0oabjxc2.cloudfront.net/variants/media/raw_images/howlreptiles/2024/03/20240321160244.670-DSC_07272-198x198c.jpeg?signature=8702784BC252D8495FDBCC5C12F6E8A8F591449C7A70D2E3BD16F6BC9D6D4C8F 1x",/us/c/reptiles/lizards/crested-geckos/2236065,,"https://d20zyr0oabjxc2.cloudfront.net/variants/media/raw_images/howlreptiles/2024/03/20240321160244.670-DSC_07272-396x396c.jpeg?signature=6FD6FCA7F6173FF50D456EBA852FE885D17EF8A9D2F46DFE5CF75A524300E0CA 2x, https://d20zyr0oabjxc2.cloudfront.net/variants/media/raw_images/howlreptiles/2024/03/20240321160244.670-DSC_07272-198x198c.jpeg?signature=8702784BC252D8495FDBCC5C12F6E8A8F591449C7A70D2E3BD16F6BC9D6D4C8F 1x"
High Contrast pinstripe,pinstripe,"https://d20zyr0oabjxc2.cloudfront.net/variants/media/raw_images/parisreptiles/2024/10/20241027203207.953-HB15-396x396c.jpeg?signature=D1BB77F67A525C48AE3CAA750D3B012A3F066D8277B712D3779781BD5D591A1E 2x, https://d20zyr0oabjxc2.cloudfront.net/variants/media/raw_images/parisreptiles/2024/10/20241027203207.953-HB15-198x198c.jpeg?signature=6E75E8F07612205A5BC77F6E0AC55D7E5D537D0408790D9184AA18763504D502 1x",/us/c/reptiles/lizards/crested-geckos/2492386,,"https://d20zyr0oabjxc2.cloudfront.net/variants/media/raw_images/parisreptiles/2024/10/20241027203207.953-HB15-396x396c.jpeg?signature=D1BB77F67A525C48AE3CAA750D3B012A3F066D8277B712D3779781BD5D591A1E 2x, https://d20zyr0oabjxc2.cloudfront.net/variants/media/raw_images/parisreptiles/2024/10/20241027203207.953-HB15-198x198c.jpeg?signature=6E75E8F07612205A5BC77F6E0AC55D7E5D537D0408790D9184AA18763504D502 1x"
Dark pinstripe,Dark pinstripe,"https://d20zyr0oabjxc2.cloudfront.net/variants/media/raw_images/pnutg1rl/2024/10/20241027191213.970-1000010805-396x396c.jpeg?signature=5DFCB20C9621DBBB9775BF273B163720CF33D33D6EC6D1E0A32EA00B2553738D 2x, https://d20zyr0oabjxc2.cloudfront.net/variants/media/raw_images/pnutg1rl/2024/10/20241027191213.970-1000010805-198x198c.jpeg?signature=5E844735795A6F7049EB4F83851EEDF247B0F350A972C6CF119DE8FB4B9C7108 1x",/us/c/reptiles/lizards/crested-geckos/2681699,,"https://d20zyr0oabjxc2.cloudfront.net/variants/media/raw_images/pnutg1rl/2024/10/20241027191213.970-1000010805-396x396c.jpeg?signature=5DFCB20C9621DBBB9775BF273B163720CF33D33D6EC6D1E0A32EA00B2553738D 2x, https://d20zyr0oabjxc2.cloudfront.net/variants/media/raw_images/pnutg1rl/2024/10/20241027191213.970-1000010805-198x198c.jpeg?signature=5E844735795A6F7049EB4F83851EEDF247B0F350A972C6CF119DE8FB4B9C7108 1x"
pinstripe ACR,pinstripe,"https://d20zyr0oabjxc2.cloudfront.net/variants/media/raw_images/kcgeckos/2024/07/20240723181012.151-IMG_8444-396x396c.jpeg?signature=7BD91031817A9055E1D85B509D7D3A046EB18E5F6F83E4C65ADFB883F3AD7A19 2x, https://d20zyr0oabjxc2.cloudfront.net/variants/media/raw_images/kcgeckos/2024/07/20240723181012.151-IMG_8444-198x198c.jpeg?signature=E72F69726F0F5358F55D14B65483528F547D96E45C04D4668ABAC4524CA94477 1x",/us/c/reptiles/lizards/crested-geckos/2449486,,"https://d20zyr0oabjxc2.cloudfront.net/variants/media/raw_images/kcgeckos/2024/07/20240723181012.151-IMG_8444-396x396c.jpeg?signature=7BD91031817A9055E1D85B509D7D3A046EB18E5F6F83E4C65ADFB883F3AD7A19 2x, https://d20zyr0oabjxc2.cloudfront.net/variants/media/raw_images/kcgeckos/2024/07/20240723181012.151-IMG_8444-198x198c.jpeg?signature=E72F69726F0F5358F55D14B65483528F547D96E45C04D4668ABAC4524CA94477 1x"
Whitewall pinstripe,pinstripe,"https://d20zyr0oabjxc2.cloudfront.net/variants/media/raw_images/parisreptiles/2024/10/20241027164005.491-SDTH7-396x396c.jpeg?signature=DAB3B0BCF2C094FDF2BB5785F9CF05FA3D5B57C90257F2EFA2F1B1BE773FCCB4 2x, https://d20zyr0oabjxc2.cloudfront.net/variants/media/raw_images/parisreptiles/2024/10/20241027164005.491-SDTH7-198x198c.jpeg?signature=7479E1BE02F282224FEF579D190A99C30DE91171D7B1F03E90D869DB26C815C2 1x",/us/c/reptiles/lizards/crested-geckos/2499743,,"https://d20zyr0oabjxc2.cloudfront.net/variants/media/raw_images/parisreptiles/2024/10/20241027164005.491-SDTH7-396x396c.jpeg?signature=DAB3B0BCF2C094FDF2BB5785F9CF05FA3D5B57C90257F2EFA2F1B1BE773FCCB4 2x, https://d20zyr0oabjxc2.cloudfront.net/variants/media/raw_images/parisreptiles/2024/10/20241027164005.491-SDTH7-198x198c.jpeg?signature=7479E1BE02F282224FEF579D190A99C30DE91171D7B1F03E90D869DB26C815C2 1x"
Orange pinstripe Crested Gecko Female #63,pinstripe,"https://d20zyr0oabjxc2.cloudfront.net/variants/media/raw_images/olympianexotics/2024/07/20240711101851.841-1000017051-396x396c.jpeg?signature=E5ECA02CC6357893F0C2C12AF43EC21E8A53181A9B378B07EF65F021C666309E 2x, https://d20zyr0oabjxc2.cloudfront.net/variants/media/raw_images/olympianexotics/2024/07/20240711101851.841-1000017051-198x198c.jpeg?signature=DF73DC889234C5C157880EAE94FD29A2F20AE57270E9E82A7FA4C9CC1263540A 1x",/us/c/reptiles/lizards/crested-geckos/2425960,,"https://d20zyr0oabjxc2.cloudfront.net/variants/media/raw_images/olympianexotics/2024/07/20240711101851.841-1000017051-396x396c.jpeg?signature=E5ECA02CC6357893F0C2C12AF43EC21E8A53181A9B378B07EF65F021C666309E 2x, https://d20zyr0oabjxc2.cloudfront.net/variants/media/raw_images/olympianexotics/2024/07/20240711101851.841-1000017051-198x198c.jpeg?signature=DF73DC889234C5C157880EAE94FD29A2F20AE57270E9E82A7FA4C9CC1263540A 1x"
High Contrast Spready pinstripe,pinstripe,"https://d20zyr0oabjxc2.cloudfront.net/variants/media/raw_images/parisreptiles/2024/10/20241027042050.968-HB8-396x396c.jpeg?signature=18AE50548A642A16E3F0B996E480CD985C9C7DA8414234F75F2CE42424645DC6 2x, https://d20zyr0oabjxc2.cloudfront.net/variants/media/raw_images/parisreptiles/2024/10/20241027042050.968-HB8-198x198c.jpeg?signature=1454A5854FF732433C98579286B68C0ABE8146AF6A51F3B7CB26EA235F6B7025 1x",/us/c/reptiles/lizards/crested-geckos/2491968,,"https://d20zyr0oabjxc2.cloudfront.net/variants/media/raw_images/parisreptiles/2024/10/20241027042050.968-HB8-396x396c.jpeg?signature=18AE50548A642A16E3F0B996E480CD985C9C7DA8414234F75F2CE42424645DC6 2x, https://d20zyr0oabjxc2.cloudfront.net/variants/media/raw_images/parisreptiles/2024/10/20241027042050.968-HB8-198x198c.jpeg?signature=1454A5854FF732433C98579286B68C0ABE8146AF6A51F3B7CB26EA235F6B7025 1x"
Full pinstripe Crested Gecko #503,pinstripe,"https://d20zyr0oabjxc2.cloudfront.net/variants/media/raw_images/olympianexotics/2024/09/20240921040906.666-1000027396-396x396c.jpeg?signature=22ED1DFBF8D631BD6676337CA94CB129BD6DC0FDB58F376C2667B51C50021E6A 2x, https://d20zyr0oabjxc2.cloudfront.net/variants/media/raw_images/olympianexotics/2024/09/20240921040906.666-1000027396-198x198c.jpeg?signature=39F3F724737209A272511816FAC7960FE5F9FFC898A646D979D4983ED4CAE852 1x",/us/c/reptiles/lizards/crested-geckos/2595873,,"https://d20zyr0oabjxc2.cloudfront.net/variants/media/raw_images/olympianexotics/2024/09/20240921040906.666-1000027396-396x396c.jpeg?signature=22ED1DFBF8D631BD6676337CA94CB129BD6DC0FDB58F376C2667B51C50021E6A 2x, https://d20zyr0oabjxc2.cloudfront.net/variants/media/raw_images/olympianexotics/2024/09/20240921040906.666-1000027396-198x198c.jpeg?signature=39F3F724737209A272511816FAC7960FE5F9FFC898A646D979D4983ED4CAE852 1x"
Creamsicle Brindlequin pinstripe,pinstripe,"https://d20zyr0oabjxc2.cloudfront.net/variants/media/raw_images/aluna/2024/07/20240723041752.906-DSC_0058-396x396c.jpeg?signature=433E7F25D7BA7AD0F0B48373AD52CC3A9719A6C66A20EF1F9D0B69D50E0808B7 2x, https://d20zyr0oabjxc2.cloudfront.net/variants/media/raw_images/aluna/2024/07/20240723041752.906-DSC_0058-198x198c.jpeg?signature=1EE8032799A86F4984A8F5E13276EB987F30D24B6FDB46BD9096A7B41DD2AC9F 1x",/us/c/reptiles/lizards/crested-geckos/2448482,,"https://d20zyr0oabjxc2.cloudfront.net/variants/media/raw_images/aluna/2024/07/20240723041752.906-DSC_0058-396x396c.jpeg?signature=433E7F25D7BA7AD0F0B48373AD52CC3A9719A6C66A20EF1F9D0B69D50E0808B7 2x, https://d20zyr0oabjxc2.cloudfront.net/variants/media/raw_images/aluna/2024/07/20240723041752.906-DSC_0058-198x198c.jpeg?signature=1EE8032799A86F4984A8F5E13276EB987F30D24B6FDB46BD9096A7B41DD2AC9F 1x"
Dark Base Creamy pinstripe,Dark pinstripe,"https://d20zyr0oabjxc2.cloudfront.net/variants/media/raw_images/carnationcreations/2024/08/20240810090719.208-IMG_5042-396x396c.jpeg?signature=BB65F63DC9D414540C8ADE6FAAC0FC7ECA5664629F04EA7EC2BF163C8A5722DF 2x, https://d20zyr0oabjxc2.cloudfront.net/variants/media/raw_images/carnationcreations/2024/08/20240810090719.208-IMG_5042-198x198c.jpeg?signature=EE918488CED73DCD4C4A7D9DD53609073DC350FA7731DC8B7A17705DB7EEBBEE 1x",/us/c/reptiles/lizards/crested-geckos/2488775,,"https://d20zyr0oabjxc2.cloudfront.net/variants/media/raw_images/carnationcreations/2024/08/20240810090719.208-IMG_5042-396x396c.jpeg?signature=BB65F63DC9D414540C8ADE6FAAC0FC7ECA5664629F04EA7EC2BF163C8A5722DF 2x, https://d20zyr0oabjxc2.cloudfront.net/variants/media/raw_images/carnationcreations/2024/08/20240810090719.208-IMG_5042-198x198c.jpeg?signature=EE918488CED73DCD4C4A7D9DD53609073DC350FA7731DC8B7A17705DB7EEBBEE 1x"
pinstripe/ Extreme,pinstripe/,"https://d20zyr0oabjxc2.cloudfront.net/variants/media/raw_images/redrockgeckos/2024/10/20241026235729.708-_JG_7970-396x396c.jpeg?signature=FA07EABF607C2B21805DBAEA0741F1FE5E2AC801BD02F315AF02D83EE1A4CC1C 2x, https://d20zyr0oabjxc2.cloudfront.net/variants/media/raw_images/redrockgeckos/2024/10/20241026235729.708-_JG_7970-198x198c.jpeg?signature=B7AAF6FB163B5262ADEBF1F85182047EBF8836152C61928F006BF324F0BDCC62 1x",/us/c/reptiles/lizards/crested-geckos/2680213,,"https://d20zyr0oabjxc2.cloudfront.net/variants/media/raw_images/redrockgeckos/2024/10/20241026235729.708-_JG_7970-396x396c.jpeg?signature=FA07EABF607C2B21805DBAEA0741F1FE5E2AC801BD02F315AF02D83EE1A4CC1C 2x, https://d20zyr0oabjxc2.cloudfront.net/variants/media/raw_images/redrockgeckos/2024/10/20241026235729.708-_JG_7970-198x198c.jpeg?signature=B7AAF6FB163B5262ADEBF1F85182047EBF8836152C61928F006BF324F0BDCC62 1x"
Partial pinstripe W Dalmatian Spots,pinstripe Dalmatian,"https://d20zyr0oabjxc2.cloudfront.net/variants/media/raw_images/vivarium_palace_md/2024/10/20241031041900.411-20241030_234018-396x396c.jpeg?signature=0CD582E5E55714658F35B413973A88CB777F81957C879E7499C38711647BCC7B 2x, https://d20zyr0oabjxc2.cloudfront.net/variants/media/raw_images/vivarium_palace_md/2024/10/20241031041900.411-20241030_234018-198x198c.jpeg?signature=21B188A4C37F44515C61441A916E391377987824862D64D21EF9D80B453CCF3F 1x",/us/c/reptiles/lizards/crested-geckos/2616500,,"https://d20zyr0oabjxc2.cloudfront.net/variants/media/raw_images/vivarium_palace_md/2024/10/20241031041900.411-20241030_234018-396x396c.jpeg?signature=0CD582E5E55714658F35B413973A88CB777F81957C879E7499C38711647BCC7B 2x, https://d20zyr0oabjxc2.cloudfront.net/variants/media/raw_images/vivarium_palace_md/2024/10/20241031041900.411-20241030_234018-198x198c.jpeg?signature=21B188A4C37F44515C61441A916E391377987824862D64D21EF9D80B453CCF3F 1x"
BOGO 50% OFF 7g pinstripe,pinstripe,"https://d20zyr0oabjxc2.cloudfront.net/variants/media/raw_images/mistysgeckos/2024/09/20240908230949.895-1000003122-396x396c.jpeg?signature=A123B06AC6192FC834CFF96182782526C37DEC08AD1E1288BE16357B90006B4E 2x, https://d20zyr0oabjxc2.cloudfront.net/variants/media/raw_images/mistysgeckos/2024/09/20240908230949.895-1000003122-198x198c.jpeg?signature=6D39AF4823E26D94F488F7997E6AA3D778D7AC686686461FF35917676A69E436 1x",/us/c/reptiles/lizards/crested-geckos/2564419,,"https://d20zyr0oabjxc2.cloudfront.net/variants/media/raw_images/mistysgeckos/2024/09/20240908230949.895-1000003122-396x396c.jpeg?signature=A123B06AC6192FC834CFF96182782526C37DEC08AD1E1288BE16357B90006B4E 2x, https://d20zyr0oabjxc2.cloudfront.net/variants/media/raw_images/mistysgeckos/2024/09/20240908230949.895-1000003122-198x198c.jpeg?signature=6D39AF4823E26D94F488F7997E6AA3D778D7AC686686461FF35917676A69E436 1x"
pinstripe W Dalmatian Spots,pinstripe Dalmatian,"https://d20zyr0oabjxc2.cloudfront.net/variants/media/raw_images/vivarium_palace_md/2024/10/20241031042416.588-20241030_234350-396x396c.jpeg?signature=B1AE53D49F4A61A2F54CCD81FA869A9D224F21516A53A5B57D5F093F8AAFC408 2x, https://d20zyr0oabjxc2.cloudfront.net/variants/media/raw_images/vivarium_palace_md/2024/10/20241031042416.588-20241030_234350-198x198c.jpeg?signature=798535139D08302980D88C33B186FA553D164C6C56FBBC4888673866297A9290 1x",/us/c/reptiles/lizards/crested-geckos/2616467,,"https://d20zyr0oabjxc2.cloudfront.net/variants/media/raw_images/vivarium_palace_md/2024/10/20241031042416.588-20241030_234350-396x396c.jpeg?signature=B1AE53D49F4A61A2F54CCD81FA869A9D224F21516A53A5B57D5F093F8AAFC408 2x, https://d20zyr0oabjxc2.cloudfront.net/variants/media/raw_images/vivarium_palace_md/2024/10/20241031042416.588-20241030_234350-198x198c.jpeg?signature=798535139D08302980D88C33B186FA553D164C6C56FBBC4888673866297A9290 1x"
Lavender Partial pinstripe,pinstripe,"https://d20zyr0oabjxc2.cloudfront.net/variants/media/raw_images/m_sutt/2024/10/20241026215111.760-IMG_5609-396x396c.jpeg?signature=15741B6F954EB5E1714FD4E2F15F4A5566A0DB6290E63614D4F89E3C8DAD0338 2x, https://d20zyr0oabjxc2.cloudfront.net/variants/media/raw_images/m_sutt/2024/10/20241026215111.760-IMG_5609-198x198c.jpeg?signature=209C501007643875BECD2F07AE202E2CB6D3FCA8374C776F0543F1C701CA34D7 1x",/us/c/reptiles/lizards/crested-geckos/2679955,,"https://d20zyr0oabjxc2.cloudfront.net/variants/media/raw_images/m_sutt/2024/10/20241026215111.760-IMG_5609-396x396c.jpeg?signature=15741B6F954EB5E1714FD4E2F15F4A5566A0DB6290E63614D4F89E3C8DAD0338 2x, https://d20zyr0oabjxc2.cloudfront.net/variants/media/raw_images/m_sutt/2024/10/20241026215111.760-IMG_5609-198x198c.jpeg?signature=209C501007643875BECD2F07AE202E2CB6D3FCA8374C776F0543F1C701CA34D7 1x"
Lavender pinstripe PV,pinstripe,"https://d20zyr0oabjxc2.cloudfront.net/variants/media/raw_images/m_sutt/2024/10/20241026214527.865-IMG_5600-396x396c.jpeg?signature=C3C3AB5CFF94B945FCE5619D7361610D1863982DFEB9E74F1A34E60C8285497D 2x, https://d20zyr0oabjxc2.cloudfront.net/variants/media/raw_images/m_sutt/2024/10/20241026214527.865-IMG_5600-198x198c.jpeg?signature=499D27A50EA5FDBACBAD4EF6F1FE17740549478915820619C3D1CDDD0D814DAA 1x",/us/c/reptiles/lizards/crested-geckos/2679921,,"https://d20zyr0oabjxc2.cloudfront.net/variants/media/raw_images/m_sutt/2024/10/20241026214527.865-IMG_5600-396x396c.jpeg?signature=C3C3AB5CFF94B945FCE5619D7361610D1863982DFEB9E74F1A34E60C8285497D 2x, https://d20zyr0oabjxc2.cloudfront.net/variants/media/raw_images/m_sutt/2024/10/20241026214527.865-IMG_5600-198x198c.jpeg?signature=499D27A50EA5FDBACBAD4EF6F1FE17740549478915820619C3D1CDDD0D814DAA 1x"
BOGO 50% OFF 5g Red pinstripe,Red pinstripe,"https://d20zyr0oabjxc2.cloudfront.net/variants/media/raw_images/mistysgeckos/2024/09/20240908213200.629-1000003104-396x396c.jpeg?signature=D382DD86D258A90CF224A8F607022B83A22B20165DEBB4A75F31EED36195BBA2 2x, https://d20zyr0oabjxc2.cloudfront.net/variants/media/raw_images/mistysgeckos/2024/09/20240908213200.629-1000003104-198x198c.jpeg?signature=1DD6A4F048820E66132B594ACD851E5FE2DE3B79967C1668A4F79B1051005C24 1x",/us/c/reptiles/lizards/crested-geckos/2564142,,"https://d20zyr0oabjxc2.cloudfront.net/variants/media/raw_images/mistysgeckos/2024/09/20240908213200.629-1000003104-396x396c.jpeg?signature=D382DD86D258A90CF224A8F607022B83A22B20165DEBB4A75F31EED36195BBA2 2x, https://d20zyr0oabjxc2.cloudfront.net/variants/media/raw_images/mistysgeckos/2024/09/20240908213200.629-1000003104-198x198c.jpeg?signature=1DD6A4F048820E66132B594ACD851E5FE2DE3B79967C1668A4F79B1051005C24 1x"
Loki X Serra - Dark pinstripe,Dark pinstripe,"https://d20zyr0oabjxc2.cloudfront.net/variants/media/raw_images/echo_cheng/2024/09/20240905022756.858-IMG_7543-396x396c.jpeg?signature=CCB013071009C87894E85E04D2A555844BB9A13AE3A1F6AA5011CBB5AD9B3A56 2x, https://d20zyr0oabjxc2.cloudfront.net/variants/media/raw_images/echo_cheng/2024/09/20240905022756.858-IMG_7543-198x198c.jpeg?signature=812049D1FA9CD2C3101CC882CB4DBB96B24831EEA6BF9B038CD60623A958A6A5 1x",/us/c/reptiles/lizards/crested-geckos/2241633,,"https://d20zyr0oabjxc2.cloudfront.net/variants/media/raw_images/echo_cheng/2024/09/20240905022756.858-IMG_7543-396x396c.jpeg?signature=CCB013071009C87894E85E04D2A555844BB9A13AE3A1F6AA5011CBB5AD9B3A56 2x, https://d20zyr0oabjxc2.cloudfront.net/variants/media/raw_images/echo_cheng/2024/09/20240905022756.858-IMG_7543-198x198c.jpeg?signature=812049D1FA9CD2C3101CC882CB4DBB96B24831EEA6BF9B038CD60623A958A6A5 1x"
Dark Base Tangerine pinstripe White Wall Soft Scale,Dark pinstripe,"https://d20zyr0oabjxc2.cloudfront.net/variants/media/raw_images/crittercovefl/2024/09/20240914175216.305-IMG_8890-396x396c.jpeg?signature=F95DD554A695DFD2E677FD228623A229B64FDFA08387EC30019C68793EED1534 2x, https://d20zyr0oabjxc2.cloudfront.net/variants/media/raw_images/crittercovefl/2024/09/20240914175216.305-IMG_8890-198x198c.jpeg?signature=40C94C99BEF6F7E916ADDF6BB2FE38CA277C56BD793D12C8AEAC065DDA82E6DA 1x",/us/c/reptiles/lizards/crested-geckos/2578053,,"https://d20zyr0oabjxc2.cloudfront.net/variants/media/raw_images/crittercovefl/2024/09/20240914175216.305-IMG_8890-396x396c.jpeg?signature=F95DD554A695DFD2E677FD228623A229B64FDFA08387EC30019C68793EED1534 2x, https://d20zyr0oabjxc2.cloudfront.net/variants/media/raw_images/crittercovefl/2024/09/20240914175216.305-IMG_8890-198x198c.jpeg?signature=40C94C99BEF6F7E916ADDF6BB2FE38CA277C56BD793D12C8AEAC065DDA82E6DA 1x"
Very Creamy pinstripe,pinstripe,"https://d20zyr0oabjxc2.cloudfront.net/variants/media/raw_images/parisreptiles/2024/10/20241026135911.130-CK13-396x396c.jpeg?signature=BE356FDE5BFB0C91E21D1530ADF10C314AD4AF72FDA9C94D44D42B6D335E7A01 2x, https://d20zyr0oabjxc2.cloudfront.net/variants/media/raw_images/parisreptiles/2024/10/20241026135911.130-CK13-198x198c.jpeg?signature=FA8E0FA0041E9EBFAE0C3F7DD007998A65262FBC90553B830EF80C6A02117B2B 1x",/us/c/reptiles/lizards/crested-geckos/2201988,,"https://d20zyr0oabjxc2.cloudfront.net/variants/media/raw_images/parisreptiles/2024/10/20241026135911.130-CK13-396x396c.jpeg?signature=BE356FDE5BFB0C91E21D1530ADF10C314AD4AF72FDA9C94D44D42B6D335E7A01 2x, https://d20zyr0oabjxc2.cloudfront.net/variants/media/raw_images/parisreptiles/2024/10/20241026135911.130-CK13-198x198c.jpeg?signature=FA8E0FA0041E9EBFAE0C3F7DD007998A65262FBC90553B830EF80C6A02117B2B 1x"
Female pinstripe Crested Gecko Cr-2190,pinstripe,"https://d20zyr0oabjxc2.cloudfront.net/variants/media/raw_images/pangeareptile/2024/04/20240429135246.924-Cr-2190Left-396x396c.jpeg?signature=CED3F4BEFDAEF6BF50D9A36ED77D0C6AA98C38A969BEFA10118DCCE9DC2A246A 2x, https://d20zyr0oabjxc2.cloudfront.net/variants/media/raw_images/pangeareptile/2024/04/20240429135246.924-Cr-2190Left-198x198c.jpeg?signature=80DEEDE459C149BF954B6B7F1BF0501C51AA627E47FEDA82337883832A4509D1 1x",/us/c/reptiles/lizards/crested-geckos/2303000,,"https://d20zyr0oabjxc2.cloudfront.net/variants/media/raw_images/pangeareptile/2024/04/20240429135246.924-Cr-2190Left-396x396c.jpeg?signature=CED3F4BEFDAEF6BF50D9A36ED77D0C6AA98C38A969BEFA10118DCCE9DC2A246A 2x, https://d20zyr0oabjxc2.cloudfront.net/variants/media/raw_images/pangeareptile/2024/04/20240429135246.924-Cr-2190Left-198x198c.jpeg?signature=80DEEDE459C149BF954B6B7F1BF0501C51AA627E47FEDA82337883832A4509D1 1x"
Male pinstripe Extreme Crested Gecko Cr-2189,pinstripe,"https://d20zyr0oabjxc2.cloudfront.net/variants/media/raw_images/pangeareptile/2024/04/20240429134945.176-Cr-2189Left-396x396c.jpeg?signature=1BB73698FAE55313A63453E79109722D07C522C344BC6E978DDF45BAE2EA2F02 2x, https://d20zyr0oabjxc2.cloudfront.net/variants/media/raw_images/pangeareptile/2024/04/20240429134945.176-Cr-2189Left-198x198c.jpeg?signature=5F106E8DB197B8A982818452F5AEA6BC0DAA716F8D4B9ABC1B2B5809084C810A 1x",/us/c/reptiles/lizards/crested-geckos/2302996,,"https://d20zyr0oabjxc2.cloudfront.net/variants/media/raw_images/pangeareptile/2024/04/20240429134945.176-Cr-2189Left-396x396c.jpeg?signature=1BB73698FAE55313A63453E79109722D07C522C344BC6E978DDF45BAE2EA2F02 2x, https://d20zyr0oabjxc2.cloudfront.net/variants/media/raw_images/pangeareptile/2024/04/20240429134945.176-Cr-2189Left-198x198c.jpeg?signature=5F106E8DB197B8A982818452F5AEA6BC0DAA716F8D4B9ABC1B2B5809084C810A 1x"
100% Het. pinstripe Axanthic (Altitude Exotics Line!),pinstripe,"https://d20zyr0oabjxc2.cloudfront.net/variants/media/raw_images/troysgeckos/2024/05/20240511115539.679-MMGrp.4A2023-10-396x396c.jpeg?signature=F522F3B859D5B10E53CBA90C7E35F56D1401A9E6D6AFFFD553D32264077D9680 2x, https://d20zyr0oabjxc2.cloudfront.net/variants/media/raw_images/troysgeckos/2024/05/20240511115539.679-MMGrp.4A2023-10-198x198c.jpeg?signature=0584B1C24B0551ACF32C189F9B50D139F0BD00CD24A19F8F65D7EDD28C894AFF 1x",/us/c/reptiles/lizards/crested-geckos/2320856,,"https://d20zyr0oabjxc2.cloudfront.net/variants/media/raw_images/troysgeckos/2024/05/20240511115539.679-MMGrp.4A2023-10-396x396c.jpeg?signature=F522F3B859D5B10E53CBA90C7E35F56D1401A9E6D6AFFFD553D32264077D9680 2x, https://d20zyr0oabjxc2.cloudfront.net/variants/media/raw_images/troysgeckos/2024/05/20240511115539.679-MMGrp.4A2023-10-198x198c.jpeg?signature=0584B1C24B0551ACF32C189F9B50D139F0BD00CD24A19F8F65D7EDD28C894AFF 1x"
Yellow Phantom pinstripe Crested Gecko 11g,Yellow pinstripe,"https://d20zyr0oabjxc2.cloudfront.net/variants/media/raw_images/olympianexotics/2023/12/20231225061830.631-yellowphantom11g-396x396c.jpeg?signature=95FEFD15DD578C8CA5E824092745DA4CF09DDE2954F5BBDA56F93FBE6FA50AFA 2x, https://d20zyr0oabjxc2.cloudfront.net/variants/media/raw_images/olympianexotics/2023/12/20231225061830.631-yellowphantom11g-198x198c.jpeg?signature=DDA050AF352FDF23B654675291C3DB55D0F1B5FA420CECC7572C276E2A687586 1x",/us/c/reptiles/lizards/crested-geckos/2077295,,"https://d20zyr0oabjxc2.cloudfront.net/variants/media/raw_images/olympianexotics/2023/12/20231225061830.631-yellowphantom11g-396x396c.jpeg?signature=95FEFD15DD578C8CA5E824092745DA4CF09DDE2954F5BBDA56F93FBE6FA50AFA 2x, https://d20zyr0oabjxc2.cloudfront.net/variants/media/raw_images/olympianexotics/2023/12/20231225061830.631-yellowphantom11g-198x198c.jpeg?signature=DDA050AF352FDF23B654675291C3DB55D0F1B5FA420CECC7572C276E2A687586 1x"
Halloween Quad pinstripe Crested Gecko #48,pinstripe,"https://d20zyr0oabjxc2.cloudfront.net/variants/media/raw_images/olympianexotics/2024/09/20240902042125.5-1000024205-396x396c.jpeg?signature=72A12D2F4F28B211E782F97154D54E0479B3BE01D0065561C26842B3B7A7900C 2x, https://d20zyr0oabjxc2.cloudfront.net/variants/media/raw_images/olympianexotics/2024/09/20240902042125.5-1000024205-198x198c.jpeg?signature=3C88ADAA6F83A627BD69C58C2A7E4D7703BB04648B1CADA5E816C2A8C96B3161 1x",/us/c/reptiles/lizards/crested-geckos/2545983,,"https://d20zyr0oabjxc2.cloudfront.net/variants/media/raw_images/olympianexotics/2024/09/20240902042125.5-1000024205-396x396c.jpeg?signature=72A12D2F4F28B211E782F97154D54E0479B3BE01D0065561C26842B3B7A7900C 2x, https://d20zyr0oabjxc2.cloudfront.net/variants/media/raw_images/olympianexotics/2024/09/20240902042125.5-1000024205-198x198c.jpeg?signature=3C88ADAA6F83A627BD69C58C2A7E4D7703BB04648B1CADA5E816C2A8C96B3161 1x"
Lavender pinstripe White Wall Soft Scale (Probable Male),pinstripe,"https://d20zyr0oabjxc2.cloudfront.net/variants/media/raw_images/crittercovefl/2024/10/20241026034350.762-IMG_0355-396x396c.jpeg?signature=C3CC120C1D471BE02E351EFA583BE2E15AB46047B50D9FBA7E054D9E8C44FB13 2x, https://d20zyr0oabjxc2.cloudfront.net/variants/media/raw_images/crittercovefl/2024/10/20241026034350.762-IMG_0355-198x198c.jpeg?signature=6DACFD737CDA080F887D4B531A58F115792D013BA2CA490B0E95759CDEF61C58 1x",/us/c/reptiles/lizards/crested-geckos/2678161,,"https://d20zyr0oabjxc2.cloudfront.net/variants/media/raw_images/crittercovefl/2024/10/20241026034350.762-IMG_0355-396x396c.jpeg?signature=C3CC120C1D471BE02E351EFA583BE2E15AB46047B50D9FBA7E054D9E8C44FB13 2x, https://d20zyr0oabjxc2.cloudfront.net/variants/media/raw_images/crittercovefl/2024/10/20241026034350.762-IMG_0355-198x198c.jpeg?signature=6DACFD737CDA080F887D4B531A58F115792D013BA2CA490B0E95759CDEF61C58 1x"
Lavender Tangerine pinstripe White Out Soft Scale (Probable Female),pinstripe,"https://d20zyr0oabjxc2.cloudfront.net/variants/media/raw_images/crittercovefl/2024/10/20241026034219.589-IMG_0351-396x396c.jpeg?signature=C5BEDDE7F50B82D8ED2EFF287D2843FC332FC404682470D898A75CC41B441589 2x, https://d20zyr0oabjxc2.cloudfront.net/variants/media/raw_images/crittercovefl/2024/10/20241026034219.589-IMG_0351-198x198c.jpeg?signature=D27B567EEEC9020D304281EB8BD9F68392EF6331A4F2F0B70E9BC219E87485CA 1x",/us/c/reptiles/lizards/crested-geckos/2678158,,"https://d20zyr0oabjxc2.cloudfront.net/variants/media/raw_images/crittercovefl/2024/10/20241026034219.589-IMG_0351-396x396c.jpeg?signature=C5BEDDE7F50B82D8ED2EFF287D2843FC332FC404682470D898A75CC41B441589 2x, https://d20zyr0oabjxc2.cloudfront.net/variants/media/raw_images/crittercovefl/2024/10/20241026034219.589-IMG_0351-198x198c.jpeg?signature=D27B567EEEC9020D304281EB8BD9F68392EF6331A4F2F0B70E9BC219E87485CA 1x"
Lavender Tangerine pinstripe White Out Soft Scale (Male),pinstripe,"https://d20zyr0oabjxc2.cloudfront.net/variants/media/raw_images/crittercovefl/2024/10/20241026033857.280-IMG_0345-396x396c.jpeg?signature=D6996DF94E1E533AA53B3C76A78D22679B1BB5A49A29B1745D14FB91CEA382DD 2x, https://d20zyr0oabjxc2.cloudfront.net/variants/media/raw_images/crittercovefl/2024/10/20241026033857.280-IMG_0345-198x198c.jpeg?signature=3F793BEBC3F1556A09511A43883512C720902799E652175394E21A89023D41BC 1x",/us/c/reptiles/lizards/crested-geckos/2678153,,"https://d20zyr0oabjxc2.cloudfront.net/variants/media/raw_images/crittercovefl/2024/10/20241026033857.280-IMG_0345-396x396c.jpeg?signature=D6996DF94E1E533AA53B3C76A78D22679B1BB5A49A29B1745D14FB91CEA382DD 2x, https://d20zyr0oabjxc2.cloudfront.net/variants/media/raw_images/crittercovefl/2024/10/20241026033857.280-IMG_0345-198x198c.jpeg?signature=3F793BEBC3F1556A09511A43883512C720902799E652175394E21A89023D41BC 1x"
Npv pinstripe Whitewall,pinstripe,"https://d20zyr0oabjxc2.cloudfront.net/variants/media/raw_images/thederpydragon/2024/09/20240919235044.135-1000011915-396x396c.jpeg?signature=DAB9D91409A3433C49E281447A9166274F7D207A96F1F0E42DA2D504B54356F3 2x, https://d20zyr0oabjxc2.cloudfront.net/variants/media/raw_images/thederpydragon/2024/09/20240919235044.135-1000011915-198x198c.jpeg?signature=3837AA95DB6F59F2B95E9E038AF262A1D1735A5BEFF05FF6D748F40F2680D126 1x",/us/c/reptiles/lizards/crested-geckos/2544537,,"https://d20zyr0oabjxc2.cloudfront.net/variants/media/raw_images/thederpydragon/2024/09/20240919235044.135-1000011915-396x396c.jpeg?signature=DAB9D91409A3433C49E281447A9166274F7D207A96F1F0E42DA2D504B54356F3 2x, https://d20zyr0oabjxc2.cloudfront.net/variants/media/raw_images/thederpydragon/2024/09/20240919235044.135-1000011915-198x198c.jpeg?signature=3837AA95DB6F59F2B95E9E038AF262A1D1735A5BEFF05FF6D748F40F2680D126 1x"
Male pinstripe Crested Gecko Cr-1265,pinstripe,"https://d20zyr0oabjxc2.cloudfront.net/variants/media/raw_images/pangeareptile/2023/11/20231127153205.687-CR-1265Leftupdate-396x396c.jpeg?signature=CE0274A2054F5A1C6F0D4DCF0770CF509C9F06A76C80B470B2F044C9E0D7BB07 2x, https://d20zyr0oabjxc2.cloudfront.net/variants/media/raw_images/pangeareptile/2023/11/20231127153205.687-CR-1265Leftupdate-198x198c.jpeg?signature=FA454099FC4F3B5CB884374961B6D77027CAB2F4EFA2A5EE2096465BCDB46C8A 1x",/us/c/reptiles/lizards/crested-geckos/1928415,,"https://d20zyr0oabjxc2.cloudfront.net/variants/media/raw_images/pangeareptile/2023/11/20231127153205.687-CR-1265Leftupdate-396x396c.jpeg?signature=CE0274A2054F5A1C6F0D4DCF0770CF509C9F06A76C80B470B2F044C9E0D7BB07 2x, https://d20zyr0oabjxc2.cloudfront.net/variants/media/raw_images/pangeareptile/2023/11/20231127153205.687-CR-1265Leftupdate-198x198c.jpeg?signature=FA454099FC4F3B5CB884374961B6D77027CAB2F4EFA2A5EE2096465BCDB46C8A 1x"
Yellow Male Dalmatian With Perfect pinstripe And Ink Spots,Yellow Dalmatian pinstripe,"https://d20zyr0oabjxc2.cloudfront.net/variants/media/raw_images/cggardens/2024/08/20240824032334.306-8F92F7D2-F58B-4B29-8-396x396c.jpeg?signature=770A4CDE7969E340BDBB1DD4C062019EC97FEB16BE946CBF4BCF8A81F16C461F 2x, https://d20zyr0oabjxc2.cloudfront.net/variants/media/raw_images/cggardens/2024/08/20240824032334.306-8F92F7D2-F58B-4B29-8-198x198c.jpeg?signature=9ED18DDCADC9972A0ACD1F483A0AC12A5B6E8382475D2F5D46DD8CCCD7EEE2CF 1x",/us/c/reptiles/lizards/crested-geckos/1711807,,"https://d20zyr0oabjxc2.cloudfront.net/variants/media/raw_images/cggardens/2024/08/20240824032334.306-8F92F7D2-F58B-4B29-8-396x396c.jpeg?signature=770A4CDE7969E340BDBB1DD4C062019EC97FEB16BE946CBF4BCF8A81F16C461F 2x, https://d20zyr0oabjxc2.cloudfront.net/variants/media/raw_images/cggardens/2024/08/20240824032334.306-8F92F7D2-F58B-4B29-8-198x198c.jpeg?signature=9ED18DDCADC9972A0ACD1F483A0AC12A5B6E8382475D2F5D46DD8CCCD7EEE2CF 1x"
BOGO 50% OFF 42g RTB Male pinstripe,pinstripe,"https://d20zyr0oabjxc2.cloudfront.net/variants/media/raw_images/mistysgeckos/2024/04/20240428212938.993-1000001323-396x396c.jpeg?signature=57F37A88C2CCA87039A4BA511BD096DC16FB228BFD582C8FAD468B83D3B13082 2x, https://d20zyr0oabjxc2.cloudfront.net/variants/media/raw_images/mistysgeckos/2024/04/20240428212938.993-1000001323-198x198c.jpeg?signature=FC62C895F60857864017A95EB3D4C2040AD0C3540202D72E86654A40ACE77DC1 1x",/us/c/reptiles/lizards/crested-geckos/2301961,,"https://d20zyr0oabjxc2.cloudfront.net/variants/media/raw_images/mistysgeckos/2024/04/20240428212938.993-1000001323-396x396c.jpeg?signature=57F37A88C2CCA87039A4BA511BD096DC16FB228BFD582C8FAD468B83D3B13082 2x, https://d20zyr0oabjxc2.cloudfront.net/variants/media/raw_images/mistysgeckos/2024/04/20240428212938.993-1000001323-198x198c.jpeg?signature=FC62C895F60857864017A95EB3D4C2040AD0C3540202D72E86654A40ACE77DC1 1x"
BOGO 50% OFF 22g Yellow pinstripe Het Empty Back,Yellow pinstripe,"https://d20zyr0oabjxc2.cloudfront.net/variants/media/raw_images/mistysgeckos/2024/03/20240310203057.121-1000000665-396x396c.jpeg?signature=82F91BC285D44CD7E30FB6CF8140A7DCF6AD5B77E3C1ACDF1E8543C94927278E 2x, https://d20zyr0oabjxc2.cloudfront.net/variants/media/raw_images/mistysgeckos/2024/03/20240310203057.121-1000000665-198x198c.jpeg?signature=8C97AD2D4044BD00933616DE96E7808136FCBCE27B00AEE44645EBAD77D8839A 1x",/us/c/reptiles/lizards/crested-geckos/2217708,,"https://d20zyr0oabjxc2.cloudfront.net/variants/media/raw_images/mistysgeckos/2024/03/20240310203057.121-1000000665-396x396c.jpeg?signature=82F91BC285D44CD7E30FB6CF8140A7DCF6AD5B77E3C1ACDF1E8543C94927278E 2x, https://d20zyr0oabjxc2.cloudfront.net/variants/media/raw_images/mistysgeckos/2024/03/20240310203057.121-1000000665-198x198c.jpeg?signature=8C97AD2D4044BD00933616DE96E7808136FCBCE27B00AEE44645EBAD77D8839A 1x"
BOGO 50% OFF 18g pinstripe Stripe Het Empty Back,pinstripe,"https://d20zyr0oabjxc2.cloudfront.net/variants/media/raw_images/mistysgeckos/2024/07/20240721222606.779-1000001865-396x396c.jpeg?signature=0194106B5A152BED99637ED412FAAF39A01FF8A3EA8BE8F79E94AD9DDBD8C3CF 2x, https://d20zyr0oabjxc2.cloudfront.net/variants/media/raw_images/mistysgeckos/2024/07/20240721222606.779-1000001865-198x198c.jpeg?signature=3DEE88F5D383814F0406C42BC6BBC3BB41E1D0EEB777DF537B146EBA1E1FD529 1x",/us/c/reptiles/lizards/crested-geckos/2217501,,"https://d20zyr0oabjxc2.cloudfront.net/variants/media/raw_images/mistysgeckos/2024/07/20240721222606.779-1000001865-396x396c.jpeg?signature=0194106B5A152BED99637ED412FAAF39A01FF8A3EA8BE8F79E94AD9DDBD8C3CF 2x, https://d20zyr0oabjxc2.cloudfront.net/variants/media/raw_images/mistysgeckos/2024/07/20240721222606.779-1000001865-198x198c.jpeg?signature=3DEE88F5D383814F0406C42BC6BBC3BB41E1D0EEB777DF537B146EBA1E1FD529 1x"
21g pinstripe,pinstripe,"https://d20zyr0oabjxc2.cloudfront.net/variants/media/raw_images/mistysgeckos/2024/07/20240721232159.837-1000001879-396x396c.jpeg?signature=3A3DBD47F93D03209099F99DB3F8B02ECE7CD3B28244C39D6C0B750F3B497A64 2x, https://d20zyr0oabjxc2.cloudfront.net/variants/media/raw_images/mistysgeckos/2024/07/20240721232159.837-1000001879-198x198c.jpeg?signature=8B7BF9B6178A3D8D300D07FDF1B4D41C61D6086DC5477175050DA0FA07FDEF69 1x",/us/c/reptiles/lizards/crested-geckos/2251978,,"https://d20zyr0oabjxc2.cloudfront.net/variants/media/raw_images/mistysgeckos/2024/07/20240721232159.837-1000001879-396x396c.jpeg?signature=3A3DBD47F93D03209099F99DB3F8B02ECE7CD3B28244C39D6C0B750F3B497A64 2x, https://d20zyr0oabjxc2.cloudfront.net/variants/media/raw_images/mistysgeckos/2024/07/20240721232159.837-1000001879-198x198c.jpeg?signature=8B7BF9B6178A3D8D300D07FDF1B4D41C61D6086DC5477175050DA0FA07FDEF69 1x"
"Proven Female Tangerine pinstripe ""Daydream""",pinstripe,"https://d20zyr0oabjxc2.cloudfront.net/variants/media/raw_images/mermaidkalynn/2024/10/20241025164958.717-9CA44AAC-D354-4C48-8-396x396c.jpeg?signature=638DB70F0F2B4E1D8EBCC101C1337ED8908C00647158F0BA013629A8E0558223 2x, https://d20zyr0oabjxc2.cloudfront.net/variants/media/raw_images/mermaidkalynn/2024/10/20241025164958.717-9CA44AAC-D354-4C48-8-198x198c.jpeg?signature=1A54BBC3CB0000B91B419F9400DBEDD0A7210B5B663F5B026E1E987BE6C44860 1x",/us/c/reptiles/lizards/crested-geckos/2676875,,"https://d20zyr0oabjxc2.cloudfront.net/variants/media/raw_images/mermaidkalynn/2024/10/20241025164958.717-9CA44AAC-D354-4C48-8-396x396c.jpeg?signature=638DB70F0F2B4E1D8EBCC101C1337ED8908C00647158F0BA013629A8E0558223 2x, https://d20zyr0oabjxc2.cloudfront.net/variants/media/raw_images/mermaidkalynn/2024/10/20241025164958.717-9CA44AAC-D354-4C48-8-198x198c.jpeg?signature=1A54BBC3CB0000B91B419F9400DBEDD0A7210B5B663F5B026E1E987BE6C44860 1x"
pinstripe Empty Back Project,pinstripe,"https://d20zyr0oabjxc2.cloudfront.net/variants/media/raw_images/mitch-a-tech/2023/04/20230420095344.568-07EE5A87-2ED2-4188-8-396x396c.jpeg?signature=C267A159BA8E5459A7EC62CE44D3C955202664C749E371EDE4CDA2AC748AB4EF 2x, https://d20zyr0oabjxc2.cloudfront.net/variants/media/raw_images/mitch-a-tech/2023/04/20230420095344.568-07EE5A87-2ED2-4188-8-198x198c.jpeg?signature=17186351B6D2278FFD2474CEF0DA403A10C763D7BBC4B32AB2FB23004125195C 1x",/us/c/reptiles/lizards/crested-geckos/1558790,,"https://d20zyr0oabjxc2.cloudfront.net/variants/media/raw_images/mitch-a-tech/2023/04/20230420095344.568-07EE5A87-2ED2-4188-8-396x396c.jpeg?signature=C267A159BA8E5459A7EC62CE44D3C955202664C749E371EDE4CDA2AC748AB4EF 2x, https://d20zyr0oabjxc2.cloudfront.net/variants/media/raw_images/mitch-a-tech/2023/04/20230420095344.568-07EE5A87-2ED2-4188-8-198x198c.jpeg?signature=17186351B6D2278FFD2474CEF0DA403A10C763D7BBC4B32AB2FB23004125195C 1x"
2023 Partial pinstripe,pinstripe,"https://d20zyr0oabjxc2.cloudfront.net/variants/media/raw_images/destiny302/2024/05/20240525120617.76-20240522_095300-396x396c.jpeg?signature=948E53EF7F14551231386066292149DF621BB4138F5F056DF6C2102F3B506205 2x, https://d20zyr0oabjxc2.cloudfront.net/variants/media/raw_images/destiny302/2024/05/20240525120617.76-20240522_095300-198x198c.jpeg?signature=16A79F1A62465DA22B0A3B2C05175D8E8F7006FA5B5F28B82B139E5B50E1DD00 1x",/us/c/reptiles/lizards/crested-geckos/2071610,,"https://d20zyr0oabjxc2.cloudfront.net/variants/media/raw_images/destiny302/2024/05/20240525120617.76-20240522_095300-396x396c.jpeg?signature=948E53EF7F14551231386066292149DF621BB4138F5F056DF6C2102F3B506205 2x, https://d20zyr0oabjxc2.cloudfront.net/variants/media/raw_images/destiny302/2024/05/20240525120617.76-20240522_095300-198x198c.jpeg?signature=16A79F1A62465DA22B0A3B2C05175D8E8F7006FA5B5F28B82B139E5B50E1DD00 1x"
Dark Partial pinstripe,Dark pinstripe,"https://d20zyr0oabjxc2.cloudfront.net/variants/media/raw_images/carlyg/2024/09/20240928095231.763-35D785B2-E8F5-4FAF-A-396x396c.jpeg?signature=2BFE18562AFA1D6D1190D80F83E2C780F900268EB4E9ECC2907E7DCFB8D61059 2x, https://d20zyr0oabjxc2.cloudfront.net/variants/media/raw_images/carlyg/2024/09/20240928095231.763-35D785B2-E8F5-4FAF-A-198x198c.jpeg?signature=DB578E2D93C2B4B3CE654FD4DC03C1B135580B1A435F7F5808F6870DFE5B5A9B 1x",/us/c/reptiles/lizards/crested-geckos/2612485,,"https://d20zyr0oabjxc2.cloudfront.net/variants/media/raw_images/carlyg/2024/09/20240928095231.763-35D785B2-E8F5-4FAF-A-396x396c.jpeg?signature=2BFE18562AFA1D6D1190D80F83E2C780F900268EB4E9ECC2907E7DCFB8D61059 2x, https://d20zyr0oabjxc2.cloudfront.net/variants/media/raw_images/carlyg/2024/09/20240928095231.763-35D785B2-E8F5-4FAF-A-198x198c.jpeg?signature=DB578E2D93C2B4B3CE654FD4DC03C1B135580B1A435F7F5808F6870DFE5B5A9B 1x"
Red Partial pinstripe,Red pinstripe,"https://d20zyr0oabjxc2.cloudfront.net/variants/media/raw_images/cmarky/2024/09/20240928073451.590-20240927103352_IMG_0-396x396c.jpeg?signature=5CBEC6C299DD91124AA239EE301AE19BBD4D84233C6D3A4E53CB3D2E726D810F 2x, https://d20zyr0oabjxc2.cloudfront.net/variants/media/raw_images/cmarky/2024/09/20240928073451.590-20240927103352_IMG_0-198x198c.jpeg?signature=2D0B5178852C5DDBD04E4CF124AE3B08160D79A1C095035D698062C159959581 1x",/us/c/reptiles/lizards/crested-geckos/2612444,,"https://d20zyr0oabjxc2.cloudfront.net/variants/media/raw_images/cmarky/2024/09/20240928073451.590-20240927103352_IMG_0-396x396c.jpeg?signature=5CBEC6C299DD91124AA239EE301AE19BBD4D84233C6D3A4E53CB3D2E726D810F 2x, https://d20zyr0oabjxc2.cloudfront.net/variants/media/raw_images/cmarky/2024/09/20240928073451.590-20240927103352_IMG_0-198x198c.jpeg?signature=2D0B5178852C5DDBD04E4CF124AE3B08160D79A1C095035D698062C159959581 1x"
Red Partial pinstripe,Red pinstripe,"https://d20zyr0oabjxc2.cloudfront.net/variants/media/raw_images/cmarky/2024/09/20240928072625.766-20240927103319_IMG_0-396x396c.jpeg?signature=152B5B1423A4187AC3869373CA3B6C0B3EF5AF5EC2F3A3DEAA1BBA036D23BC11 2x, https://d20zyr0oabjxc2.cloudfront.net/variants/media/raw_images/cmarky/2024/09/20240928072625.766-20240927103319_IMG_0-198x198c.jpeg?signature=85CD5928F7DDD4958D34AA9E4927A54A97971835D099896E6A3A3C4092EB3AD0 1x",/us/c/reptiles/lizards/crested-geckos/2612439,,"https://d20zyr0oabjxc2.cloudfront.net/variants/media/raw_images/cmarky/2024/09/20240928072625.766-20240927103319_IMG_0-396x396c.jpeg?signature=152B5B1423A4187AC3869373CA3B6C0B3EF5AF5EC2F3A3DEAA1BBA036D23BC11 2x, https://d20zyr0oabjxc2.cloudfront.net/variants/media/raw_images/cmarky/2024/09/20240928072625.766-20240927103319_IMG_0-198x198c.jpeg?signature=85CD5928F7DDD4958D34AA9E4927A54A97971835D099896E6A3A3C4092EB3AD0 1x"
Red Partial pinstripe,Red pinstripe,"https://d20zyr0oabjxc2.cloudfront.net/variants/media/raw_images/cmarky/2024/09/20240928072054.934-20240927103048_IMG_0-396x396c.jpeg?signature=78BB51147CC001434F0DEA4957192E11DE6BB96C38EB0FDF7ED65C17925F4BF6 2x, https://d20zyr0oabjxc2.cloudfront.net/variants/media/raw_images/cmarky/2024/09/20240928072054.934-20240927103048_IMG_0-198x198c.jpeg?signature=08D621F808E690D18DB24D851349E47D29524A580F3F8A79E2565E0A2CA45407 1x",/us/c/reptiles/lizards/crested-geckos/2612437,,"https://d20zyr0oabjxc2.cloudfront.net/variants/media/raw_images/cmarky/2024/09/20240928072054.934-20240927103048_IMG_0-396x396c.jpeg?signature=78BB51147CC001434F0DEA4957192E11DE6BB96C38EB0FDF7ED65C17925F4BF6 2x, https://d20zyr0oabjxc2.cloudfront.net/variants/media/raw_images/cmarky/2024/09/20240928072054.934-20240927103048_IMG_0-198x198c.jpeg?signature=08D621F808E690D18DB24D851349E47D29524A580F3F8A79E2565E0A2CA45407 1x"
pinstripe Dalmatian Male,pinstripe Dalmatian,"https://d20zyr0oabjxc2.cloudfront.net/variants/media/raw_images/cmarky/2024/09/20240928070607.256-20240927101530_IMG_0-396x396c.jpeg?signature=E055ACC820C454D7D44C8205C0965B4229C97E83E42A16A89907A46C675CB832 2x, https://d20zyr0oabjxc2.cloudfront.net/variants/media/raw_images/cmarky/2024/09/20240928070607.256-20240927101530_IMG_0-198x198c.jpeg?signature=557F7C96D53EFCD9100D26092D944684C84DEA81E510B33C2678FF27F3EF7C4C 1x",/us/c/reptiles/lizards/crested-geckos/2612406,,"https://d20zyr0oabjxc2.cloudfront.net/variants/media/raw_images/cmarky/2024/09/20240928070607.256-20240927101530_IMG_0-396x396c.jpeg?signature=E055ACC820C454D7D44C8205C0965B4229C97E83E42A16A89907A46C675CB832 2x, https://d20zyr0oabjxc2.cloudfront.net/variants/media/raw_images/cmarky/2024/09/20240928070607.256-20240927101530_IMG_0-198x198c.jpeg?signature=557F7C96D53EFCD9100D26092D944684C84DEA81E510B33C2678FF27F3EF7C4C 1x"
High Contrast Partial pinstripe,pinstripe,"https://d20zyr0oabjxc2.cloudfront.net/variants/media/raw_images/parisreptiles/2024/10/20241025025322.923-CK11-396x396c.jpeg?signature=C408B97D437A4997173125C07C5E22862E17ED2254040E4C21EBAE51353FDFF9 2x, https://d20zyr0oabjxc2.cloudfront.net/variants/media/raw_images/parisreptiles/2024/10/20241025025322.923-CK11-198x198c.jpeg?signature=E0690106224957504317214736ED103900DA4C317BC7D153B17130A5B52670F2 1x",/us/c/reptiles/lizards/crested-geckos/2521942,,"https://d20zyr0oabjxc2.cloudfront.net/variants/media/raw_images/parisreptiles/2024/10/20241025025322.923-CK11-396x396c.jpeg?signature=C408B97D437A4997173125C07C5E22862E17ED2254040E4C21EBAE51353FDFF9 2x, https://d20zyr0oabjxc2.cloudfront.net/variants/media/raw_images/parisreptiles/2024/10/20241025025322.923-CK11-198x198c.jpeg?signature=E0690106224957504317214736ED103900DA4C317BC7D153B17130A5B52670F2 1x"
pinstripe Lilly White Crested Gecko #141,pinstripe,"https://d20zyr0oabjxc2.cloudfront.net/variants/media/raw_images/olympianexotics/2024/10/20241007015119.464-1000029825-396x396c.jpeg?signature=500322676A5B1D7D7D059B7F6CD7C6097DE4397DEFB01E5ED2212ABAB0AC9E2C 2x, https://d20zyr0oabjxc2.cloudfront.net/variants/media/raw_images/olympianexotics/2024/10/20241007015119.464-1000029825-198x198c.jpeg?signature=00A7FE94BD09640264477A6533AF96CFA9F3A7335CA05185F22C612A5ECD1099 1x",/us/c/reptiles/lizards/crested-geckos/2633459,,"https://d20zyr0oabjxc2.cloudfront.net/variants/media/raw_images/olympianexotics/2024/10/20241007015119.464-1000029825-396x396c.jpeg?signature=500322676A5B1D7D7D059B7F6CD7C6097DE4397DEFB01E5ED2212ABAB0AC9E2C 2x, https://d20zyr0oabjxc2.cloudfront.net/variants/media/raw_images/olympianexotics/2024/10/20241007015119.464-1000029825-198x198c.jpeg?signature=00A7FE94BD09640264477A6533AF96CFA9F3A7335CA05185F22C612A5ECD1099 1x"
White Wall pinstripe,pinstripe,"https://d20zyr0oabjxc2.cloudfront.net/variants/media/raw_images/geckoemporium/2024/05/20240501193524.82-20240425_164119-396x396c.jpeg?signature=2B97C0C176C4C97652BBD27BD55E9DF2703397979E1083DDBA0EC20FEBBD4ADD 2x, https://d20zyr0oabjxc2.cloudfront.net/variants/media/raw_images/geckoemporium/2024/05/20240501193524.82-20240425_164119-198x198c.jpeg?signature=46343FD2379E5CF6CBF7682504E622AA33AF19FDF79C8744250DEB521A372969 1x",/us/c/reptiles/lizards/crested-geckos/2308209,,"https://d20zyr0oabjxc2.cloudfront.net/variants/media/raw_images/geckoemporium/2024/05/20240501193524.82-20240425_164119-396x396c.jpeg?signature=2B97C0C176C4C97652BBD27BD55E9DF2703397979E1083DDBA0EC20FEBBD4ADD 2x, https://d20zyr0oabjxc2.cloudfront.net/variants/media/raw_images/geckoemporium/2024/05/20240501193524.82-20240425_164119-198x198c.jpeg?signature=46343FD2379E5CF6CBF7682504E622AA33AF19FDF79C8744250DEB521A372969 1x"
Proven Male Yellow pinstripe,Yellow pinstripe,"https://d20zyr0oabjxc2.cloudfront.net/variants/media/raw_images/hunterh/2024/10/20241024213157.302-IMG_1632-396x396c.jpeg?signature=6781C27F1A39193E87D7D02E46B557D2FE70959D955490D89E8FD51B12B72A79 2x, https://d20zyr0oabjxc2.cloudfront.net/variants/media/raw_images/hunterh/2024/10/20241024213157.302-IMG_1632-198x198c.jpeg?signature=3EBE75A3B15908CFF18D5D0FCDD57215913F58A1A45A482AA6CACC6B323DC343 1x",/us/c/reptiles/lizards/crested-geckos/2675375,,"https://d20zyr0oabjxc2.cloudfront.net/variants/media/raw_images/hunterh/2024/10/20241024213157.302-IMG_1632-396x396c.jpeg?signature=6781C27F1A39193E87D7D02E46B557D2FE70959D955490D89E8FD51B12B72A79 2x, https://d20zyr0oabjxc2.cloudfront.net/variants/media/raw_images/hunterh/2024/10/20241024213157.302-IMG_1632-198x198c.jpeg?signature=3EBE75A3B15908CFF18D5D0FCDD57215913F58A1A45A482AA6CACC6B323DC343 1x"
2024 pinstripe Crested Gecko,pinstripe,"https://d20zyr0oabjxc2.cloudfront.net/variants/media/raw_images/villainous_geckos/2024/10/20241024173626.481-IMG_3920-396x396c.jpeg?signature=5888ED00A8BA91BA9CA1BAE4504FED34A16708A1089E401C2E6D23FDDE7ED7B2 2x, https://d20zyr0oabjxc2.cloudfront.net/variants/media/raw_images/villainous_geckos/2024/10/20241024173626.481-IMG_3920-198x198c.jpeg?signature=004F4056F7F7DD5CCB2EDBC8EDCF4725324605A567EFCC14371A24D51098CA39 1x",/us/c/reptiles/lizards/crested-geckos/2674693,,"https://d20zyr0oabjxc2.cloudfront.net/variants/media/raw_images/villainous_geckos/2024/10/20241024173626.481-IMG_3920-396x396c.jpeg?signature=5888ED00A8BA91BA9CA1BAE4504FED34A16708A1089E401C2E6D23FDDE7ED7B2 2x, https://d20zyr0oabjxc2.cloudfront.net/variants/media/raw_images/villainous_geckos/2024/10/20241024173626.481-IMG_3920-198x198c.jpeg?signature=004F4056F7F7DD5CCB2EDBC8EDCF4725324605A567EFCC14371A24D51098CA39 1x"
Warlock X Rosada pinstripe Male,pinstripe,"https://d20zyr0oabjxc2.cloudfront.net/variants/media/raw_images/ctcgeckos/2024/10/20241006182915.27-IMG_8566-396x396c.jpeg?signature=23432D65AA97E93F0EF4E54B3FF8C97469EBAC399D8D1F5D0EA38FA52BB714C0 2x, https://d20zyr0oabjxc2.cloudfront.net/variants/media/raw_images/ctcgeckos/2024/10/20241006182915.27-IMG_8566-198x198c.jpeg?signature=6B612182DA86BA64D9E50854C887E52D1246570F5C438F307929C9529BBC9630 1x",/us/c/reptiles/lizards/crested-geckos/2610783,,"https://d20zyr0oabjxc2.cloudfront.net/variants/media/raw_images/ctcgeckos/2024/10/20241006182915.27-IMG_8566-396x396c.jpeg?signature=23432D65AA97E93F0EF4E54B3FF8C97469EBAC399D8D1F5D0EA38FA52BB714C0 2x, https://d20zyr0oabjxc2.cloudfront.net/variants/media/raw_images/ctcgeckos/2024/10/20241006182915.27-IMG_8566-198x198c.jpeg?signature=6B612182DA86BA64D9E50854C887E52D1246570F5C438F307929C9529BBC9630 1x"
Quad Stripe Dark Base pinstripe,Dark pinstripe,"https://d20zyr0oabjxc2.cloudfront.net/variants/media/raw_images/midnightexotics/2024/09/20240912132837.266-20240910_165511-396x396c.jpeg?signature=9D876880204286CA85ACFB2369A43D4C8E12F5B2A860A555C77E2289082ECC12 2x, https://d20zyr0oabjxc2.cloudfront.net/variants/media/raw_images/midnightexotics/2024/09/20240912132837.266-20240910_165511-198x198c.jpeg?signature=5362D779521BC7103CB4E13808342988EF469E80D6BC932556FF0003FEDE68C7 1x",/us/c/reptiles/lizards/crested-geckos/2573238,,"https://d20zyr0oabjxc2.cloudfront.net/variants/media/raw_images/midnightexotics/2024/09/20240912132837.266-20240910_165511-396x396c.jpeg?signature=9D876880204286CA85ACFB2369A43D4C8E12F5B2A860A555C77E2289082ECC12 2x, https://d20zyr0oabjxc2.cloudfront.net/variants/media/raw_images/midnightexotics/2024/09/20240912132837.266-20240910_165511-198x198c.jpeg?signature=5362D779521BC7103CB4E13808342988EF469E80D6BC932556FF0003FEDE68C7 1x"
pinstripe,pinstripe,"https://d20zyr0oabjxc2.cloudfront.net/variants/media/raw_images/guisgecko/2024/10/20241024045218.41-BW2Male1-396x396c.jpeg?signature=0F2BF1E203A5D0354D11F97BE7403A7A74BBF5338EF9D3A502127E186B850DF6 2x, https://d20zyr0oabjxc2.cloudfront.net/variants/media/raw_images/guisgecko/2024/10/20241024045218.41-BW2Male1-198x198c.jpeg?signature=3CBF84ED3543FC5679F25A68060883B3B092E8C483D8EF8B9AF81147ADF234A1 1x",/us/c/reptiles/lizards/crested-geckos/2673407,,"https://d20zyr0oabjxc2.cloudfront.net/variants/media/raw_images/guisgecko/2024/10/20241024045218.41-BW2Male1-396x396c.jpeg?signature=0F2BF1E203A5D0354D11F97BE7403A7A74BBF5338EF9D3A502127E186B850DF6 2x, https://d20zyr0oabjxc2.cloudfront.net/variants/media/raw_images/guisgecko/2024/10/20241024045218.41-BW2Male1-198x198c.jpeg?signature=3CBF84ED3543FC5679F25A68060883B3B092E8C483D8EF8B9AF81147ADF234A1 1x"
pinstripe,pinstripe,"https://d20zyr0oabjxc2.cloudfront.net/variants/media/raw_images/guisgecko/2024/10/20241024045222.234-VN11-396x396c.jpeg?signature=74404B5604B898ECC26AADC119F706810A1E2C53489F13273523343328B55295 2x, https://d20zyr0oabjxc2.cloudfront.net/variants/media/raw_images/guisgecko/2024/10/20241024045222.234-VN11-198x198c.jpeg?signature=49487E566972E4D15B6B145A201AD40E02985698B93D14E48624F77E6E34A782 1x",/us/c/reptiles/lizards/crested-geckos/2673408,,"https://d20zyr0oabjxc2.cloudfront.net/variants/media/raw_images/guisgecko/2024/10/20241024045222.234-VN11-396x396c.jpeg?signature=74404B5604B898ECC26AADC119F706810A1E2C53489F13273523343328B55295 2x, https://d20zyr0oabjxc2.cloudfront.net/variants/media/raw_images/guisgecko/2024/10/20241024045222.234-VN11-198x198c.jpeg?signature=49487E566972E4D15B6B145A201AD40E02985698B93D14E48624F77E6E34A782 1x"
LoWi3 - Partial pinstripe With Great Lineage,pinstripe,"https://d20zyr0oabjxc2.cloudfront.net/variants/media/raw_images/gingersgeckos/2024/10/20241005020354.73-FFC0C8BF-C824-46CC-B-396x396c.jpeg?signature=1A0FB2CC62D8139E00D833582DD806CB948BBF08CCE67E5713933B0867A384D1 2x, https://d20zyr0oabjxc2.cloudfront.net/variants/media/raw_images/gingersgeckos/2024/10/20241005020354.73-FFC0C8BF-C824-46CC-B-198x198c.jpeg?signature=97EE2DE4690610C124DE4A01CFCD7CA7468A9ED13CF82CF9532773860098F80D 1x",/us/c/reptiles/lizards/crested-geckos/2398167,,"https://d20zyr0oabjxc2.cloudfront.net/variants/media/raw_images/gingersgeckos/2024/10/20241005020354.73-FFC0C8BF-C824-46CC-B-396x396c.jpeg?signature=1A0FB2CC62D8139E00D833582DD806CB948BBF08CCE67E5713933B0867A384D1 2x, https://d20zyr0oabjxc2.cloudfront.net/variants/media/raw_images/gingersgeckos/2024/10/20241005020354.73-FFC0C8BF-C824-46CC-B-198x198c.jpeg?signature=97EE2DE4690610C124DE4A01CFCD7CA7468A9ED13CF82CF9532773860098F80D 1x"
Red Based pinstripe,Red pinstripe,"https://d20zyr0oabjxc2.cloudfront.net/variants/media/raw_images/carnationcreations/2024/08/20240810084129.189-IMG_4799-396x396c.jpeg?signature=965AD8B3119C4E0C1BC41C04406821189D110B04431F15A89B126694C609C0BC 2x, https://d20zyr0oabjxc2.cloudfront.net/variants/media/raw_images/carnationcreations/2024/08/20240810084129.189-IMG_4799-198x198c.jpeg?signature=434D0FB6A6766FEACD2C5BAD236F582533F3AF6E71EC91C4A2A441C135D7BA64 1x",/us/c/reptiles/lizards/crested-geckos/2488743,,"https://d20zyr0oabjxc2.cloudfront.net/variants/media/raw_images/carnationcreations/2024/08/20240810084129.189-IMG_4799-396x396c.jpeg?signature=965AD8B3119C4E0C1BC41C04406821189D110B04431F15A89B126694C609C0BC 2x, https://d20zyr0oabjxc2.cloudfront.net/variants/media/raw_images/carnationcreations/2024/08/20240810084129.189-IMG_4799-198x198c.jpeg?signature=434D0FB6A6766FEACD2C5BAD236F582533F3AF6E71EC91C4A2A441C135D7BA64 1x"
Red Base Creamy pinstripe,Red pinstripe,"https://d20zyr0oabjxc2.cloudfront.net/variants/media/raw_images/carnationcreations/2024/08/20240810090907.367-IMG_5054-396x396c.jpeg?signature=FD1BA260A20972C0F033DDEDBE173EDEFDA92CB87D969138664360211797864F 2x, https://d20zyr0oabjxc2.cloudfront.net/variants/media/raw_images/carnationcreations/2024/08/20240810090907.367-IMG_5054-198x198c.jpeg?signature=07E13B837E10DF4FCD03FF220A60BB8EDE4A0773029F228157D9D9CB18F018E5 1x",/us/c/reptiles/lizards/crested-geckos/2488778,,"https://d20zyr0oabjxc2.cloudfront.net/variants/media/raw_images/carnationcreations/2024/08/20240810090907.367-IMG_5054-396x396c.jpeg?signature=FD1BA260A20972C0F033DDEDBE173EDEFDA92CB87D969138664360211797864F 2x, https://d20zyr0oabjxc2.cloudfront.net/variants/media/raw_images/carnationcreations/2024/08/20240810090907.367-IMG_5054-198x198c.jpeg?signature=07E13B837E10DF4FCD03FF220A60BB8EDE4A0773029F228157D9D9CB18F018E5 1x"
RTB Dark Based pinstripe W/ Whitewalls,Dark pinstripe,"https://d20zyr0oabjxc2.cloudfront.net/variants/media/raw_images/carnationcreations/2024/08/20240810084345.274-IMG_4886-396x396c.jpeg?signature=2F87C8EB4EB4268E6BBD213C09F210822E1F5758FB5CE1173222AA69C1933C21 2x, https://d20zyr0oabjxc2.cloudfront.net/variants/media/raw_images/carnationcreations/2024/08/20240810084345.274-IMG_4886-198x198c.jpeg?signature=778A9BCE56ADFC45EE71B2652BA34C55551A54B608546B8768663AE08E108C17 1x",/us/c/reptiles/lizards/crested-geckos/2488746,,"https://d20zyr0oabjxc2.cloudfront.net/variants/media/raw_images/carnationcreations/2024/08/20240810084345.274-IMG_4886-396x396c.jpeg?signature=2F87C8EB4EB4268E6BBD213C09F210822E1F5758FB5CE1173222AA69C1933C21 2x, https://d20zyr0oabjxc2.cloudfront.net/variants/media/raw_images/carnationcreations/2024/08/20240810084345.274-IMG_4886-198x198c.jpeg?signature=778A9BCE56ADFC45EE71B2652BA34C55551A54B608546B8768663AE08E108C17 1x"
Creamy pinstripe,pinstripe,"https://d20zyr0oabjxc2.cloudfront.net/variants/media/raw_images/carnationcreations/2024/08/20240810082424.780-IMG_3815-396x396c.jpeg?signature=2F2329F374F29CE1EA56FD509BCED7D53FC4AFC80D2EA5A5C7C5D48A28BFB429 2x, https://d20zyr0oabjxc2.cloudfront.net/variants/media/raw_images/carnationcreations/2024/08/20240810082424.780-IMG_3815-198x198c.jpeg?signature=C1EE9901B6F4CDA4805A2324A7B7D0149F226846F435ADF45ADBC95016C3A228 1x",/us/c/reptiles/lizards/crested-geckos/2488727,,"https://d20zyr0oabjxc2.cloudfront.net/variants/media/raw_images/carnationcreations/2024/08/20240810082424.780-IMG_3815-396x396c.jpeg?signature=2F2329F374F29CE1EA56FD509BCED7D53FC4AFC80D2EA5A5C7C5D48A28BFB429 2x, https://d20zyr0oabjxc2.cloudfront.net/variants/media/raw_images/carnationcreations/2024/08/20240810082424.780-IMG_3815-198x198c.jpeg?signature=C1EE9901B6F4CDA4805A2324A7B7D0149F226846F435ADF45ADBC95016C3A228 1x"
Dark Base Creamy pinstripe,Dark pinstripe,"https://d20zyr0oabjxc2.cloudfront.net/variants/media/raw_images/carnationcreations/2024/08/20240810090005.878-IMG_4962-396x396c.jpeg?signature=5B88DD389C83FFEBE0FC95270EDC1F09E4F1A12BD69562E323934F42F94B0133 2x, https://d20zyr0oabjxc2.cloudfront.net/variants/media/raw_images/carnationcreations/2024/08/20240810090005.878-IMG_4962-198x198c.jpeg?signature=D28C598C8BDB5098E3FD85285DEF89EFA7567DD59979765618AF4A488EC8304C 1x",/us/c/reptiles/lizards/crested-geckos/2488764,,"https://d20zyr0oabjxc2.cloudfront.net/variants/media/raw_images/carnationcreations/2024/08/20240810090005.878-IMG_4962-396x396c.jpeg?signature=5B88DD389C83FFEBE0FC95270EDC1F09E4F1A12BD69562E323934F42F94B0133 2x, https://d20zyr0oabjxc2.cloudfront.net/variants/media/raw_images/carnationcreations/2024/08/20240810090005.878-IMG_4962-198x198c.jpeg?signature=D28C598C8BDB5098E3FD85285DEF89EFA7567DD59979765618AF4A488EC8304C 1x"
pinstripek Base Creamy pinstripe,pinstripek pinstripe,"https://d20zyr0oabjxc2.cloudfront.net/variants/media/raw_images/carnationcreations/2024/08/20240810091547.920-IMG_6735-396x396c.jpeg?signature=110F4168AEF719C7315DBCFD9489178CABD60020FDD0D8E5876D0AE7E4066C3A 2x, https://d20zyr0oabjxc2.cloudfront.net/variants/media/raw_images/carnationcreations/2024/08/20240810091547.920-IMG_6735-198x198c.jpeg?signature=6A524313D1E02F282F04437E162725452A7079E940D70F70C1744AC00F395076 1x",/us/c/reptiles/lizards/crested-geckos/2488785,,"https://d20zyr0oabjxc2.cloudfront.net/variants/media/raw_images/carnationcreations/2024/08/20240810091547.920-IMG_6735-396x396c.jpeg?signature=110F4168AEF719C7315DBCFD9489178CABD60020FDD0D8E5876D0AE7E4066C3A 2x, https://d20zyr0oabjxc2.cloudfront.net/variants/media/raw_images/carnationcreations/2024/08/20240810091547.920-IMG_6735-198x198c.jpeg?signature=6A524313D1E02F282F04437E162725452A7079E940D70F70C1744AC00F395076 1x"
Dark Base Creamy pinstripe,Dark pinstripe,"https://d20zyr0oabjxc2.cloudfront.net/variants/media/raw_images/carnationcreations/2024/08/20240810083534.668-IMG_4820-396x396c.jpeg?signature=5A0F547477474F7ADE74D29CC220F0D22093A3C94A4178CE31679E6598AF3E3B 2x, https://d20zyr0oabjxc2.cloudfront.net/variants/media/raw_images/carnationcreations/2024/08/20240810083534.668-IMG_4820-198x198c.jpeg?signature=CE737E8125C269DFB0A157DD3386E6B0A8B8E8DFC25EAE3631A8E3F02DE0753A 1x",/us/c/reptiles/lizards/crested-geckos/2488735,,"https://d20zyr0oabjxc2.cloudfront.net/variants/media/raw_images/carnationcreations/2024/08/20240810083534.668-IMG_4820-396x396c.jpeg?signature=5A0F547477474F7ADE74D29CC220F0D22093A3C94A4178CE31679E6598AF3E3B 2x, https://d20zyr0oabjxc2.cloudfront.net/variants/media/raw_images/carnationcreations/2024/08/20240810083534.668-IMG_4820-198x198c.jpeg?signature=CE737E8125C269DFB0A157DD3386E6B0A8B8E8DFC25EAE3631A8E3F02DE0753A 1x"
Dark Base Halloween pinstripe,Dark pinstripe,"https://d20zyr0oabjxc2.cloudfront.net/variants/media/raw_images/carnationcreations/2024/08/20240810091027.497-IMG_5068-396x396c.jpeg?signature=887E4A637E222D86D39900A7F26FDFF8BFCBAC5F721242D693A454ACDD5B96DE 2x, https://d20zyr0oabjxc2.cloudfront.net/variants/media/raw_images/carnationcreations/2024/08/20240810091027.497-IMG_5068-198x198c.jpeg?signature=BA20AF6B70F14BD16971EA8CF56BC62675F189C3292E94DA68BB6DC296A26AAC 1x",/us/c/reptiles/lizards/crested-geckos/2488780,,"https://d20zyr0oabjxc2.cloudfront.net/variants/media/raw_images/carnationcreations/2024/08/20240810091027.497-IMG_5068-396x396c.jpeg?signature=887E4A637E222D86D39900A7F26FDFF8BFCBAC5F721242D693A454ACDD5B96DE 2x, https://d20zyr0oabjxc2.cloudfront.net/variants/media/raw_images/carnationcreations/2024/08/20240810091027.497-IMG_5068-198x198c.jpeg?signature=BA20AF6B70F14BD16971EA8CF56BC62675F189C3292E94DA68BB6DC296A26AAC 1x"
Dark Base Creamy pinstripe,Dark pinstripe,"https://d20zyr0oabjxc2.cloudfront.net/variants/media/raw_images/carnationcreations/2024/08/20240810090542.282-IMG_5012-396x396c.jpeg?signature=757C77E5DB04F72B444218880B1EE33C4C0C6E8A467C118F7BF8118621DFC992 2x, https://d20zyr0oabjxc2.cloudfront.net/variants/media/raw_images/carnationcreations/2024/08/20240810090542.282-IMG_5012-198x198c.jpeg?signature=2074CC30A01F168BE938080898B837EFDDD5773188BCB450ABF7F206FC36809C 1x",/us/c/reptiles/lizards/crested-geckos/2488771,,"https://d20zyr0oabjxc2.cloudfront.net/variants/media/raw_images/carnationcreations/2024/08/20240810090542.282-IMG_5012-396x396c.jpeg?signature=757C77E5DB04F72B444218880B1EE33C4C0C6E8A467C118F7BF8118621DFC992 2x, https://d20zyr0oabjxc2.cloudfront.net/variants/media/raw_images/carnationcreations/2024/08/20240810090542.282-IMG_5012-198x198c.jpeg?signature=2074CC30A01F168BE938080898B837EFDDD5773188BCB450ABF7F206FC36809C 1x"
Orange pinstripe Lilly White Crested Gecko #19,pinstripe,"https://d20zyr0oabjxc2.cloudfront.net/variants/media/raw_images/olympianexotics/2024/10/20241006031954.803-1000029730-396x396c.jpeg?signature=492B22C9F3C9DE669847888B4EB3D981F3D9EF861ED0977B7CADD552269C6233 2x, https://d20zyr0oabjxc2.cloudfront.net/variants/media/raw_images/olympianexotics/2024/10/20241006031954.803-1000029730-198x198c.jpeg?signature=04C79A776C2D1E3C04E0007F4039B7A8959E277929C99EF523CEBDA0A34D4384 1x",/us/c/reptiles/lizards/crested-geckos/2631096,,"https://d20zyr0oabjxc2.cloudfront.net/variants/media/raw_images/olympianexotics/2024/10/20241006031954.803-1000029730-396x396c.jpeg?signature=492B22C9F3C9DE669847888B4EB3D981F3D9EF861ED0977B7CADD552269C6233 2x, https://d20zyr0oabjxc2.cloudfront.net/variants/media/raw_images/olympianexotics/2024/10/20241006031954.803-1000029730-198x198c.jpeg?signature=04C79A776C2D1E3C04E0007F4039B7A8959E277929C99EF523CEBDA0A34D4384 1x"
Lavender pinstripe White Wall Empty Back,pinstripe,"https://d20zyr0oabjxc2.cloudfront.net/variants/media/raw_images/crittercovefl/2024/10/20241003021837.233-IMG_0129-396x396c.jpeg?signature=DA1FA445C240B3808C0CA8B4D97F281870D4C89459D96C1DCA8CFB153D364AC5 2x, https://d20zyr0oabjxc2.cloudfront.net/variants/media/raw_images/crittercovefl/2024/10/20241003021837.233-IMG_0129-198x198c.jpeg?signature=6488D758C0589F87E9DC515561373662CA3538951D1E9A6B2F5F91458BECDA91 1x",/us/c/reptiles/lizards/crested-geckos/2624597,,"https://d20zyr0oabjxc2.cloudfront.net/variants/media/raw_images/crittercovefl/2024/10/20241003021837.233-IMG_0129-396x396c.jpeg?signature=DA1FA445C240B3808C0CA8B4D97F281870D4C89459D96C1DCA8CFB153D364AC5 2x, https://d20zyr0oabjxc2.cloudfront.net/variants/media/raw_images/crittercovefl/2024/10/20241003021837.233-IMG_0129-198x198c.jpeg?signature=6488D758C0589F87E9DC515561373662CA3538951D1E9A6B2F5F91458BECDA91 1x"
Hypo Yellow & Cream pinstripe Soft Scale,Yellow pinstripe,"https://d20zyr0oabjxc2.cloudfront.net/variants/media/raw_images/crittercovefl/2024/10/20241003021228.107-IMG_0108-396x396c.jpeg?signature=77D20BB34276A09A5CB652655B329E0CE90E2D4DE05954126ED2B6F122C6A09C 2x, https://d20zyr0oabjxc2.cloudfront.net/variants/media/raw_images/crittercovefl/2024/10/20241003021228.107-IMG_0108-198x198c.jpeg?signature=AFCCB7931D8951F53DA818C3F23E2D168F9190AD601F086654A32DEE845105B1 1x",/us/c/reptiles/lizards/crested-geckos/2624573,,"https://d20zyr0oabjxc2.cloudfront.net/variants/media/raw_images/crittercovefl/2024/10/20241003021228.107-IMG_0108-396x396c.jpeg?signature=77D20BB34276A09A5CB652655B329E0CE90E2D4DE05954126ED2B6F122C6A09C 2x, https://d20zyr0oabjxc2.cloudfront.net/variants/media/raw_images/crittercovefl/2024/10/20241003021228.107-IMG_0108-198x198c.jpeg?signature=AFCCB7931D8951F53DA818C3F23E2D168F9190AD601F086654A32DEE845105B1 1x"
Hypo Yellow & Cream pinstripe Soft Scale,Yellow pinstripe,"https://d20zyr0oabjxc2.cloudfront.net/variants/media/raw_images/crittercovefl/2024/10/20241003021040.79-IMG_0102-396x396c.jpeg?signature=D43E6FFFB914774D77E029B9E35F7BBA44F5C83A6F09C01ACAC1047D199E4F38 2x, https://d20zyr0oabjxc2.cloudfront.net/variants/media/raw_images/crittercovefl/2024/10/20241003021040.79-IMG_0102-198x198c.jpeg?signature=2C4A920DA9155155A0CDB85A601DD3C8E1B1A37E94A31209603A38C490C999DC 1x",/us/c/reptiles/lizards/crested-geckos/2624570,,"https://d20zyr0oabjxc2.cloudfront.net/variants/media/raw_images/crittercovefl/2024/10/20241003021040.79-IMG_0102-396x396c.jpeg?signature=D43E6FFFB914774D77E029B9E35F7BBA44F5C83A6F09C01ACAC1047D199E4F38 2x, https://d20zyr0oabjxc2.cloudfront.net/variants/media/raw_images/crittercovefl/2024/10/20241003021040.79-IMG_0102-198x198c.jpeg?signature=2C4A920DA9155155A0CDB85A601DD3C8E1B1A37E94A31209603A38C490C999DC 1x"
Lavender Tangerine pinstripe Empty Back,pinstripe,"https://d20zyr0oabjxc2.cloudfront.net/variants/media/raw_images/crittercovefl/2024/10/20241003020913.764-IMG_0098-396x396c.jpeg?signature=7639ACCCD44E0D5C40662033B827AA2AAF2EA2841712CAEA553BB715DCD0A202 2x, https://d20zyr0oabjxc2.cloudfront.net/variants/media/raw_images/crittercovefl/2024/10/20241003020913.764-IMG_0098-198x198c.jpeg?signature=7492FF5BB4FFF86EB62895AC0F9DF83862A961D1228189DCBA146C6D10103EBD 1x",/us/c/reptiles/lizards/crested-geckos/2624567,,"https://d20zyr0oabjxc2.cloudfront.net/variants/media/raw_images/crittercovefl/2024/10/20241003020913.764-IMG_0098-396x396c.jpeg?signature=7639ACCCD44E0D5C40662033B827AA2AAF2EA2841712CAEA553BB715DCD0A202 2x, https://d20zyr0oabjxc2.cloudfront.net/variants/media/raw_images/crittercovefl/2024/10/20241003020913.764-IMG_0098-198x198c.jpeg?signature=7492FF5BB4FFF86EB62895AC0F9DF83862A961D1228189DCBA146C6D10103EBD 1x"
Dark Yellow Phantom pinstripe,Dark Yellow pinstripe,"https://d20zyr0oabjxc2.cloudfront.net/variants/media/raw_images/crittercovefl/2024/10/20241003015916.596-IMG_0086-396x396c.jpeg?signature=09664D9B36A162B0ED39468273F002C15C8681FEDDC64777FA22C333C58A332F 2x, https://d20zyr0oabjxc2.cloudfront.net/variants/media/raw_images/crittercovefl/2024/10/20241003015916.596-IMG_0086-198x198c.jpeg?signature=158800926EA6B458AABA8D46355E83A6E1B978C238EFA1F0024E2D7DA3FACFB4 1x",/us/c/reptiles/lizards/crested-geckos/2624541,,"https://d20zyr0oabjxc2.cloudfront.net/variants/media/raw_images/crittercovefl/2024/10/20241003015916.596-IMG_0086-396x396c.jpeg?signature=09664D9B36A162B0ED39468273F002C15C8681FEDDC64777FA22C333C58A332F 2x, https://d20zyr0oabjxc2.cloudfront.net/variants/media/raw_images/crittercovefl/2024/10/20241003015916.596-IMG_0086-198x198c.jpeg?signature=158800926EA6B458AABA8D46355E83A6E1B978C238EFA1F0024E2D7DA3FACFB4 1x"
dark Base Tangerine pinstripe White Out,dark pinstripe,"https://d20zyr0oabjxc2.cloudfront.net/variants/media/raw_images/crittercovefl/2024/10/20241003015808.929-IMG_0082-396x396c.jpeg?signature=4566504E9B1AB127893D38B76B86C9A5B73A9899871E0E6F896360A7F439A91A 2x, https://d20zyr0oabjxc2.cloudfront.net/variants/media/raw_images/crittercovefl/2024/10/20241003015808.929-IMG_0082-198x198c.jpeg?signature=8BE238352B739FBADF8ECC799E7A6527C107C3FDC674714CE04E82349598C8C7 1x",/us/c/reptiles/lizards/crested-geckos/2624540,,"https://d20zyr0oabjxc2.cloudfront.net/variants/media/raw_images/crittercovefl/2024/10/20241003015808.929-IMG_0082-396x396c.jpeg?signature=4566504E9B1AB127893D38B76B86C9A5B73A9899871E0E6F896360A7F439A91A 2x, https://d20zyr0oabjxc2.cloudfront.net/variants/media/raw_images/crittercovefl/2024/10/20241003015808.929-IMG_0082-198x198c.jpeg?signature=8BE238352B739FBADF8ECC799E7A6527C107C3FDC674714CE04E82349598C8C7 1x"
"Creamy, Yellow pinstripe",Yellow pinstripe,"https://d20zyr0oabjxc2.cloudfront.net/variants/media/raw_images/nightingalegeckos/2024/08/20240813015643.128-VooNa2-396x396c.jpeg?signature=E264016AB8DA386CCB47E142C9B97D7F15380C1E24097325554CC01067F0BDEB 2x, https://d20zyr0oabjxc2.cloudfront.net/variants/media/raw_images/nightingalegeckos/2024/08/20240813015643.128-VooNa2-198x198c.jpeg?signature=CE143620C0116F1519A4B70E42CB915036F64FB88FA02C94492A3791A983AD11 1x",/us/c/reptiles/lizards/crested-geckos/2495379,,"https://d20zyr0oabjxc2.cloudfront.net/variants/media/raw_images/nightingalegeckos/2024/08/20240813015643.128-VooNa2-396x396c.jpeg?signature=E264016AB8DA386CCB47E142C9B97D7F15380C1E24097325554CC01067F0BDEB 2x, https://d20zyr0oabjxc2.cloudfront.net/variants/media/raw_images/nightingalegeckos/2024/08/20240813015643.128-VooNa2-198x198c.jpeg?signature=CE143620C0116F1519A4B70E42CB915036F64FB88FA02C94492A3791A983AD11 1x"
Yellow & Cream pinstripe White Wall,Yellow pinstripe,"https://d20zyr0oabjxc2.cloudfront.net/variants/media/raw_images/crittercovefl/2024/10/20241003015641.754-IMG_0080-396x396c.jpeg?signature=D0C5BDFB506D714F38FB3FACFC6F889301568DE2F8A02D2F6776FEDF17AE3883 2x, https://d20zyr0oabjxc2.cloudfront.net/variants/media/raw_images/crittercovefl/2024/10/20241003015641.754-IMG_0080-198x198c.jpeg?signature=B37304D5EC99714A8F313374102A968E093297A043204BA654DCB2C749457760 1x",/us/c/reptiles/lizards/crested-geckos/2624527,,"https://d20zyr0oabjxc2.cloudfront.net/variants/media/raw_images/crittercovefl/2024/10/20241003015641.754-IMG_0080-396x396c.jpeg?signature=D0C5BDFB506D714F38FB3FACFC6F889301568DE2F8A02D2F6776FEDF17AE3883 2x, https://d20zyr0oabjxc2.cloudfront.net/variants/media/raw_images/crittercovefl/2024/10/20241003015641.754-IMG_0080-198x198c.jpeg?signature=B37304D5EC99714A8F313374102A968E093297A043204BA654DCB2C749457760 1x"
Yellow Phantom pinstripe,Yellow pinstripe,"https://d20zyr0oabjxc2.cloudfront.net/variants/media/raw_images/crittercovefl/2024/10/20241003014857.559-IMG_0073-396x396c.jpeg?signature=72928EAC24250CE0A22E3C01E4269D7C5CE30E2D34BB9E8DB6FCA9F082605F75 2x, https://d20zyr0oabjxc2.cloudfront.net/variants/media/raw_images/crittercovefl/2024/10/20241003014857.559-IMG_0073-198x198c.jpeg?signature=E8A3C484A4AB892E16B4E48606935717C111EE3510A65F4949768FF5B263A9D5 1x",/us/c/reptiles/lizards/crested-geckos/2624525,,"https://d20zyr0oabjxc2.cloudfront.net/variants/media/raw_images/crittercovefl/2024/10/20241003014857.559-IMG_0073-396x396c.jpeg?signature=72928EAC24250CE0A22E3C01E4269D7C5CE30E2D34BB9E8DB6FCA9F082605F75 2x, https://d20zyr0oabjxc2.cloudfront.net/variants/media/raw_images/crittercovefl/2024/10/20241003014857.559-IMG_0073-198x198c.jpeg?signature=E8A3C484A4AB892E16B4E48606935717C111EE3510A65F4949768FF5B263A9D5 1x"
Red & Cream pinstripe White Wall Snowflake,Red pinstripe,"https://d20zyr0oabjxc2.cloudfront.net/variants/media/raw_images/crittercovefl/2024/10/20241003014742.929-IMG_0026-396x396c.jpeg?signature=7EEF16074D3BE1292971918CB6564D7A06E126BDD4784D569A8504174A6762E1 2x, https://d20zyr0oabjxc2.cloudfront.net/variants/media/raw_images/crittercovefl/2024/10/20241003014742.929-IMG_0026-198x198c.jpeg?signature=2BD216629A89B5D8506DF1EBC9C1039F55AEAE018A0810AA38F153E4D23A78C0 1x",/us/c/reptiles/lizards/crested-geckos/2624522,,"https://d20zyr0oabjxc2.cloudfront.net/variants/media/raw_images/crittercovefl/2024/10/20241003014742.929-IMG_0026-396x396c.jpeg?signature=7EEF16074D3BE1292971918CB6564D7A06E126BDD4784D569A8504174A6762E1 2x, https://d20zyr0oabjxc2.cloudfront.net/variants/media/raw_images/crittercovefl/2024/10/20241003014742.929-IMG_0026-198x198c.jpeg?signature=2BD216629A89B5D8506DF1EBC9C1039F55AEAE018A0810AA38F153E4D23A78C0 1x"
White Wall pinstripe - Very Cool!!!,pinstripe,"https://d20zyr0oabjxc2.cloudfront.net/variants/media/raw_images/celestialexoticsus/2024/10/20241022212427.43-DSC06550-396x396c.jpeg?signature=AA06C9DD1813D48A20F89F2A9B3C5BC2692A2F9808D4E0545E6187BADC071050 2x, https://d20zyr0oabjxc2.cloudfront.net/variants/media/raw_images/celestialexoticsus/2024/10/20241022212427.43-DSC06550-198x198c.jpeg?signature=1A2F665FFF1FD9E41307C9DA566099A7EBF304327318DF218E7C49BE35A4F9E2 1x",/us/c/reptiles/lizards/crested-geckos/2181409,,"https://d20zyr0oabjxc2.cloudfront.net/variants/media/raw_images/celestialexoticsus/2024/10/20241022212427.43-DSC06550-396x396c.jpeg?signature=AA06C9DD1813D48A20F89F2A9B3C5BC2692A2F9808D4E0545E6187BADC071050 2x, https://d20zyr0oabjxc2.cloudfront.net/variants/media/raw_images/celestialexoticsus/2024/10/20241022212427.43-DSC06550-198x198c.jpeg?signature=1A2F665FFF1FD9E41307C9DA566099A7EBF304327318DF218E7C49BE35A4F9E2 1x"
Yellow & Cream pinstripe White Out,Yellow pinstripe,"https://d20zyr0oabjxc2.cloudfront.net/variants/media/raw_images/crittercovefl/2024/10/20241003013935.271-IMG_0017-396x396c.jpeg?signature=B2C59F2A22090E7A47D025B5E9634636EBC085DE82F772DED4B7049600547B8D 2x, https://d20zyr0oabjxc2.cloudfront.net/variants/media/raw_images/crittercovefl/2024/10/20241003013935.271-IMG_0017-198x198c.jpeg?signature=DDC20D6DB5B5725FF25F9891EC5E7CCBCAD3F7C3323BDA6023DA505CD1D709D5 1x",/us/c/reptiles/lizards/crested-geckos/2624483,,"https://d20zyr0oabjxc2.cloudfront.net/variants/media/raw_images/crittercovefl/2024/10/20241003013935.271-IMG_0017-396x396c.jpeg?signature=B2C59F2A22090E7A47D025B5E9634636EBC085DE82F772DED4B7049600547B8D 2x, https://d20zyr0oabjxc2.cloudfront.net/variants/media/raw_images/crittercovefl/2024/10/20241003013935.271-IMG_0017-198x198c.jpeg?signature=DDC20D6DB5B5725FF25F9891EC5E7CCBCAD3F7C3323BDA6023DA505CD1D709D5 1x"
(F) Red Drippy pinstripe,Red pinstripe,"https://d20zyr0oabjxc2.cloudfront.net/variants/media/raw_images/bertopiageckos/2024/10/20241029040043.465-IMG_1370-396x396c.jpeg?signature=16283F45A684C420044DF04FA0A6755C9B7ACCBA236F9F81E81153B5065FA2BF 2x, https://d20zyr0oabjxc2.cloudfront.net/variants/media/raw_images/bertopiageckos/2024/10/20241029040043.465-IMG_1370-198x198c.jpeg?signature=64554C859D2CFBA5AC7E638F2C21940AB58DF7629F793F5C9CFECB592EBCBE2A 1x",/us/c/reptiles/lizards/crested-geckos/2673131,,"https://d20zyr0oabjxc2.cloudfront.net/variants/media/raw_images/bertopiageckos/2024/10/20241029040043.465-IMG_1370-396x396c.jpeg?signature=16283F45A684C420044DF04FA0A6755C9B7ACCBA236F9F81E81153B5065FA2BF 2x, https://d20zyr0oabjxc2.cloudfront.net/variants/media/raw_images/bertopiageckos/2024/10/20241029040043.465-IMG_1370-198x198c.jpeg?signature=64554C859D2CFBA5AC7E638F2C21940AB58DF7629F793F5C9CFECB592EBCBE2A 1x"
dark Base Tangerine pinstripe,dark pinstripe,"https://d20zyr0oabjxc2.cloudfront.net/variants/media/raw_images/crittercovefl/2024/10/20241003010527.163-IMG_0054-396x396c.jpeg?signature=137BE2F872D8875F0D1433BB7345F2D07F5F257BCAF4C7F8BD98FFCC34CFF952 2x, https://d20zyr0oabjxc2.cloudfront.net/variants/media/raw_images/crittercovefl/2024/10/20241003010527.163-IMG_0054-198x198c.jpeg?signature=3F4002E5E3CFDFC2006EAC70FEB7006F53756C2573AE161DF2897E607D2ADF6F 1x",/us/c/reptiles/lizards/crested-geckos/2624384,,"https://d20zyr0oabjxc2.cloudfront.net/variants/media/raw_images/crittercovefl/2024/10/20241003010527.163-IMG_0054-396x396c.jpeg?signature=137BE2F872D8875F0D1433BB7345F2D07F5F257BCAF4C7F8BD98FFCC34CFF952 2x, https://d20zyr0oabjxc2.cloudfront.net/variants/media/raw_images/crittercovefl/2024/10/20241003010527.163-IMG_0054-198x198c.jpeg?signature=3F4002E5E3CFDFC2006EAC70FEB7006F53756C2573AE161DF2897E607D2ADF6F 1x"
dark Base Cream pinstripe White Wall,dark pinstripe,"https://d20zyr0oabjxc2.cloudfront.net/variants/media/raw_images/crittercovefl/2024/10/20241003010429.859-IMG_0051-396x396c.jpeg?signature=3CF6F539D21E4C51DAD59286851E4C6C45ADAD87EC7EAB29C01B1D8BB2A3CC5E 2x, https://d20zyr0oabjxc2.cloudfront.net/variants/media/raw_images/crittercovefl/2024/10/20241003010429.859-IMG_0051-198x198c.jpeg?signature=C9B791C8FB5B893175AE2F4993596996520F66B16679B890B03BBAD42D2386BD 1x",/us/c/reptiles/lizards/crested-geckos/2624383,,"https://d20zyr0oabjxc2.cloudfront.net/variants/media/raw_images/crittercovefl/2024/10/20241003010429.859-IMG_0051-396x396c.jpeg?signature=3CF6F539D21E4C51DAD59286851E4C6C45ADAD87EC7EAB29C01B1D8BB2A3CC5E 2x, https://d20zyr0oabjxc2.cloudfront.net/variants/media/raw_images/crittercovefl/2024/10/20241003010429.859-IMG_0051-198x198c.jpeg?signature=C9B791C8FB5B893175AE2F4993596996520F66B16679B890B03BBAD42D2386BD 1x"
dark Base pinstripe White Out Empty Back,dark pinstripe,"https://d20zyr0oabjxc2.cloudfront.net/variants/media/raw_images/crittercovefl/2024/10/20241003010304.420-IMG_0049-396x396c.jpeg?signature=458E7B4C210BD2E6DDE4D470A7DA606D049692D5D825389A9E74D8951C70C1C5 2x, https://d20zyr0oabjxc2.cloudfront.net/variants/media/raw_images/crittercovefl/2024/10/20241003010304.420-IMG_0049-198x198c.jpeg?signature=6739F71A11B6A1243B6C2EDDEFC4FECB662899C6BD654CC4FBC54C04B711FF1F 1x",/us/c/reptiles/lizards/crested-geckos/2624377,,"https://d20zyr0oabjxc2.cloudfront.net/variants/media/raw_images/crittercovefl/2024/10/20241003010304.420-IMG_0049-396x396c.jpeg?signature=458E7B4C210BD2E6DDE4D470A7DA606D049692D5D825389A9E74D8951C70C1C5 2x, https://d20zyr0oabjxc2.cloudfront.net/variants/media/raw_images/crittercovefl/2024/10/20241003010304.420-IMG_0049-198x198c.jpeg?signature=6739F71A11B6A1243B6C2EDDEFC4FECB662899C6BD654CC4FBC54C04B711FF1F 1x"
Dark Base Tangerine pinstripe White Wall Empty Back,Dark pinstripe,"https://d20zyr0oabjxc2.cloudfront.net/variants/media/raw_images/crittercovefl/2024/10/20241003010159.955-IMG_0046-396x396c.jpeg?signature=8B0311584C88BE019FDAC4911DFD57A351CDD1D85E91779B36F63A0F4287B8B2 2x, https://d20zyr0oabjxc2.cloudfront.net/variants/media/raw_images/crittercovefl/2024/10/20241003010159.955-IMG_0046-198x198c.jpeg?signature=AF48EF5D03D348C139652BCD4409E815A4A725776B62CEF4ACD1F2FF58E58585 1x",/us/c/reptiles/lizards/crested-geckos/2624374,,"https://d20zyr0oabjxc2.cloudfront.net/variants/media/raw_images/crittercovefl/2024/10/20241003010159.955-IMG_0046-396x396c.jpeg?signature=8B0311584C88BE019FDAC4911DFD57A351CDD1D85E91779B36F63A0F4287B8B2 2x, https://d20zyr0oabjxc2.cloudfront.net/variants/media/raw_images/crittercovefl/2024/10/20241003010159.955-IMG_0046-198x198c.jpeg?signature=AF48EF5D03D348C139652BCD4409E815A4A725776B62CEF4ACD1F2FF58E58585 1x"
Cream pinstripe White Out,pinstripe,"https://d20zyr0oabjxc2.cloudfront.net/variants/media/raw_images/crittercovefl/2024/10/20241003010055.712-IMG_0040-396x396c.jpeg?signature=CE6F44ACE5F7E133F26B1CA7205B2E2E50D482E4A8460D5B6660EAF4D583B910 2x, https://d20zyr0oabjxc2.cloudfront.net/variants/media/raw_images/crittercovefl/2024/10/20241003010055.712-IMG_0040-198x198c.jpeg?signature=CD5AFA2A9DDE2DEF54E8B8B18191AB30202BEAE1DB156E3FCFF1992F84421901 1x",/us/c/reptiles/lizards/crested-geckos/2624371,,"https://d20zyr0oabjxc2.cloudfront.net/variants/media/raw_images/crittercovefl/2024/10/20241003010055.712-IMG_0040-396x396c.jpeg?signature=CE6F44ACE5F7E133F26B1CA7205B2E2E50D482E4A8460D5B6660EAF4D583B910 2x, https://d20zyr0oabjxc2.cloudfront.net/variants/media/raw_images/crittercovefl/2024/10/20241003010055.712-IMG_0040-198x198c.jpeg?signature=CD5AFA2A9DDE2DEF54E8B8B18191AB30202BEAE1DB156E3FCFF1992F84421901 1x"
Red pinstripe Empty Back White Out Soft Scale,Red pinstripe,"https://d20zyr0oabjxc2.cloudfront.net/variants/media/raw_images/crittercovefl/2024/10/20241003005603.919-IMG_0029-396x396c.jpeg?signature=3DF01B0E8CC86BC5B2CC156C1EADC8C60EF8531DB1E5A2B4D759EADA9B5AD523 2x, https://d20zyr0oabjxc2.cloudfront.net/variants/media/raw_images/crittercovefl/2024/10/20241003005603.919-IMG_0029-198x198c.jpeg?signature=87E875C3DCBD8DB39BC911C3FC61907B882132768EDB902B316DB0E3DB007222 1x",/us/c/reptiles/lizards/crested-geckos/2624355,,"https://d20zyr0oabjxc2.cloudfront.net/variants/media/raw_images/crittercovefl/2024/10/20241003005603.919-IMG_0029-396x396c.jpeg?signature=3DF01B0E8CC86BC5B2CC156C1EADC8C60EF8531DB1E5A2B4D759EADA9B5AD523 2x, https://d20zyr0oabjxc2.cloudfront.net/variants/media/raw_images/crittercovefl/2024/10/20241003005603.919-IMG_0029-198x198c.jpeg?signature=87E875C3DCBD8DB39BC911C3FC61907B882132768EDB902B316DB0E3DB007222 1x"
Orange Partial pinstripe,pinstripe,"https://d20zyr0oabjxc2.cloudfront.net/variants/media/raw_images/darklanterncresteds/2024/09/20240926233045.964-IMG_9436-396x396c.jpeg?signature=EAF51D8C19CB85CDE68C93694014EA7CA18191A0AD63B647181E64292B920420 2x, https://d20zyr0oabjxc2.cloudfront.net/variants/media/raw_images/darklanterncresteds/2024/09/20240926233045.964-IMG_9436-198x198c.jpeg?signature=A952FDFF88D8000938578DDCEA4DB2113787966C17E57BB044704ED563304395 1x",/us/c/reptiles/lizards/crested-geckos/2609734,,"https://d20zyr0oabjxc2.cloudfront.net/variants/media/raw_images/darklanterncresteds/2024/09/20240926233045.964-IMG_9436-396x396c.jpeg?signature=EAF51D8C19CB85CDE68C93694014EA7CA18191A0AD63B647181E64292B920420 2x, https://d20zyr0oabjxc2.cloudfront.net/variants/media/raw_images/darklanterncresteds/2024/09/20240926233045.964-IMG_9436-198x198c.jpeg?signature=A952FDFF88D8000938578DDCEA4DB2113787966C17E57BB044704ED563304395 1x"
Orange Partial pinstripe,pinstripe,"https://d20zyr0oabjxc2.cloudfront.net/variants/media/raw_images/darklanterncresteds/2024/09/20240926232812.933-IMG_9441-396x396c.jpeg?signature=B8E1BE142CFC7EB4E0568F0BAAEAD296F5F92F9252AEFF0BADE8CB97395A35A9 2x, https://d20zyr0oabjxc2.cloudfront.net/variants/media/raw_images/darklanterncresteds/2024/09/20240926232812.933-IMG_9441-198x198c.jpeg?signature=E68B230CFD4D8D51D9C152E13A673959D84C42F94C3AB6743926D94C8344ADD5 1x",/us/c/reptiles/lizards/crested-geckos/2609729,,"https://d20zyr0oabjxc2.cloudfront.net/variants/media/raw_images/darklanterncresteds/2024/09/20240926232812.933-IMG_9441-396x396c.jpeg?signature=B8E1BE142CFC7EB4E0568F0BAAEAD296F5F92F9252AEFF0BADE8CB97395A35A9 2x, https://d20zyr0oabjxc2.cloudfront.net/variants/media/raw_images/darklanterncresteds/2024/09/20240926232812.933-IMG_9441-198x198c.jpeg?signature=E68B230CFD4D8D51D9C152E13A673959D84C42F94C3AB6743926D94C8344ADD5 1x"
Crowned Yellow pinstripe White Out Soft Scale,Yellow pinstripe,"https://d20zyr0oabjxc2.cloudfront.net/variants/media/raw_images/crittercovefl/2024/09/20240911230750.234-IMG_8831-396x396c.jpeg?signature=0FAFC9D0C8C07DF74AE8B201ED757DB18F6CEF1DBFBDD12654A34E8A8C4DFCDE 2x, https://d20zyr0oabjxc2.cloudfront.net/variants/media/raw_images/crittercovefl/2024/09/20240911230750.234-IMG_8831-198x198c.jpeg?signature=BCFF7A11F1C82E2DEFB47EDC9D65472BC75831CDBD6F55F59EBB3C69C2C51141 1x",/us/c/reptiles/lizards/crested-geckos/2572274,,"https://d20zyr0oabjxc2.cloudfront.net/variants/media/raw_images/crittercovefl/2024/09/20240911230750.234-IMG_8831-396x396c.jpeg?signature=0FAFC9D0C8C07DF74AE8B201ED757DB18F6CEF1DBFBDD12654A34E8A8C4DFCDE 2x, https://d20zyr0oabjxc2.cloudfront.net/variants/media/raw_images/crittercovefl/2024/09/20240911230750.234-IMG_8831-198x198c.jpeg?signature=BCFF7A11F1C82E2DEFB47EDC9D65472BC75831CDBD6F55F59EBB3C69C2C51141 1x"
pinstripe Halloween Crested Gecko #313,pinstripe,"https://d20zyr0oabjxc2.cloudfront.net/variants/media/raw_images/olympianexotics/2024/08/20240830213927.439-1000023615-396x396c.jpeg?signature=090316A2E618566BC39E9400674B744C3E33FD29732030FF0459EEF8DBD8DFAC 2x, https://d20zyr0oabjxc2.cloudfront.net/variants/media/raw_images/olympianexotics/2024/08/20240830213927.439-1000023615-198x198c.jpeg?signature=7700FB7D3F5E2D77DCEAE9F399CDFA78AE4DE8979F81781E5487BAAF85972911 1x",/us/c/reptiles/lizards/crested-geckos/2539274,,"https://d20zyr0oabjxc2.cloudfront.net/variants/media/raw_images/olympianexotics/2024/08/20240830213927.439-1000023615-396x396c.jpeg?signature=090316A2E618566BC39E9400674B744C3E33FD29732030FF0459EEF8DBD8DFAC 2x, https://d20zyr0oabjxc2.cloudfront.net/variants/media/raw_images/olympianexotics/2024/08/20240830213927.439-1000023615-198x198c.jpeg?signature=7700FB7D3F5E2D77DCEAE9F399CDFA78AE4DE8979F81781E5487BAAF85972911 1x"
Drippy pinstripe - Juvenile Female,pinstripe,"https://d20zyr0oabjxc2.cloudfront.net/variants/media/raw_images/appalachianexotics/2024/09/20240926212236.908-20240804_204452-396x396c.jpeg?signature=126354A7B65B85382AA4C81C384D27ED13651FDF0C687BDE29028F9E1C32122E 2x, https://d20zyr0oabjxc2.cloudfront.net/variants/media/raw_images/appalachianexotics/2024/09/20240926212236.908-20240804_204452-198x198c.jpeg?signature=AD99F2C623260AF1C3D35D645F2B5075AA0B5BCA15053132D2E7A619B8136509 1x",/us/c/reptiles/lizards/crested-geckos/2609381,,"https://d20zyr0oabjxc2.cloudfront.net/variants/media/raw_images/appalachianexotics/2024/09/20240926212236.908-20240804_204452-396x396c.jpeg?signature=126354A7B65B85382AA4C81C384D27ED13651FDF0C687BDE29028F9E1C32122E 2x, https://d20zyr0oabjxc2.cloudfront.net/variants/media/raw_images/appalachianexotics/2024/09/20240926212236.908-20240804_204452-198x198c.jpeg?signature=AD99F2C623260AF1C3D35D645F2B5075AA0B5BCA15053132D2E7A619B8136509 1x"
50% Het Funky Partial pinstripe,pinstripe,"https://d20zyr0oabjxc2.cloudfront.net/variants/media/raw_images/casey72596/2024/10/20241023212507.229-DSC_0536-396x396c.jpeg?signature=4F8CE2C87AB82A6B968150A1D0E1EEF63A5CD9E8CB6D5E531B942EE605E0F681 2x, https://d20zyr0oabjxc2.cloudfront.net/variants/media/raw_images/casey72596/2024/10/20241023212507.229-DSC_0536-198x198c.jpeg?signature=9484ECB7CD3BFC49EA4371437B2ED31064D0AABB16AC82F3BCC35D975736C710 1x",/us/c/reptiles/lizards/crested-geckos/2672537,,"https://d20zyr0oabjxc2.cloudfront.net/variants/media/raw_images/casey72596/2024/10/20241023212507.229-DSC_0536-396x396c.jpeg?signature=4F8CE2C87AB82A6B968150A1D0E1EEF63A5CD9E8CB6D5E531B942EE605E0F681 2x, https://d20zyr0oabjxc2.cloudfront.net/variants/media/raw_images/casey72596/2024/10/20241023212507.229-DSC_0536-198x198c.jpeg?signature=9484ECB7CD3BFC49EA4371437B2ED31064D0AABB16AC82F3BCC35D975736C710 1x"
pinstripe *Holdback Release*,pinstripe,"https://d20zyr0oabjxc2.cloudfront.net/variants/media/raw_images/celestialexoticsus/2024/08/20240825184430.440-DSC06028-396x396c.jpeg?signature=E6AB10F689912D4D372672AC1824A0E0DCE621719F5AED7738B02AA254431B08 2x, https://d20zyr0oabjxc2.cloudfront.net/variants/media/raw_images/celestialexoticsus/2024/08/20240825184430.440-DSC06028-198x198c.jpeg?signature=779C039007FA971FEA953D74541B276B903C25615F5E1627688AD3E6E7F6548F 1x",/us/c/reptiles/lizards/crested-geckos/2334537,,"https://d20zyr0oabjxc2.cloudfront.net/variants/media/raw_images/celestialexoticsus/2024/08/20240825184430.440-DSC06028-396x396c.jpeg?signature=E6AB10F689912D4D372672AC1824A0E0DCE621719F5AED7738B02AA254431B08 2x, https://d20zyr0oabjxc2.cloudfront.net/variants/media/raw_images/celestialexoticsus/2024/08/20240825184430.440-DSC06028-198x198c.jpeg?signature=779C039007FA971FEA953D74541B276B903C25615F5E1627688AD3E6E7F6548F 1x"
Lavendar pinstripe Crested Gecko,pinstripe,"https://d20zyr0oabjxc2.cloudfront.net/variants/media/raw_images/bertopiageckos/2024/07/20240724031753.279-IMG_0443-396x396c.jpeg?signature=4A28EB300FCE7C2FA8E485C10784FF9096B84898796831F6B9FCD8B284704887 2x, https://d20zyr0oabjxc2.cloudfront.net/variants/media/raw_images/bertopiageckos/2024/07/20240724031753.279-IMG_0443-198x198c.jpeg?signature=5D7BA4F4A0A6A4D8A0F5C66F84D47E80EFF2FE59DD3E9279650FF9D2607B732B 1x",/us/c/reptiles/lizards/crested-geckos/2348437,,"https://d20zyr0oabjxc2.cloudfront.net/variants/media/raw_images/bertopiageckos/2024/07/20240724031753.279-IMG_0443-396x396c.jpeg?signature=4A28EB300FCE7C2FA8E485C10784FF9096B84898796831F6B9FCD8B284704887 2x, https://d20zyr0oabjxc2.cloudfront.net/variants/media/raw_images/bertopiageckos/2024/07/20240724031753.279-IMG_0443-198x198c.jpeg?signature=5D7BA4F4A0A6A4D8A0F5C66F84D47E80EFF2FE59DD3E9279650FF9D2607B732B 1x"
Dark Base pinstripe,Dark pinstripe,"https://d20zyr0oabjxc2.cloudfront.net/variants/media/raw_images/bertopiageckos/2024/07/20240722234317.102-IMG_0342-396x396c.jpeg?signature=722A343AC6CD791EE11EC6DC0FBC7762EBB2B4C8F86BE5528D4DB94F87BA2A8E 2x, https://d20zyr0oabjxc2.cloudfront.net/variants/media/raw_images/bertopiageckos/2024/07/20240722234317.102-IMG_0342-198x198c.jpeg?signature=AB6438F2F753632C161ED77003ACDBB774CE5C4DD721F518990D858ECBD41B65 1x",/us/c/reptiles/lizards/crested-geckos/2348314,,"https://d20zyr0oabjxc2.cloudfront.net/variants/media/raw_images/bertopiageckos/2024/07/20240722234317.102-IMG_0342-396x396c.jpeg?signature=722A343AC6CD791EE11EC6DC0FBC7762EBB2B4C8F86BE5528D4DB94F87BA2A8E 2x, https://d20zyr0oabjxc2.cloudfront.net/variants/media/raw_images/bertopiageckos/2024/07/20240722234317.102-IMG_0342-198x198c.jpeg?signature=AB6438F2F753632C161ED77003ACDBB774CE5C4DD721F518990D858ECBD41B65 1x"
pinstripe,pinstripe,"https://d20zyr0oabjxc2.cloudfront.net/variants/media/raw_images/taylor401/2024/08/20240812192623.735-IMG_2814-396x396c.jpeg?signature=71E1389ABE49EA8570352512E5860C7987A64EC4DFD18502B0497EBFF161FC7C 2x, https://d20zyr0oabjxc2.cloudfront.net/variants/media/raw_images/taylor401/2024/08/20240812192623.735-IMG_2814-198x198c.jpeg?signature=7341B2F49832F2B4AB6995E59BED59956A257C68827AEC9A5497558B9EDF2BC4 1x",/us/c/reptiles/lizards/crested-geckos/2494425,,"https://d20zyr0oabjxc2.cloudfront.net/variants/media/raw_images/taylor401/2024/08/20240812192623.735-IMG_2814-396x396c.jpeg?signature=71E1389ABE49EA8570352512E5860C7987A64EC4DFD18502B0497EBFF161FC7C 2x, https://d20zyr0oabjxc2.cloudfront.net/variants/media/raw_images/taylor401/2024/08/20240812192623.735-IMG_2814-198x198c.jpeg?signature=7341B2F49832F2B4AB6995E59BED59956A257C68827AEC9A5497558B9EDF2BC4 1x"
pinstripe,pinstripe,"https://d20zyr0oabjxc2.cloudfront.net/variants/media/raw_images/taylor401/2024/08/20240812192518.462-IMG_2806-396x396c.jpeg?signature=F46A7397E4AD73417BE0AEFC74D466128CBF41A7140D814D66C0AB89AFD9B903 2x, https://d20zyr0oabjxc2.cloudfront.net/variants/media/raw_images/taylor401/2024/08/20240812192518.462-IMG_2806-198x198c.jpeg?signature=E891675CC1779289E43BE13036151134DC9CDA7D251FAB617537B4FF9FCECBEE 1x",/us/c/reptiles/lizards/crested-geckos/2494420,,"https://d20zyr0oabjxc2.cloudfront.net/variants/media/raw_images/taylor401/2024/08/20240812192518.462-IMG_2806-396x396c.jpeg?signature=F46A7397E4AD73417BE0AEFC74D466128CBF41A7140D814D66C0AB89AFD9B903 2x, https://d20zyr0oabjxc2.cloudfront.net/variants/media/raw_images/taylor401/2024/08/20240812192518.462-IMG_2806-198x198c.jpeg?signature=E891675CC1779289E43BE13036151134DC9CDA7D251FAB617537B4FF9FCECBEE 1x"
pinstripe,pinstripe,"https://d20zyr0oabjxc2.cloudfront.net/variants/media/raw_images/taylor401/2024/08/20240812192250.44-IMG_2795-396x396c.jpeg?signature=AC44B872B89BD60997F490EBF074E9BCF917EB2059C7697E5BEF4A2F12D25189 2x, https://d20zyr0oabjxc2.cloudfront.net/variants/media/raw_images/taylor401/2024/08/20240812192250.44-IMG_2795-198x198c.jpeg?signature=87BB7BF0E3AB1906ADA60FCD16251BFD9AA4C35BE31D15E54DD9287427E9C92E 1x",/us/c/reptiles/lizards/crested-geckos/2494411,,"https://d20zyr0oabjxc2.cloudfront.net/variants/media/raw_images/taylor401/2024/08/20240812192250.44-IMG_2795-396x396c.jpeg?signature=AC44B872B89BD60997F490EBF074E9BCF917EB2059C7697E5BEF4A2F12D25189 2x, https://d20zyr0oabjxc2.cloudfront.net/variants/media/raw_images/taylor401/2024/08/20240812192250.44-IMG_2795-198x198c.jpeg?signature=87BB7BF0E3AB1906ADA60FCD16251BFD9AA4C35BE31D15E54DD9287427E9C92E 1x"
pinstripe,pinstripe,"https://d20zyr0oabjxc2.cloudfront.net/variants/media/raw_images/taylor401/2024/08/20240812192138.88-IMG_2789-396x396c.jpeg?signature=044A0882CC65F4268CD26BC64ECD6EF7A5A9186FAC09EF3D0A90ACB29D047276 2x, https://d20zyr0oabjxc2.cloudfront.net/variants/media/raw_images/taylor401/2024/08/20240812192138.88-IMG_2789-198x198c.jpeg?signature=BE7F841D03836F6E7136FDD1B2854DFECE8D3034FBFA827D61FD6BDCB18745D4 1x",/us/c/reptiles/lizards/crested-geckos/2494404,,"https://d20zyr0oabjxc2.cloudfront.net/variants/media/raw_images/taylor401/2024/08/20240812192138.88-IMG_2789-396x396c.jpeg?signature=044A0882CC65F4268CD26BC64ECD6EF7A5A9186FAC09EF3D0A90ACB29D047276 2x, https://d20zyr0oabjxc2.cloudfront.net/variants/media/raw_images/taylor401/2024/08/20240812192138.88-IMG_2789-198x198c.jpeg?signature=BE7F841D03836F6E7136FDD1B2854DFECE8D3034FBFA827D61FD6BDCB18745D4 1x"
pinstripe Portholes,pinstripe,"https://d20zyr0oabjxc2.cloudfront.net/variants/media/raw_images/taylor401/2024/08/20240812191545.596-IMG_2770-396x396c.jpeg?signature=8936A90AD355CC0168233FAA0245FB36247748CC36FF8089D0716BD29C5E7449 2x, https://d20zyr0oabjxc2.cloudfront.net/variants/media/raw_images/taylor401/2024/08/20240812191545.596-IMG_2770-198x198c.jpeg?signature=B5BEB3880ABAFAEA26F5A53995AAC23E4BB43FA4D5AC96FC769C106EFB459A13 1x",/us/c/reptiles/lizards/crested-geckos/2494386,,"https://d20zyr0oabjxc2.cloudfront.net/variants/media/raw_images/taylor401/2024/08/20240812191545.596-IMG_2770-396x396c.jpeg?signature=8936A90AD355CC0168233FAA0245FB36247748CC36FF8089D0716BD29C5E7449 2x, https://d20zyr0oabjxc2.cloudfront.net/variants/media/raw_images/taylor401/2024/08/20240812191545.596-IMG_2770-198x198c.jpeg?signature=B5BEB3880ABAFAEA26F5A53995AAC23E4BB43FA4D5AC96FC769C106EFB459A13 1x"
pinstripe,pinstripe,"https://d20zyr0oabjxc2.cloudfront.net/variants/media/raw_images/taylor401/2024/08/20240812190957.386-IMG_2753-396x396c.jpeg?signature=42BE0E58B33BC54FC013B1955793B3DD3FAB51868090D2D76D595A6A0112179D 2x, https://d20zyr0oabjxc2.cloudfront.net/variants/media/raw_images/taylor401/2024/08/20240812190957.386-IMG_2753-198x198c.jpeg?signature=CB674D3675A5C5EC73298483020D8A8B37355558D00D46C74CFE23E2DDB58272 1x",/us/c/reptiles/lizards/crested-geckos/2494373,,"https://d20zyr0oabjxc2.cloudfront.net/variants/media/raw_images/taylor401/2024/08/20240812190957.386-IMG_2753-396x396c.jpeg?signature=42BE0E58B33BC54FC013B1955793B3DD3FAB51868090D2D76D595A6A0112179D 2x, https://d20zyr0oabjxc2.cloudfront.net/variants/media/raw_images/taylor401/2024/08/20240812190957.386-IMG_2753-198x198c.jpeg?signature=CB674D3675A5C5EC73298483020D8A8B37355558D00D46C74CFE23E2DDB58272 1x"
pinstripe Created Gecko,pinstripe,"https://d20zyr0oabjxc2.cloudfront.net/variants/media/raw_images/paramountreptiles/2024/10/20241023141746.903-1000020402-396x396c.jpeg?signature=593DFD7AFC0E19A60AD074087A3855E2057FD03F8E0C03400A739E4EAC2C5F76 2x, https://d20zyr0oabjxc2.cloudfront.net/variants/media/raw_images/paramountreptiles/2024/10/20241023141746.903-1000020402-198x198c.jpeg?signature=61233D905544DD98477533AE199EDB3FF26A33AF8DCF4147C1EBBF8FE73E30E6 1x",/us/c/reptiles/lizards/crested-geckos/2671020,,"https://d20zyr0oabjxc2.cloudfront.net/variants/media/raw_images/paramountreptiles/2024/10/20241023141746.903-1000020402-396x396c.jpeg?signature=593DFD7AFC0E19A60AD074087A3855E2057FD03F8E0C03400A739E4EAC2C5F76 2x, https://d20zyr0oabjxc2.cloudfront.net/variants/media/raw_images/paramountreptiles/2024/10/20241023141746.903-1000020402-198x198c.jpeg?signature=61233D905544DD98477533AE199EDB3FF26A33AF8DCF4147C1EBBF8FE73E30E6 1x"
Orange pinstripe Dalmatian Crested Gecko 33g Female,pinstripe Dalmatian,"https://d20zyr0oabjxc2.cloudfront.net/variants/media/raw_images/olympianexotics/2023/12/20231204052659.256-orangepinstripeDalmatian33fa-396x396c.jpeg?signature=C9C193B52D118B0AB5352033DE498B8C34900BD4468030E57E36A3FCCF139E24 2x, https://d20zyr0oabjxc2.cloudfront.net/variants/media/raw_images/olympianexotics/2023/12/20231204052659.256-orangepinstripeDalmatian33fa-198x198c.jpeg?signature=118C9B351BA180F66416E7CE2EE9D9E1790BB93A14E90F5B9E6A25113D34FE0A 1x",/us/c/reptiles/lizards/crested-geckos/2046503,,"https://d20zyr0oabjxc2.cloudfront.net/variants/media/raw_images/olympianexotics/2023/12/20231204052659.256-orangepinstripeDalmatian33fa-396x396c.jpeg?signature=C9C193B52D118B0AB5352033DE498B8C34900BD4468030E57E36A3FCCF139E24 2x, https://d20zyr0oabjxc2.cloudfront.net/variants/media/raw_images/olympianexotics/2023/12/20231204052659.256-orangepinstripeDalmatian33fa-198x198c.jpeg?signature=118C9B351BA180F66416E7CE2EE9D9E1790BB93A14E90F5B9E6A25113D34FE0A 1x"
Halloween 100% pinstripe Crested Gecko 24g Male,pinstripe,"https://d20zyr0oabjxc2.cloudfront.net/variants/media/raw_images/olympianexotics/2023/12/20231204052030.442-halpinstripe24mb-396x396c.jpeg?signature=EB95582A25273BD6FF1AE5285839D0F75D3BF3132BAD9A7FFAF4CA3F05B667E9 2x, https://d20zyr0oabjxc2.cloudfront.net/variants/media/raw_images/olympianexotics/2023/12/20231204052030.442-halpinstripe24mb-198x198c.jpeg?signature=4E26F47F504F1162C6D4CD5E8D0CF34325FF055AE5DF851BFB38D95054F370AD 1x",/us/c/reptiles/lizards/crested-geckos/2046493,,"https://d20zyr0oabjxc2.cloudfront.net/variants/media/raw_images/olympianexotics/2023/12/20231204052030.442-halpinstripe24mb-396x396c.jpeg?signature=EB95582A25273BD6FF1AE5285839D0F75D3BF3132BAD9A7FFAF4CA3F05B667E9 2x, https://d20zyr0oabjxc2.cloudfront.net/variants/media/raw_images/olympianexotics/2023/12/20231204052030.442-halpinstripe24mb-198x198c.jpeg?signature=4E26F47F504F1162C6D4CD5E8D0CF34325FF055AE5DF851BFB38D95054F370AD 1x"
DARK pinstripe Axanthic,DARK pinstripe,"https://d20zyr0oabjxc2.cloudfront.net/variants/media/raw_images/thegeckoking_inc/2024/10/20241002051628.512-IMG_9447-396x396c.jpeg?signature=F8E384F5F5150A240BD9DC440B92829709E521292CA66313D9AE13BA915057A8 2x, https://d20zyr0oabjxc2.cloudfront.net/variants/media/raw_images/thegeckoking_inc/2024/10/20241002051628.512-IMG_9447-198x198c.jpeg?signature=BFCB227F445E3CB89D77EF004034FD9E58E155AC2E66ECD0BD59E9E7392EFEAB 1x",/us/c/reptiles/lizards/crested-geckos/2622643,,"https://d20zyr0oabjxc2.cloudfront.net/variants/media/raw_images/thegeckoking_inc/2024/10/20241002051628.512-IMG_9447-396x396c.jpeg?signature=F8E384F5F5150A240BD9DC440B92829709E521292CA66313D9AE13BA915057A8 2x, https://d20zyr0oabjxc2.cloudfront.net/variants/media/raw_images/thegeckoking_inc/2024/10/20241002051628.512-IMG_9447-198x198c.jpeg?signature=BFCB227F445E3CB89D77EF004034FD9E58E155AC2E66ECD0BD59E9E7392EFEAB 1x"
Ryuk Offspring Release - High Coverage Drippy pinstripe,pinstripe,"https://d20zyr0oabjxc2.cloudfront.net/variants/media/raw_images/echo_cheng/2024/09/20240905025141.757-IMG_7593-396x396c.jpeg?signature=79ADF6B8731C4C7836CE5EE6F1E4AA88D50A6E71B1F424FFBD7FF8F368E19A3E 2x, https://d20zyr0oabjxc2.cloudfront.net/variants/media/raw_images/echo_cheng/2024/09/20240905025141.757-IMG_7593-198x198c.jpeg?signature=E928A61973EF68DB9E7CFFA30FB0E9C09703D89A044A4DC96B4DECED07D1DDCC 1x",/us/c/reptiles/lizards/crested-geckos/2554862,,"https://d20zyr0oabjxc2.cloudfront.net/variants/media/raw_images/echo_cheng/2024/09/20240905025141.757-IMG_7593-396x396c.jpeg?signature=79ADF6B8731C4C7836CE5EE6F1E4AA88D50A6E71B1F424FFBD7FF8F368E19A3E 2x, https://d20zyr0oabjxc2.cloudfront.net/variants/media/raw_images/echo_cheng/2024/09/20240905025141.757-IMG_7593-198x198c.jpeg?signature=E928A61973EF68DB9E7CFFA30FB0E9C09703D89A044A4DC96B4DECED07D1DDCC 1x"
Pelican X Danube - Creamy pinstripe,pinstripe,"https://d20zyr0oabjxc2.cloudfront.net/variants/media/raw_images/echo_cheng/2024/09/20240905024311.828-IMG_7582-396x396c.jpeg?signature=EC397F30598F3310B0A70E3985B7EACD8833E9A3131584EE59C45E1FD3EA87EF 2x, https://d20zyr0oabjxc2.cloudfront.net/variants/media/raw_images/echo_cheng/2024/09/20240905024311.828-IMG_7582-198x198c.jpeg?signature=46E6839321FF169F9B5BFE1E97BA86E547D1500BA77D51F51ABBAEC4A4100E03 1x",/us/c/reptiles/lizards/crested-geckos/2554836,,"https://d20zyr0oabjxc2.cloudfront.net/variants/media/raw_images/echo_cheng/2024/09/20240905024311.828-IMG_7582-396x396c.jpeg?signature=EC397F30598F3310B0A70E3985B7EACD8833E9A3131584EE59C45E1FD3EA87EF 2x, https://d20zyr0oabjxc2.cloudfront.net/variants/media/raw_images/echo_cheng/2024/09/20240905024311.828-IMG_7582-198x198c.jpeg?signature=46E6839321FF169F9B5BFE1E97BA86E547D1500BA77D51F51ABBAEC4A4100E03 1x"
Cream pinstripe White Wall Soft Scale,pinstripe,"https://d20zyr0oabjxc2.cloudfront.net/variants/media/raw_images/crittercovefl/2024/09/20240911022853.355-IMG_8796-396x396c.jpeg?signature=F081C0B52C101CE7FD0746B34F319E4E74137F45F7F45EE1577CA13EAA0C090A 2x, https://d20zyr0oabjxc2.cloudfront.net/variants/media/raw_images/crittercovefl/2024/09/20240911022853.355-IMG_8796-198x198c.jpeg?signature=D361DD3F93411C6EAB52B495FC61A7045A342AA350C5A4491E01B76CE788A46D 1x",/us/c/reptiles/lizards/crested-geckos/2569853,,"https://d20zyr0oabjxc2.cloudfront.net/variants/media/raw_images/crittercovefl/2024/09/20240911022853.355-IMG_8796-396x396c.jpeg?signature=F081C0B52C101CE7FD0746B34F319E4E74137F45F7F45EE1577CA13EAA0C090A 2x, https://d20zyr0oabjxc2.cloudfront.net/variants/media/raw_images/crittercovefl/2024/09/20240911022853.355-IMG_8796-198x198c.jpeg?signature=D361DD3F93411C6EAB52B495FC61A7045A342AA350C5A4491E01B76CE788A46D 1x"
NPV Yellow pinstripe,Yellow pinstripe,"https://d20zyr0oabjxc2.cloudfront.net/variants/media/raw_images/hunterh/2024/10/20241020205013.514-IMG_1057-396x396c.jpeg?signature=67A4F4608F4F36FEE3BB04D68B390DB141F59F9FFA223C2FFDD76BF631F5ABB4 2x, https://d20zyr0oabjxc2.cloudfront.net/variants/media/raw_images/hunterh/2024/10/20241020205013.514-IMG_1057-198x198c.jpeg?signature=746F7FE3238EE05A9FEEB9539260C14982BD2A9024F40F9F048F232995E23163 1x",/us/c/reptiles/lizards/crested-geckos/2607883,,"https://d20zyr0oabjxc2.cloudfront.net/variants/media/raw_images/hunterh/2024/10/20241020205013.514-IMG_1057-396x396c.jpeg?signature=67A4F4608F4F36FEE3BB04D68B390DB141F59F9FFA223C2FFDD76BF631F5ABB4 2x, https://d20zyr0oabjxc2.cloudfront.net/variants/media/raw_images/hunterh/2024/10/20241020205013.514-IMG_1057-198x198c.jpeg?signature=746F7FE3238EE05A9FEEB9539260C14982BD2A9024F40F9F048F232995E23163 1x"
pinstripe Female,pinstripe,"https://d20zyr0oabjxc2.cloudfront.net/variants/media/raw_images/celestialexoticsus/2024/09/20240929010254.23-DSC06466-396x396c.jpeg?signature=9D588266078EB6DCFD7A7A69E938539781662D595C17887044E0F149AB8C0647 2x, https://d20zyr0oabjxc2.cloudfront.net/variants/media/raw_images/celestialexoticsus/2024/09/20240929010254.23-DSC06466-198x198c.jpeg?signature=F6AD3B1B946642A5F90735A827A2B52CEF2BCC0CEB2D7F2222B1D4398155D31D 1x",/us/c/reptiles/lizards/crested-geckos/2614184,,"https://d20zyr0oabjxc2.cloudfront.net/variants/media/raw_images/celestialexoticsus/2024/09/20240929010254.23-DSC06466-396x396c.jpeg?signature=9D588266078EB6DCFD7A7A69E938539781662D595C17887044E0F149AB8C0647 2x, https://d20zyr0oabjxc2.cloudfront.net/variants/media/raw_images/celestialexoticsus/2024/09/20240929010254.23-DSC06466-198x198c.jpeg?signature=F6AD3B1B946642A5F90735A827A2B52CEF2BCC0CEB2D7F2222B1D4398155D31D 1x"
pinstripe,pinstripe,"https://d20zyr0oabjxc2.cloudfront.net/variants/media/raw_images/celestialexoticsus/2024/09/20240929003356.548-DSC06459-396x396c.jpeg?signature=F0E0752D9252CDA05FEEB5D88BCDDF3DA803E46BD4BC0F508E5189CED82767AF 2x, https://d20zyr0oabjxc2.cloudfront.net/variants/media/raw_images/celestialexoticsus/2024/09/20240929003356.548-DSC06459-198x198c.jpeg?signature=041E33BFA13C8A5795AD99A657925487C62F70FF552B78F53D50F49254CF7BC1 1x",/us/c/reptiles/lizards/crested-geckos/2614148,,"https://d20zyr0oabjxc2.cloudfront.net/variants/media/raw_images/celestialexoticsus/2024/09/20240929003356.548-DSC06459-396x396c.jpeg?signature=F0E0752D9252CDA05FEEB5D88BCDDF3DA803E46BD4BC0F508E5189CED82767AF 2x, https://d20zyr0oabjxc2.cloudfront.net/variants/media/raw_images/celestialexoticsus/2024/09/20240929003356.548-DSC06459-198x198c.jpeg?signature=041E33BFA13C8A5795AD99A657925487C62F70FF552B78F53D50F49254CF7BC1 1x"
pinstripe Female,pinstripe,"https://d20zyr0oabjxc2.cloudfront.net/variants/media/raw_images/celestialexoticsus/2024/09/20240929002048.424-DSC06445-396x396c.jpeg?signature=33617DB96C9E6F6E0515A2FC6D4C838B9816C1AD717D652406B7D31314EE21BD 2x, https://d20zyr0oabjxc2.cloudfront.net/variants/media/raw_images/celestialexoticsus/2024/09/20240929002048.424-DSC06445-198x198c.jpeg?signature=F1E4339EAA7B3884B263F14B756CE1DF4F1FAD54A747EA50A98878EC8FB333BE 1x",/us/c/reptiles/lizards/crested-geckos/2614126,,"https://d20zyr0oabjxc2.cloudfront.net/variants/media/raw_images/celestialexoticsus/2024/09/20240929002048.424-DSC06445-396x396c.jpeg?signature=33617DB96C9E6F6E0515A2FC6D4C838B9816C1AD717D652406B7D31314EE21BD 2x, https://d20zyr0oabjxc2.cloudfront.net/variants/media/raw_images/celestialexoticsus/2024/09/20240929002048.424-DSC06445-198x198c.jpeg?signature=F1E4339EAA7B3884B263F14B756CE1DF4F1FAD54A747EA50A98878EC8FB333BE 1x"
pinstripe Softscale Female,pinstripe,"https://d20zyr0oabjxc2.cloudfront.net/variants/media/raw_images/celestialexoticsus/2024/09/20240929000356.948-DSC06423-396x396c.jpeg?signature=B1344581F314E1C07B23022163BA0BE82AA8D904DAB57074D9BC44FCA9A14AE5 2x, https://d20zyr0oabjxc2.cloudfront.net/variants/media/raw_images/celestialexoticsus/2024/09/20240929000356.948-DSC06423-198x198c.jpeg?signature=EE20E171212C2E1D8EEB0B12B76874EB02A6F5558C057F929EAEBB592AB58964 1x",/us/c/reptiles/lizards/crested-geckos/2614076,,"https://d20zyr0oabjxc2.cloudfront.net/variants/media/raw_images/celestialexoticsus/2024/09/20240929000356.948-DSC06423-396x396c.jpeg?signature=B1344581F314E1C07B23022163BA0BE82AA8D904DAB57074D9BC44FCA9A14AE5 2x, https://d20zyr0oabjxc2.cloudfront.net/variants/media/raw_images/celestialexoticsus/2024/09/20240929000356.948-DSC06423-198x198c.jpeg?signature=EE20E171212C2E1D8EEB0B12B76874EB02A6F5558C057F929EAEBB592AB58964 1x"
pinstripe Male,pinstripe,"https://d20zyr0oabjxc2.cloudfront.net/variants/media/raw_images/celestialexoticsus/2024/09/20240928235644.716-DSC06422-396x396c.jpeg?signature=7F21F829B9F9B92DF7F519DD011A8C0C9B4A187AC7ECA9C2874334D1C9ED37C1 2x, https://d20zyr0oabjxc2.cloudfront.net/variants/media/raw_images/celestialexoticsus/2024/09/20240928235644.716-DSC06422-198x198c.jpeg?signature=7066A6B8854951407C09E6F49D72C9A1FC61EA949060BA7307969FD03CBFA544 1x",/us/c/reptiles/lizards/crested-geckos/2614061,,"https://d20zyr0oabjxc2.cloudfront.net/variants/media/raw_images/celestialexoticsus/2024/09/20240928235644.716-DSC06422-396x396c.jpeg?signature=7F21F829B9F9B92DF7F519DD011A8C0C9B4A187AC7ECA9C2874334D1C9ED37C1 2x, https://d20zyr0oabjxc2.cloudfront.net/variants/media/raw_images/celestialexoticsus/2024/09/20240928235644.716-DSC06422-198x198c.jpeg?signature=7066A6B8854951407C09E6F49D72C9A1FC61EA949060BA7307969FD03CBFA544 1x"
Male Lavender Solid Back pinstripe Crested Gecko Cr-2113,pinstripe,"https://d20zyr0oabjxc2.cloudfront.net/variants/media/raw_images/pangeareptile/2024/04/20240425202937.181-CR-2113Left-396x396c.jpeg?signature=DE253C855F7202DD0A576130F30A38AD8F62CFB24D257BC18D5DB56E8B95DF48 2x, https://d20zyr0oabjxc2.cloudfront.net/variants/media/raw_images/pangeareptile/2024/04/20240425202937.181-CR-2113Left-198x198c.jpeg?signature=C29826EC869C16C0AAF8662FD30235EEE75836CEAD44EFACDD856D4B47FB9B88 1x",/us/c/reptiles/lizards/crested-geckos/2294509,,"https://d20zyr0oabjxc2.cloudfront.net/variants/media/raw_images/pangeareptile/2024/04/20240425202937.181-CR-2113Left-396x396c.jpeg?signature=DE253C855F7202DD0A576130F30A38AD8F62CFB24D257BC18D5DB56E8B95DF48 2x, https://d20zyr0oabjxc2.cloudfront.net/variants/media/raw_images/pangeareptile/2024/04/20240425202937.181-CR-2113Left-198x198c.jpeg?signature=C29826EC869C16C0AAF8662FD30235EEE75836CEAD44EFACDD856D4B47FB9B88 1x"
Lavender pinstripe Proven Male,pinstripe,"https://d20zyr0oabjxc2.cloudfront.net/variants/media/raw_images/celestialexoticsus/2024/07/20240717011331.838-DSC05891-396x396c.jpeg?signature=7027070CC1B0348C8A99187386DCF5DEF08DACA6D7FEE0DDDB198172F16542EA 2x, https://d20zyr0oabjxc2.cloudfront.net/variants/media/raw_images/celestialexoticsus/2024/07/20240717011331.838-DSC05891-198x198c.jpeg?signature=1FE24C04DB4809E583A77B1CAAF822A22A038DC4171C33416B0D6C598CA7CDE8 1x",/us/c/reptiles/lizards/crested-geckos/2436110,,"https://d20zyr0oabjxc2.cloudfront.net/variants/media/raw_images/celestialexoticsus/2024/07/20240717011331.838-DSC05891-396x396c.jpeg?signature=7027070CC1B0348C8A99187386DCF5DEF08DACA6D7FEE0DDDB198172F16542EA 2x, https://d20zyr0oabjxc2.cloudfront.net/variants/media/raw_images/celestialexoticsus/2024/07/20240717011331.838-DSC05891-198x198c.jpeg?signature=1FE24C04DB4809E583A77B1CAAF822A22A038DC4171C33416B0D6C598CA7CDE8 1x"
Tangerine pinstripe,pinstripe,"https://d20zyr0oabjxc2.cloudfront.net/variants/media/raw_images/wacky_menagerie/2024/09/20240925153029.547-IMG_1064-396x396c.jpeg?signature=26F31C414E7F66FFC4D323834E0B242DAAA0B9321527AA11F3CC72743116BE26 2x, https://d20zyr0oabjxc2.cloudfront.net/variants/media/raw_images/wacky_menagerie/2024/09/20240925153029.547-IMG_1064-198x198c.jpeg?signature=AF45731CC84A1FE16268741DF98DCF74D8040CE10CBF92A4E5BD29641D0D8495 1x",/us/c/reptiles/lizards/crested-geckos/2606157,,"https://d20zyr0oabjxc2.cloudfront.net/variants/media/raw_images/wacky_menagerie/2024/09/20240925153029.547-IMG_1064-396x396c.jpeg?signature=26F31C414E7F66FFC4D323834E0B242DAAA0B9321527AA11F3CC72743116BE26 2x, https://d20zyr0oabjxc2.cloudfront.net/variants/media/raw_images/wacky_menagerie/2024/09/20240925153029.547-IMG_1064-198x198c.jpeg?signature=AF45731CC84A1FE16268741DF98DCF74D8040CE10CBF92A4E5BD29641D0D8495 1x"
🌸 Red pinstripe Quadstripe ✈️ *FREE SHIP*,Red pinstripe,"https://d20zyr0oabjxc2.cloudfront.net/variants/media/raw_images/glowinggeckosllc/2024/09/20240902233608.412-CavYu040924bF3one-396x396c.jpeg?signature=5A41891C4608DCFC3612B8152029DA3BC8CAABB900CABD7B3F70896498C8804E 2x, https://d20zyr0oabjxc2.cloudfront.net/variants/media/raw_images/glowinggeckosllc/2024/09/20240902233608.412-CavYu040924bF3one-198x198c.jpeg?signature=1EBAA8B6CAB6AA73D6477F542EB03C809DFE965685CC59B344ED461AF317A971 1x",/us/c/reptiles/lizards/crested-geckos/2548540,,"https://d20zyr0oabjxc2.cloudfront.net/variants/media/raw_images/glowinggeckosllc/2024/09/20240902233608.412-CavYu040924bF3one-396x396c.jpeg?signature=5A41891C4608DCFC3612B8152029DA3BC8CAABB900CABD7B3F70896498C8804E 2x, https://d20zyr0oabjxc2.cloudfront.net/variants/media/raw_images/glowinggeckosllc/2024/09/20240902233608.412-CavYu040924bF3one-198x198c.jpeg?signature=1EBAA8B6CAB6AA73D6477F542EB03C809DFE965685CC59B344ED461AF317A971 1x"
Partial pinstripe Halloween Crested Gecko,pinstripe,"https://d20zyr0oabjxc2.cloudfront.net/variants/media/raw_images/olympianexotics/2024/08/20240829072624.59-1000023293-396x396c.jpeg?signature=7432BEDB5A3FAC38D5A8A0B3788929E9D32647B99555DFD4DFFB6DC1CDE3026F 2x, https://d20zyr0oabjxc2.cloudfront.net/variants/media/raw_images/olympianexotics/2024/08/20240829072624.59-1000023293-198x198c.jpeg?signature=101ED0371C9D4A978EFC17F1E6CA8745C0F2A5B0C8456BB3A11A0D3F56560D86 1x",/us/c/reptiles/lizards/crested-geckos/2534750,,"https://d20zyr0oabjxc2.cloudfront.net/variants/media/raw_images/olympianexotics/2024/08/20240829072624.59-1000023293-396x396c.jpeg?signature=7432BEDB5A3FAC38D5A8A0B3788929E9D32647B99555DFD4DFFB6DC1CDE3026F 2x, https://d20zyr0oabjxc2.cloudfront.net/variants/media/raw_images/olympianexotics/2024/08/20240829072624.59-1000023293-198x198c.jpeg?signature=101ED0371C9D4A978EFC17F1E6CA8745C0F2A5B0C8456BB3A11A0D3F56560D86 1x"
Phantom pinstripe 25g MALE,pinstripe,"https://d20zyr0oabjxc2.cloudfront.net/variants/media/raw_images/kementariscreatures/2024/10/20241022044348.943-s153819874152004966_-396x396c.jpeg?signature=F5455AB8AD195D5F3D35F56412D7727C642B326DCC2A41BBBEBAD2205A546AC1 2x, https://d20zyr0oabjxc2.cloudfront.net/variants/media/raw_images/kementariscreatures/2024/10/20241022044348.943-s153819874152004966_-198x198c.jpeg?signature=AEF77DC54C47EB0AEA69EF8DDBEB02406461AD1086A60D5DE1D8D219EA7C59F4 1x",/us/c/reptiles/lizards/crested-geckos/2667629,,"https://d20zyr0oabjxc2.cloudfront.net/variants/media/raw_images/kementariscreatures/2024/10/20241022044348.943-s153819874152004966_-396x396c.jpeg?signature=F5455AB8AD195D5F3D35F56412D7727C642B326DCC2A41BBBEBAD2205A546AC1 2x, https://d20zyr0oabjxc2.cloudfront.net/variants/media/raw_images/kementariscreatures/2024/10/20241022044348.943-s153819874152004966_-198x198c.jpeg?signature=AEF77DC54C47EB0AEA69EF8DDBEB02406461AD1086A60D5DE1D8D219EA7C59F4 1x"
"""Ethos"" Red Base pinstripe",Red pinstripe,"https://d20zyr0oabjxc2.cloudfront.net/variants/media/raw_images/midwestmarvels/2024/10/20241002054606.593-Ethos_4086-396x396c.jpeg?signature=E232336D5491C72F25FF22ECFE6595BC2703C8BE0BF610D1DEE7DA28F0D6329E 2x, https://d20zyr0oabjxc2.cloudfront.net/variants/media/raw_images/midwestmarvels/2024/10/20241002054606.593-Ethos_4086-198x198c.jpeg?signature=92220B184254526117E8EB5DE7250B3FF6D2CADE3859E2508F3D8294545FE59D 1x",/us/c/reptiles/lizards/crested-geckos/2244299,,"https://d20zyr0oabjxc2.cloudfront.net/variants/media/raw_images/midwestmarvels/2024/10/20241002054606.593-Ethos_4086-396x396c.jpeg?signature=E232336D5491C72F25FF22ECFE6595BC2703C8BE0BF610D1DEE7DA28F0D6329E 2x, https://d20zyr0oabjxc2.cloudfront.net/variants/media/raw_images/midwestmarvels/2024/10/20241002054606.593-Ethos_4086-198x198c.jpeg?signature=92220B184254526117E8EB5DE7250B3FF6D2CADE3859E2508F3D8294545FE59D 1x"
2024 Dark pinstripe,Dark pinstripe,"https://d20zyr0oabjxc2.cloudfront.net/variants/media/raw_images/wuulfmother/2024/09/20240925000732.850-460114569_9833182301-396x396c.jpeg?signature=7B5BA673D76F1FF32F5396F065C52439B059FBEB092A6A6D99815EC91479FAE2 2x, https://d20zyr0oabjxc2.cloudfront.net/variants/media/raw_images/wuulfmother/2024/09/20240925000732.850-460114569_9833182301-198x198c.jpeg?signature=B00310912F9D0B93D4DC35ACC51A7602CDB0631458D406A6D8E8AA4DE74ECAC9 1x",/us/c/reptiles/lizards/crested-geckos/2604989,,"https://d20zyr0oabjxc2.cloudfront.net/variants/media/raw_images/wuulfmother/2024/09/20240925000732.850-460114569_9833182301-396x396c.jpeg?signature=7B5BA673D76F1FF32F5396F065C52439B059FBEB092A6A6D99815EC91479FAE2 2x, https://d20zyr0oabjxc2.cloudfront.net/variants/media/raw_images/wuulfmother/2024/09/20240925000732.850-460114569_9833182301-198x198c.jpeg?signature=B00310912F9D0B93D4DC35ACC51A7602CDB0631458D406A6D8E8AA4DE74ECAC9 1x"
2024 Whiteout pinstripe,pinstripe,"https://d20zyr0oabjxc2.cloudfront.net/variants/media/raw_images/wuulfmother/2024/09/20240925000500.769-460218762_2135037466-396x396c.jpeg?signature=698FF2DD2CFC378028459D1AD53DDF0EAD159084D99227C0C1593852340F555A 2x, https://d20zyr0oabjxc2.cloudfront.net/variants/media/raw_images/wuulfmother/2024/09/20240925000500.769-460218762_2135037466-198x198c.jpeg?signature=29A614A95E1666C9FE6171C68F4EEB0CDA8916B49AFB97B9EF67D49059C867FD 1x",/us/c/reptiles/lizards/crested-geckos/2604977,,"https://d20zyr0oabjxc2.cloudfront.net/variants/media/raw_images/wuulfmother/2024/09/20240925000500.769-460218762_2135037466-396x396c.jpeg?signature=698FF2DD2CFC378028459D1AD53DDF0EAD159084D99227C0C1593852340F555A 2x, https://d20zyr0oabjxc2.cloudfront.net/variants/media/raw_images/wuulfmother/2024/09/20240925000500.769-460218762_2135037466-198x198c.jpeg?signature=29A614A95E1666C9FE6171C68F4EEB0CDA8916B49AFB97B9EF67D49059C867FD 1x"
NPV Yellow pinstripe,Yellow pinstripe,"https://d20zyr0oabjxc2.cloudfront.net/variants/media/raw_images/hunterh/2024/10/20241021215741.905-IMG_1073-396x396c.jpeg?signature=C1DE53D3BB4CB7B2E8EB625C9FEF5A7954E615A572788819CA95F62FE82BF9DE 2x, https://d20zyr0oabjxc2.cloudfront.net/variants/media/raw_images/hunterh/2024/10/20241021215741.905-IMG_1073-198x198c.jpeg?signature=4E82CF9CECDE4375124190A2043310A7C9C98FFFEFBD25E1131DC661C98352A7 1x",/us/c/reptiles/lizards/crested-geckos/2666814,,"https://d20zyr0oabjxc2.cloudfront.net/variants/media/raw_images/hunterh/2024/10/20241021215741.905-IMG_1073-396x396c.jpeg?signature=C1DE53D3BB4CB7B2E8EB625C9FEF5A7954E615A572788819CA95F62FE82BF9DE 2x, https://d20zyr0oabjxc2.cloudfront.net/variants/media/raw_images/hunterh/2024/10/20241021215741.905-IMG_1073-198x198c.jpeg?signature=4E82CF9CECDE4375124190A2043310A7C9C98FFFEFBD25E1131DC661C98352A7 1x"
Extreme pinstripe,pinstripe,"https://d20zyr0oabjxc2.cloudfront.net/variants/media/raw_images/reptilianrec/2024/09/20240924202017.384-IMG_6801-396x396c.jpeg?signature=1D840876871D7063FE0CEA639BAA52CC9C2D7BFF4BA9C1F14973222F67FD4F16 2x, https://d20zyr0oabjxc2.cloudfront.net/variants/media/raw_images/reptilianrec/2024/09/20240924202017.384-IMG_6801-198x198c.jpeg?signature=6A400F9EBD41733BED003AA69177D7316F774B7E3924DE4025DBFF49DEF781CD 1x",/us/c/reptiles/lizards/crested-geckos/2604220,,"https://d20zyr0oabjxc2.cloudfront.net/variants/media/raw_images/reptilianrec/2024/09/20240924202017.384-IMG_6801-396x396c.jpeg?signature=1D840876871D7063FE0CEA639BAA52CC9C2D7BFF4BA9C1F14973222F67FD4F16 2x, https://d20zyr0oabjxc2.cloudfront.net/variants/media/raw_images/reptilianrec/2024/09/20240924202017.384-IMG_6801-198x198c.jpeg?signature=6A400F9EBD41733BED003AA69177D7316F774B7E3924DE4025DBFF49DEF781CD 1x"
Male Red pinstripe Crested Gecko Cr-1944,Red pinstripe,"https://d20zyr0oabjxc2.cloudfront.net/variants/media/raw_images/pangeareptile/2024/04/20240424193418.916-Cr-1944Left-396x396c.jpeg?signature=93E6DB81C8A204DAE5940055B7745081EDF8458BE26A60623CF8AA1A4F41A3C9 2x, https://d20zyr0oabjxc2.cloudfront.net/variants/media/raw_images/pangeareptile/2024/04/20240424193418.916-Cr-1944Left-198x198c.jpeg?signature=DEDEA246519CE29288F5242A6E201011EC3A96425017B284637C281942C9F08B 1x",/us/c/reptiles/lizards/crested-geckos/2292068,,"https://d20zyr0oabjxc2.cloudfront.net/variants/media/raw_images/pangeareptile/2024/04/20240424193418.916-Cr-1944Left-396x396c.jpeg?signature=93E6DB81C8A204DAE5940055B7745081EDF8458BE26A60623CF8AA1A4F41A3C9 2x, https://d20zyr0oabjxc2.cloudfront.net/variants/media/raw_images/pangeareptile/2024/04/20240424193418.916-Cr-1944Left-198x198c.jpeg?signature=DEDEA246519CE29288F5242A6E201011EC3A96425017B284637C281942C9F08B 1x"
Red Partial pinstripe,Red pinstripe,"https://d20zyr0oabjxc2.cloudfront.net/variants/media/raw_images/dsxoticreations/2024/10/20241021191555.595-image-396x396c.jpeg?signature=AEAA547832C1F27D2FD08CCAF3AF6F10ECB6F5864857AB54991E9A7D3C0AC7B0 2x, https://d20zyr0oabjxc2.cloudfront.net/variants/media/raw_images/dsxoticreations/2024/10/20241021191555.595-image-198x198c.jpeg?signature=C3D8BDCAA832AB7A21B997C16B74662A2F79318E1CFD1D93EFCC911DF6053E74 1x",/us/c/reptiles/lizards/crested-geckos/2666233,,"https://d20zyr0oabjxc2.cloudfront.net/variants/media/raw_images/dsxoticreations/2024/10/20241021191555.595-image-396x396c.jpeg?signature=AEAA547832C1F27D2FD08CCAF3AF6F10ECB6F5864857AB54991E9A7D3C0AC7B0 2x, https://d20zyr0oabjxc2.cloudfront.net/variants/media/raw_images/dsxoticreations/2024/10/20241021191555.595-image-198x198c.jpeg?signature=C3D8BDCAA832AB7A21B997C16B74662A2F79318E1CFD1D93EFCC911DF6053E74 1x"
Partial pinstripe,pinstripe,"https://d20zyr0oabjxc2.cloudfront.net/variants/media/raw_images/dsxoticreations/2024/10/20241021185557.730-image-396x396c.jpeg?signature=D2229DCBD68DD9839C635C1915A1B548B7B0FB148260038DF65BD094AF961E4C 2x, https://d20zyr0oabjxc2.cloudfront.net/variants/media/raw_images/dsxoticreations/2024/10/20241021185557.730-image-198x198c.jpeg?signature=1F211E32F4C91D437738078D5AAA7584EE8E561762BFB3614B67EDF8B0CBA484 1x",/us/c/reptiles/lizards/crested-geckos/2666154,,"https://d20zyr0oabjxc2.cloudfront.net/variants/media/raw_images/dsxoticreations/2024/10/20241021185557.730-image-396x396c.jpeg?signature=D2229DCBD68DD9839C635C1915A1B548B7B0FB148260038DF65BD094AF961E4C 2x, https://d20zyr0oabjxc2.cloudfront.net/variants/media/raw_images/dsxoticreations/2024/10/20241021185557.730-image-198x198c.jpeg?signature=1F211E32F4C91D437738078D5AAA7584EE8E561762BFB3614B67EDF8B0CBA484 1x"
Female Extreme Reverse pinstripe Crested Gecko Cr-1902,pinstripe,"https://d20zyr0oabjxc2.cloudfront.net/variants/media/raw_images/pangeareptile/2024/04/20240424175653.201-Cr-1902Left-396x396c.jpeg?signature=EE81B5286E07FD88612EF483A2DE9ADB3215554E122B0FB194EED818775E92AA 2x, https://d20zyr0oabjxc2.cloudfront.net/variants/media/raw_images/pangeareptile/2024/04/20240424175653.201-Cr-1902Left-198x198c.jpeg?signature=2E6229395CC7BF58A59F2DC6DACD1ADF3AE0FDA370D96D168429A3F3B0B16D2C 1x",/us/c/reptiles/lizards/crested-geckos/2291777,,"https://d20zyr0oabjxc2.cloudfront.net/variants/media/raw_images/pangeareptile/2024/04/20240424175653.201-Cr-1902Left-396x396c.jpeg?signature=EE81B5286E07FD88612EF483A2DE9ADB3215554E122B0FB194EED818775E92AA 2x, https://d20zyr0oabjxc2.cloudfront.net/variants/media/raw_images/pangeareptile/2024/04/20240424175653.201-Cr-1902Left-198x198c.jpeg?signature=2E6229395CC7BF58A59F2DC6DACD1ADF3AE0FDA370D96D168429A3F3B0B16D2C 1x"
Female White Wall pinstripe Crested Gecko Cr-1865,pinstripe,"https://d20zyr0oabjxc2.cloudfront.net/variants/media/raw_images/pangeareptile/2024/01/20240125151518.686-Cr-1865Left-396x396c.jpeg?signature=1FB19171F5B05E0719B8BDDA1060BBF9870739158CC5EEA97A590149A2EF8E95 2x, https://d20zyr0oabjxc2.cloudfront.net/variants/media/raw_images/pangeareptile/2024/01/20240125151518.686-Cr-1865Left-198x198c.jpeg?signature=7FD6C41879F65F82A8E8428905773E284BD230937F275F2A225E497A8FE4E322 1x",/us/c/reptiles/lizards/crested-geckos/2129905,,"https://d20zyr0oabjxc2.cloudfront.net/variants/media/raw_images/pangeareptile/2024/01/20240125151518.686-Cr-1865Left-396x396c.jpeg?signature=1FB19171F5B05E0719B8BDDA1060BBF9870739158CC5EEA97A590149A2EF8E95 2x, https://d20zyr0oabjxc2.cloudfront.net/variants/media/raw_images/pangeareptile/2024/01/20240125151518.686-Cr-1865Left-198x198c.jpeg?signature=7FD6C41879F65F82A8E8428905773E284BD230937F275F2A225E497A8FE4E322 1x"
Proven Red pinstripe Male,Red pinstripe,"https://d20zyr0oabjxc2.cloudfront.net/variants/media/raw_images/rachel_apph/2024/09/20240923193608.788-1000014682-396x396c.jpeg?signature=A63A2E0F508A874DFC9936E51BA115B101F779E4FACE95045F74AC151B62FED2 2x, https://d20zyr0oabjxc2.cloudfront.net/variants/media/raw_images/rachel_apph/2024/09/20240923193608.788-1000014682-198x198c.jpeg?signature=7F6F1A4B88B8A19FB916209A5991AB28A5AD992B672D1BF121921116B86D3495 1x",/us/c/reptiles/lizards/crested-geckos/2601863,,"https://d20zyr0oabjxc2.cloudfront.net/variants/media/raw_images/rachel_apph/2024/09/20240923193608.788-1000014682-396x396c.jpeg?signature=A63A2E0F508A874DFC9936E51BA115B101F779E4FACE95045F74AC151B62FED2 2x, https://d20zyr0oabjxc2.cloudfront.net/variants/media/raw_images/rachel_apph/2024/09/20240923193608.788-1000014682-198x198c.jpeg?signature=7F6F1A4B88B8A19FB916209A5991AB28A5AD992B672D1BF121921116B86D3495 1x"
Sweet Male pinstripe,pinstripe,"https://d20zyr0oabjxc2.cloudfront.net/variants/media/raw_images/casey72596/2024/10/20241020192831.66-IMG_4731-396x396c.jpeg?signature=97E615F8A8C1410647B282C07A251AA7A0AF05176FCD1D175970A66190D84489 2x, https://d20zyr0oabjxc2.cloudfront.net/variants/media/raw_images/casey72596/2024/10/20241020192831.66-IMG_4731-198x198c.jpeg?signature=9A36345E705E065A6CBDB184B7894C8398F5AB4C4F8612959D7CA56339E1A052 1x",/us/c/reptiles/lizards/crested-geckos/2663944,,"https://d20zyr0oabjxc2.cloudfront.net/variants/media/raw_images/casey72596/2024/10/20241020192831.66-IMG_4731-396x396c.jpeg?signature=97E615F8A8C1410647B282C07A251AA7A0AF05176FCD1D175970A66190D84489 2x, https://d20zyr0oabjxc2.cloudfront.net/variants/media/raw_images/casey72596/2024/10/20241020192831.66-IMG_4731-198x198c.jpeg?signature=9A36345E705E065A6CBDB184B7894C8398F5AB4C4F8612959D7CA56339E1A052 1x"
pinstripe-NPV,pinstripe-NPV,"https://d20zyr0oabjxc2.cloudfront.net/variants/media/raw_images/anthonyace/2024/10/20241020190413.897-1000042365-396x396c.jpeg?signature=5B566A0F4245AA41BAC01FD1D36603F687998EE6814694E503F1A459FF8265F1 2x, https://d20zyr0oabjxc2.cloudfront.net/variants/media/raw_images/anthonyace/2024/10/20241020190413.897-1000042365-198x198c.jpeg?signature=BCF97BD13702CB58935CC2F7D46E649234259338DA582925EC647B4D3B3A2176 1x",/us/c/reptiles/lizards/crested-geckos/2663890,,"https://d20zyr0oabjxc2.cloudfront.net/variants/media/raw_images/anthonyace/2024/10/20241020190413.897-1000042365-396x396c.jpeg?signature=5B566A0F4245AA41BAC01FD1D36603F687998EE6814694E503F1A459FF8265F1 2x, https://d20zyr0oabjxc2.cloudfront.net/variants/media/raw_images/anthonyace/2024/10/20241020190413.897-1000042365-198x198c.jpeg?signature=BCF97BD13702CB58935CC2F7D46E649234259338DA582925EC647B4D3B3A2176 1x"
Yellow pinstripe Crested Gecko,Yellow pinstripe,"https://d20zyr0oabjxc2.cloudfront.net/variants/media/raw_images/bbscrestedgeckos/2024/08/20240827182956.74-IMG_5926-396x396c.jpeg?signature=16B80108F114123F463A3664A0906A0664D0B8A3EF3E19929EAD8DB330715095 2x, https://d20zyr0oabjxc2.cloudfront.net/variants/media/raw_images/bbscrestedgeckos/2024/08/20240827182956.74-IMG_5926-198x198c.jpeg?signature=5BAB4DEED18196C3EA35A791BB475563B850AC64F1EB152AD82E41A0E817AE43 1x",/us/c/reptiles/lizards/crested-geckos/2530537,,"https://d20zyr0oabjxc2.cloudfront.net/variants/media/raw_images/bbscrestedgeckos/2024/08/20240827182956.74-IMG_5926-396x396c.jpeg?signature=16B80108F114123F463A3664A0906A0664D0B8A3EF3E19929EAD8DB330715095 2x, https://d20zyr0oabjxc2.cloudfront.net/variants/media/raw_images/bbscrestedgeckos/2024/08/20240827182956.74-IMG_5926-198x198c.jpeg?signature=5BAB4DEED18196C3EA35A791BB475563B850AC64F1EB152AD82E41A0E817AE43 1x"
Chocolate And Cream Full pinstripe,pinstripe,"https://d20zyr0oabjxc2.cloudfront.net/variants/media/raw_images/valisfishing75/2024/02/20240219153133.55-IMG_3419-396x396c.jpeg?signature=4DE036A55D6C0D6E7004889FBD01D1ECEF664869AF1618AE1CEAAA48F6CB4BCD 2x, https://d20zyr0oabjxc2.cloudfront.net/variants/media/raw_images/valisfishing75/2024/02/20240219153133.55-IMG_3419-198x198c.jpeg?signature=E0CFBF1689369DBE2A1FDA197F4055786F116FE76EAA9637C15CD9F9C1703C04 1x",/us/c/reptiles/lizards/crested-geckos/1998285,,"https://d20zyr0oabjxc2.cloudfront.net/variants/media/raw_images/valisfishing75/2024/02/20240219153133.55-IMG_3419-396x396c.jpeg?signature=4DE036A55D6C0D6E7004889FBD01D1ECEF664869AF1618AE1CEAAA48F6CB4BCD 2x, https://d20zyr0oabjxc2.cloudfront.net/variants/media/raw_images/valisfishing75/2024/02/20240219153133.55-IMG_3419-198x198c.jpeg?signature=E0CFBF1689369DBE2A1FDA197F4055786F116FE76EAA9637C15CD9F9C1703C04 1x"
Phantom pinstripe Possible Red,pinstripe Red,"https://d20zyr0oabjxc2.cloudfront.net/variants/media/raw_images/valisfishing75/2024/02/20240218210215.810-IMG_3406-396x396c.jpeg?signature=8234B01501CE1823ADB751896754BCC20510FAA5EEE2EAB17F3D33EF40965259 2x, https://d20zyr0oabjxc2.cloudfront.net/variants/media/raw_images/valisfishing75/2024/02/20240218210215.810-IMG_3406-198x198c.jpeg?signature=286634613BFF3C5B31CF92DCFDF78593AA000CDD419D8020E776254803BB999D 1x",/us/c/reptiles/lizards/crested-geckos/2176760,,"https://d20zyr0oabjxc2.cloudfront.net/variants/media/raw_images/valisfishing75/2024/02/20240218210215.810-IMG_3406-396x396c.jpeg?signature=8234B01501CE1823ADB751896754BCC20510FAA5EEE2EAB17F3D33EF40965259 2x, https://d20zyr0oabjxc2.cloudfront.net/variants/media/raw_images/valisfishing75/2024/02/20240218210215.810-IMG_3406-198x198c.jpeg?signature=286634613BFF3C5B31CF92DCFDF78593AA000CDD419D8020E776254803BB999D 1x"
Phantom pinstripe,pinstripe,"https://d20zyr0oabjxc2.cloudfront.net/variants/media/raw_images/valisfishing75/2024/02/20240218181205.493-IMG_3358-396x396c.jpeg?signature=CC087D64384EC606D7DAE19E9342A5196287CA237E1C01532A3D0CE4AC6BD2B0 2x, https://d20zyr0oabjxc2.cloudfront.net/variants/media/raw_images/valisfishing75/2024/02/20240218181205.493-IMG_3358-198x198c.jpeg?signature=CAF2445D0E7C2C0F61D9659A3B78560BF09941BF320B24008F29E5D75E22F7BA 1x",/us/c/reptiles/lizards/crested-geckos/1998317,,"https://d20zyr0oabjxc2.cloudfront.net/variants/media/raw_images/valisfishing75/2024/02/20240218181205.493-IMG_3358-396x396c.jpeg?signature=CC087D64384EC606D7DAE19E9342A5196287CA237E1C01532A3D0CE4AC6BD2B0 2x, https://d20zyr0oabjxc2.cloudfront.net/variants/media/raw_images/valisfishing75/2024/02/20240218181205.493-IMG_3358-198x198c.jpeg?signature=CAF2445D0E7C2C0F61D9659A3B78560BF09941BF320B24008F29E5D75E22F7BA 1x"
Yellow And Cream Partial pinstripe,Yellow pinstripe,"https://d20zyr0oabjxc2.cloudfront.net/variants/media/raw_images/valisfishing75/2024/02/20240218162337.599-IMG_3272-396x396c.jpeg?signature=2794B89B83B25371531FD02AB6B66475AA2B55FD38764709D3B8F301D052F88B 2x, https://d20zyr0oabjxc2.cloudfront.net/variants/media/raw_images/valisfishing75/2024/02/20240218162337.599-IMG_3272-198x198c.jpeg?signature=900A8679A21FF1E575710EB64D6694FDD4F7BFC0D8E16536E923FB0CB80A38A4 1x",/us/c/reptiles/lizards/crested-geckos/2175959,,"https://d20zyr0oabjxc2.cloudfront.net/variants/media/raw_images/valisfishing75/2024/02/20240218162337.599-IMG_3272-396x396c.jpeg?signature=2794B89B83B25371531FD02AB6B66475AA2B55FD38764709D3B8F301D052F88B 2x, https://d20zyr0oabjxc2.cloudfront.net/variants/media/raw_images/valisfishing75/2024/02/20240218162337.599-IMG_3272-198x198c.jpeg?signature=900A8679A21FF1E575710EB64D6694FDD4F7BFC0D8E16536E923FB0CB80A38A4 1x"
Dark Base pinstripe,Dark pinstripe,"https://d20zyr0oabjxc2.cloudfront.net/variants/media/raw_images/valisfishing75/2024/02/20240219160852.794-IMG_3443-396x396c.jpeg?signature=2391EDA62CC53D8343F45153B7280FE229E5C4B784D8EE736F5A0349C6C00693 2x, https://d20zyr0oabjxc2.cloudfront.net/variants/media/raw_images/valisfishing75/2024/02/20240219160852.794-IMG_3443-198x198c.jpeg?signature=C7D1C71C8848B9D905FBCE333FA12CAD752CF2262B3581D3692279F901D48A40 1x",/us/c/reptiles/lizards/crested-geckos/2178291,,"https://d20zyr0oabjxc2.cloudfront.net/variants/media/raw_images/valisfishing75/2024/02/20240219160852.794-IMG_3443-396x396c.jpeg?signature=2391EDA62CC53D8343F45153B7280FE229E5C4B784D8EE736F5A0349C6C00693 2x, https://d20zyr0oabjxc2.cloudfront.net/variants/media/raw_images/valisfishing75/2024/02/20240219160852.794-IMG_3443-198x198c.jpeg?signature=C7D1C71C8848B9D905FBCE333FA12CAD752CF2262B3581D3692279F901D48A40 1x"
Dark Base pinstripe,Dark pinstripe,"https://d20zyr0oabjxc2.cloudfront.net/variants/media/raw_images/valisfishing75/2024/02/20240219161152.268-IMG_3434-396x396c.jpeg?signature=7669A2A2DE2A022AB93455E1A9BE2B10681EBFBD4780B9D3C507778D1EB589DE 2x, https://d20zyr0oabjxc2.cloudfront.net/variants/media/raw_images/valisfishing75/2024/02/20240219161152.268-IMG_3434-198x198c.jpeg?signature=B833D8CE37499462E3A5D84FD6089FBC4E00B39E0D179BA2CB96B52E0128064A 1x",/us/c/reptiles/lizards/crested-geckos/2178301,,"https://d20zyr0oabjxc2.cloudfront.net/variants/media/raw_images/valisfishing75/2024/02/20240219161152.268-IMG_3434-396x396c.jpeg?signature=7669A2A2DE2A022AB93455E1A9BE2B10681EBFBD4780B9D3C507778D1EB589DE 2x, https://d20zyr0oabjxc2.cloudfront.net/variants/media/raw_images/valisfishing75/2024/02/20240219161152.268-IMG_3434-198x198c.jpeg?signature=B833D8CE37499462E3A5D84FD6089FBC4E00B39E0D179BA2CB96B52E0128064A 1x"
"Uninsurable, pinstripe Quadstripe Dark Based Dalmatian RTB Male Crested Gecko",pinstripe Dark Dalmatian,"https://d20zyr0oabjxc2.cloudfront.net/variants/media/raw_images/smugbug/2024/09/20240908163019.339-Uninsurableleft-396x396c.jpeg?signature=875DB5D451A93B01D0BC56AD3D20E0A32D4C598E118566116B378E5DCF2A13F0 2x, https://d20zyr0oabjxc2.cloudfront.net/variants/media/raw_images/smugbug/2024/09/20240908163019.339-Uninsurableleft-198x198c.jpeg?signature=77E3E03EFCE7073E3F60FE39724B18AB6095A6D9B114505B8932B112980CF723 1x",/us/c/reptiles/lizards/crested-geckos/2563093,,"https://d20zyr0oabjxc2.cloudfront.net/variants/media/raw_images/smugbug/2024/09/20240908163019.339-Uninsurableleft-396x396c.jpeg?signature=875DB5D451A93B01D0BC56AD3D20E0A32D4C598E118566116B378E5DCF2A13F0 2x, https://d20zyr0oabjxc2.cloudfront.net/variants/media/raw_images/smugbug/2024/09/20240908163019.339-Uninsurableleft-198x198c.jpeg?signature=77E3E03EFCE7073E3F60FE39724B18AB6095A6D9B114505B8932B112980CF723 1x"
High Contrast pinstripe Crested Gecko 8g,pinstripe,"https://d20zyr0oabjxc2.cloudfront.net/variants/media/raw_images/olympianexotics/2023/12/20231201081507.576-hiconcrestie8a-396x396c.jpeg?signature=2DD11C687CC54E9EF6D1F46797A69B929897E76803A7028D03F10C03125E75E5 2x, https://d20zyr0oabjxc2.cloudfront.net/variants/media/raw_images/olympianexotics/2023/12/20231201081507.576-hiconcrestie8a-198x198c.jpeg?signature=971726CC9C18EB4B0CC8DF6AA762262327068C1DF0688681654DF6C949BE8C7D 1x",/us/c/reptiles/lizards/crested-geckos/2041807,,"https://d20zyr0oabjxc2.cloudfront.net/variants/media/raw_images/olympianexotics/2023/12/20231201081507.576-hiconcrestie8a-396x396c.jpeg?signature=2DD11C687CC54E9EF6D1F46797A69B929897E76803A7028D03F10C03125E75E5 2x, https://d20zyr0oabjxc2.cloudfront.net/variants/media/raw_images/olympianexotics/2023/12/20231201081507.576-hiconcrestie8a-198x198c.jpeg?signature=971726CC9C18EB4B0CC8DF6AA762262327068C1DF0688681654DF6C949BE8C7D 1x"
Dark Base Lilly White pinstripe Crested Gecko #71,Dark pinstripe,"https://d20zyr0oabjxc2.cloudfront.net/variants/media/raw_images/olympianexotics/2023/10/20231026073912.246-lilly10g71a-396x396c.jpeg?signature=0CD1475E7FAD777D2A47FA53225F8D9249F95BC2AD4681314BE7F47F25541D41 2x, https://d20zyr0oabjxc2.cloudfront.net/variants/media/raw_images/olympianexotics/2023/10/20231026073912.246-lilly10g71a-198x198c.jpeg?signature=7F7F53A091AC0E2D756F8C7EA1E9C4D35C337DC566EC1BAF3A5671BDE69FD0D8 1x",/us/c/reptiles/lizards/crested-geckos/1960920,,"https://d20zyr0oabjxc2.cloudfront.net/variants/media/raw_images/olympianexotics/2023/10/20231026073912.246-lilly10g71a-396x396c.jpeg?signature=0CD1475E7FAD777D2A47FA53225F8D9249F95BC2AD4681314BE7F47F25541D41 2x, https://d20zyr0oabjxc2.cloudfront.net/variants/media/raw_images/olympianexotics/2023/10/20231026073912.246-lilly10g71a-198x198c.jpeg?signature=7F7F53A091AC0E2D756F8C7EA1E9C4D35C337DC566EC1BAF3A5671BDE69FD0D8 1x"
pinstripe Dark Lineage,pinstripe Dark,"https://d20zyr0oabjxc2.cloudfront.net/variants/media/raw_images/rhactasticrhacs/2024/10/20241020064917.531-IMG_6999-396x396c.jpeg?signature=5EC8C2286B9C2FCD5C84579C6670E83605B630131B87FD5239078C5119AF516F 2x, https://d20zyr0oabjxc2.cloudfront.net/variants/media/raw_images/rhactasticrhacs/2024/10/20241020064917.531-IMG_6999-198x198c.jpeg?signature=6833F8383604FDAEE72EE22212CB1BD9D9B51486B4013C84D1ABE1672044FE21 1x",/us/c/reptiles/lizards/crested-geckos/2662664,,"https://d20zyr0oabjxc2.cloudfront.net/variants/media/raw_images/rhactasticrhacs/2024/10/20241020064917.531-IMG_6999-396x396c.jpeg?signature=5EC8C2286B9C2FCD5C84579C6670E83605B630131B87FD5239078C5119AF516F 2x, https://d20zyr0oabjxc2.cloudfront.net/variants/media/raw_images/rhactasticrhacs/2024/10/20241020064917.531-IMG_6999-198x198c.jpeg?signature=6833F8383604FDAEE72EE22212CB1BD9D9B51486B4013C84D1ABE1672044FE21 1x"
Orange pinstripe Dalmatian Crested Gecko,pinstripe Dalmatian,"https://d20zyr0oabjxc2.cloudfront.net/variants/media/raw_images/olympianexotics/2023/09/20230902042346.685-ogpinstripeDalmatian14b-396x396c.jpeg?signature=BF1F029E9A547F37C9DE018F563D3CF7D432DB1D390101358C283030839F4FFE 2x, https://d20zyr0oabjxc2.cloudfront.net/variants/media/raw_images/olympianexotics/2023/09/20230902042346.685-ogpinstripeDalmatian14b-198x198c.jpeg?signature=08CC698C2270212908E43033CC3A4AADB588E90AAA3580F19CD593CAC27E205A 1x",/us/c/reptiles/lizards/crested-geckos/1824407,,"https://d20zyr0oabjxc2.cloudfront.net/variants/media/raw_images/olympianexotics/2023/09/20230902042346.685-ogpinstripeDalmatian14b-396x396c.jpeg?signature=BF1F029E9A547F37C9DE018F563D3CF7D432DB1D390101358C283030839F4FFE 2x, https://d20zyr0oabjxc2.cloudfront.net/variants/media/raw_images/olympianexotics/2023/09/20230902042346.685-ogpinstripeDalmatian14b-198x198c.jpeg?signature=08CC698C2270212908E43033CC3A4AADB588E90AAA3580F19CD593CAC27E205A 1x"
Red pinstripe Dalmatian Crested Gecko #437,Red pinstripe Dalmatian,"https://d20zyr0oabjxc2.cloudfront.net/variants/media/raw_images/olympianexotics/2024/05/20240511032818.980-1000009574-396x396c.jpeg?signature=1C3917D51211D593133E5F06C3900D4E3BC7A6DBF8F8C51D68C5B8E3B8F9FD15 2x, https://d20zyr0oabjxc2.cloudfront.net/variants/media/raw_images/olympianexotics/2024/05/20240511032818.980-1000009574-198x198c.jpeg?signature=93986E9AE785FFC5A8889846C5BA157CFEF4FCB61C4593770F5FE11755768575 1x",/us/c/reptiles/lizards/crested-geckos/2320675,,"https://d20zyr0oabjxc2.cloudfront.net/variants/media/raw_images/olympianexotics/2024/05/20240511032818.980-1000009574-396x396c.jpeg?signature=1C3917D51211D593133E5F06C3900D4E3BC7A6DBF8F8C51D68C5B8E3B8F9FD15 2x, https://d20zyr0oabjxc2.cloudfront.net/variants/media/raw_images/olympianexotics/2024/05/20240511032818.980-1000009574-198x198c.jpeg?signature=93986E9AE785FFC5A8889846C5BA157CFEF4FCB61C4593770F5FE11755768575 1x"
Awesome Structure Whitewall pinstripe,pinstripe,"https://d20zyr0oabjxc2.cloudfront.net/variants/media/raw_images/gemgirlwv/2024/09/20240926005050.647-2024-05-0212.27.56-396x396c.jpeg?signature=ABFEC811C9257D86670FF39EF62A2A4737E8372C1ADB202B939DFF3D686E37F6 2x, https://d20zyr0oabjxc2.cloudfront.net/variants/media/raw_images/gemgirlwv/2024/09/20240926005050.647-2024-05-0212.27.56-198x198c.jpeg?signature=BD8F4DB9F71B7028AF1A57A6AD2560FA4C47FF53067BA8C4C7AE4B4A075ADF23 1x",/us/c/reptiles/lizards/crested-geckos/2607646,,"https://d20zyr0oabjxc2.cloudfront.net/variants/media/raw_images/gemgirlwv/2024/09/20240926005050.647-2024-05-0212.27.56-396x396c.jpeg?signature=ABFEC811C9257D86670FF39EF62A2A4737E8372C1ADB202B939DFF3D686E37F6 2x, https://d20zyr0oabjxc2.cloudfront.net/variants/media/raw_images/gemgirlwv/2024/09/20240926005050.647-2024-05-0212.27.56-198x198c.jpeg?signature=BD8F4DB9F71B7028AF1A57A6AD2560FA4C47FF53067BA8C4C7AE4B4A075ADF23 1x"
Yellow Reverse pinstripe Male,Yellow pinstripe,"https://d20zyr0oabjxc2.cloudfront.net/variants/media/raw_images/morphsbyamaryllis/2024/10/20241019233415.907-IMG_7640-396x396c.jpeg?signature=EDA0BFA82EE2E6AE501476CC002DA7A3FEBC60BEA63C4CE0E35507E9F9468260 2x, https://d20zyr0oabjxc2.cloudfront.net/variants/media/raw_images/morphsbyamaryllis/2024/10/20241019233415.907-IMG_7640-198x198c.jpeg?signature=C8C271D23AA0BB7DCE4731AB1C6A8EAFC839872B40CB64D5E3D612C5474BC2E9 1x",/us/c/reptiles/lizards/crested-geckos/2662079,,"https://d20zyr0oabjxc2.cloudfront.net/variants/media/raw_images/morphsbyamaryllis/2024/10/20241019233415.907-IMG_7640-396x396c.jpeg?signature=EDA0BFA82EE2E6AE501476CC002DA7A3FEBC60BEA63C4CE0E35507E9F9468260 2x, https://d20zyr0oabjxc2.cloudfront.net/variants/media/raw_images/morphsbyamaryllis/2024/10/20241019233415.907-IMG_7640-198x198c.jpeg?signature=C8C271D23AA0BB7DCE4731AB1C6A8EAFC839872B40CB64D5E3D612C5474BC2E9 1x"
Yellow Quadstripe 100% pinstripe,Yellow pinstripe,"https://d20zyr0oabjxc2.cloudfront.net/variants/media/raw_images/thegeckodepotcompany/2024/02/20240216213239.653-IMG_8038-396x396c.jpeg?signature=A3E655FD04C2FAC27B1FE717C0633A74E6971C69D7EAAE4EC12D3C43BA1E0B3F 2x, https://d20zyr0oabjxc2.cloudfront.net/variants/media/raw_images/thegeckodepotcompany/2024/02/20240216213239.653-IMG_8038-198x198c.jpeg?signature=7413ACF8893054321C32D232BC83B75958FCBCF9DCFD191742FD0CCBD9AAFF97 1x",/ca/c/reptiles/lizards/crested-geckos/2173029,,"https://d20zyr0oabjxc2.cloudfront.net/variants/media/raw_images/thegeckodepotcompany/2024/02/20240216213239.653-IMG_8038-396x396c.jpeg?signature=A3E655FD04C2FAC27B1FE717C0633A74E6971C69D7EAAE4EC12D3C43BA1E0B3F 2x, https://d20zyr0oabjxc2.cloudfront.net/variants/media/raw_images/thegeckodepotcompany/2024/02/20240216213239.653-IMG_8038-198x198c.jpeg?signature=7413ACF8893054321C32D232BC83B75958FCBCF9DCFD191742FD0CCBD9AAFF97 1x"
Male pinstripe Crested Gecko Cr-1231,pinstripe,"https://d20zyr0oabjxc2.cloudfront.net/variants/media/raw_images/pangeareptile/2023/12/20231218194256.875-CR-1231Left-396x396c.jpeg?signature=201C5979B5FF4B7859DC5CC1519BF4B7E464D0A7D903BC182C3D564B33A38C3B 2x, https://d20zyr0oabjxc2.cloudfront.net/variants/media/raw_images/pangeareptile/2023/12/20231218194256.875-CR-1231Left-198x198c.jpeg?signature=5266CC0755E76FFDA4CBF1CF699059F205B0D2E148B3439F34F145C0C817055B 1x",/us/c/reptiles/lizards/crested-geckos/2067869,,"https://d20zyr0oabjxc2.cloudfront.net/variants/media/raw_images/pangeareptile/2023/12/20231218194256.875-CR-1231Left-396x396c.jpeg?signature=201C5979B5FF4B7859DC5CC1519BF4B7E464D0A7D903BC182C3D564B33A38C3B 2x, https://d20zyr0oabjxc2.cloudfront.net/variants/media/raw_images/pangeareptile/2023/12/20231218194256.875-CR-1231Left-198x198c.jpeg?signature=5266CC0755E76FFDA4CBF1CF699059F205B0D2E148B3439F34F145C0C817055B 1x"
Male pinstripe Crested Gecko Cr-1715,pinstripe,"https://d20zyr0oabjxc2.cloudfront.net/variants/media/raw_images/pangeareptile/2023/12/20231218190640.629-Cr-1715left-396x396c.jpeg?signature=AAED4B459D46672725635B863B33984E90A3E923B884252BABA5735E64481F0F 2x, https://d20zyr0oabjxc2.cloudfront.net/variants/media/raw_images/pangeareptile/2023/12/20231218190640.629-Cr-1715left-198x198c.jpeg?signature=149C31D7A9097F847A085E536CFC31E5477E8A328423A4257859A7A5C5819B36 1x",/us/c/reptiles/lizards/crested-geckos/2067795,,"https://d20zyr0oabjxc2.cloudfront.net/variants/media/raw_images/pangeareptile/2023/12/20231218190640.629-Cr-1715left-396x396c.jpeg?signature=AAED4B459D46672725635B863B33984E90A3E923B884252BABA5735E64481F0F 2x, https://d20zyr0oabjxc2.cloudfront.net/variants/media/raw_images/pangeareptile/2023/12/20231218190640.629-Cr-1715left-198x198c.jpeg?signature=149C31D7A9097F847A085E536CFC31E5477E8A328423A4257859A7A5C5819B36 1x"
Male pinstripe Crested Gecko Cr-1225,pinstripe,"https://d20zyr0oabjxc2.cloudfront.net/variants/media/raw_images/pangeareptile/2023/12/20231218184525.351-CR-1225Left-396x396c.jpeg?signature=8CB6B323E741D7333A38E67CCC1EC787649E661D50BDFC5E4A54F338C5AAAE50 2x, https://d20zyr0oabjxc2.cloudfront.net/variants/media/raw_images/pangeareptile/2023/12/20231218184525.351-CR-1225Left-198x198c.jpeg?signature=99931A26B3189DD8D75C9C9602941789BE7CA7777D7010D173BCCDF2D889B368 1x",/us/c/reptiles/lizards/crested-geckos/2067761,,"https://d20zyr0oabjxc2.cloudfront.net/variants/media/raw_images/pangeareptile/2023/12/20231218184525.351-CR-1225Left-396x396c.jpeg?signature=8CB6B323E741D7333A38E67CCC1EC787649E661D50BDFC5E4A54F338C5AAAE50 2x, https://d20zyr0oabjxc2.cloudfront.net/variants/media/raw_images/pangeareptile/2023/12/20231218184525.351-CR-1225Left-198x198c.jpeg?signature=99931A26B3189DD8D75C9C9602941789BE7CA7777D7010D173BCCDF2D889B368 1x"
Bright Red pinstripe,Red pinstripe,"https://d20zyr0oabjxc2.cloudfront.net/variants/media/raw_images/allstar-exotics/2024/09/20240922174527.135-1A89BCEC-B7C6-4542-8-396x396c.jpeg?signature=38744BB248B399333035E4B5A0F4AC05DE582D87E71F08F45A592CB00B5DB484 2x, https://d20zyr0oabjxc2.cloudfront.net/variants/media/raw_images/allstar-exotics/2024/09/20240922174527.135-1A89BCEC-B7C6-4542-8-198x198c.jpeg?signature=0C00CBED6F46540F3625A04E862E063D05AE0BBE38DC9ADD4CE8D4B3283824EA 1x",/us/c/reptiles/lizards/crested-geckos/2599086,,"https://d20zyr0oabjxc2.cloudfront.net/variants/media/raw_images/allstar-exotics/2024/09/20240922174527.135-1A89BCEC-B7C6-4542-8-396x396c.jpeg?signature=38744BB248B399333035E4B5A0F4AC05DE582D87E71F08F45A592CB00B5DB484 2x, https://d20zyr0oabjxc2.cloudfront.net/variants/media/raw_images/allstar-exotics/2024/09/20240922174527.135-1A89BCEC-B7C6-4542-8-198x198c.jpeg?signature=0C00CBED6F46540F3625A04E862E063D05AE0BBE38DC9ADD4CE8D4B3283824EA 1x"
Awesome Dark pinstripe,Dark pinstripe,"https://d20zyr0oabjxc2.cloudfront.net/variants/media/raw_images/allstar-exotics/2024/09/20240922174246.203-72E05002-4642-4398-8-396x396c.jpeg?signature=62392A3F5315440A670CFE480C07620497AA8DD4B8B23613BA64F954C5B9F614 2x, https://d20zyr0oabjxc2.cloudfront.net/variants/media/raw_images/allstar-exotics/2024/09/20240922174246.203-72E05002-4642-4398-8-198x198c.jpeg?signature=56F5ADB8E3730B83288A21E5D278DC98271A4DDA8EF32F367CE78271058FF412 1x",/us/c/reptiles/lizards/crested-geckos/2599079,,"https://d20zyr0oabjxc2.cloudfront.net/variants/media/raw_images/allstar-exotics/2024/09/20240922174246.203-72E05002-4642-4398-8-396x396c.jpeg?signature=62392A3F5315440A670CFE480C07620497AA8DD4B8B23613BA64F954C5B9F614 2x, https://d20zyr0oabjxc2.cloudfront.net/variants/media/raw_images/allstar-exotics/2024/09/20240922174246.203-72E05002-4642-4398-8-198x198c.jpeg?signature=56F5ADB8E3730B83288A21E5D278DC98271A4DDA8EF32F367CE78271058FF412 1x"
Dark pinstripe,Dark pinstripe,"https://d20zyr0oabjxc2.cloudfront.net/variants/media/raw_images/allstar-exotics/2024/09/20240922173959.566-5FD39B25-66CF-492A-B-396x396c.jpeg?signature=A6E5D1F0114A59FF3EE670EF82A4880472395E752CA1A5B861653C21DAC0D2F5 2x, https://d20zyr0oabjxc2.cloudfront.net/variants/media/raw_images/allstar-exotics/2024/09/20240922173959.566-5FD39B25-66CF-492A-B-198x198c.jpeg?signature=6B82919BCD9E8F0EFBCF5C9CAC04033B8EC3CEBE60735A6D78CDE37CE528C292 1x",/us/c/reptiles/lizards/crested-geckos/2599071,,"https://d20zyr0oabjxc2.cloudfront.net/variants/media/raw_images/allstar-exotics/2024/09/20240922173959.566-5FD39B25-66CF-492A-B-396x396c.jpeg?signature=A6E5D1F0114A59FF3EE670EF82A4880472395E752CA1A5B861653C21DAC0D2F5 2x, https://d20zyr0oabjxc2.cloudfront.net/variants/media/raw_images/allstar-exotics/2024/09/20240922173959.566-5FD39B25-66CF-492A-B-198x198c.jpeg?signature=6B82919BCD9E8F0EFBCF5C9CAC04033B8EC3CEBE60735A6D78CDE37CE528C292 1x"
Quail- Dashed pinstripe Cappuccino,pinstripe,"https://d20zyr0oabjxc2.cloudfront.net/variants/media/raw_images/sydneysand/2024/09/20240921215702.474-IMG_6663-396x396c.jpeg?signature=C796899821665174C2D1CB67B59D5B6218BFF85A5227B22DA0CC16D648CD3C2F 2x, https://d20zyr0oabjxc2.cloudfront.net/variants/media/raw_images/sydneysand/2024/09/20240921215702.474-IMG_6663-198x198c.jpeg?signature=5446BFFF5C27FE982CA87C47D746BEBE65AACC0A3C5BA5D13674E5884348E1F6 1x",/us/c/reptiles/lizards/crested-geckos/2341343,,"https://d20zyr0oabjxc2.cloudfront.net/variants/media/raw_images/sydneysand/2024/09/20240921215702.474-IMG_6663-396x396c.jpeg?signature=C796899821665174C2D1CB67B59D5B6218BFF85A5227B22DA0CC16D648CD3C2F 2x, https://d20zyr0oabjxc2.cloudfront.net/variants/media/raw_images/sydneysand/2024/09/20240921215702.474-IMG_6663-198x198c.jpeg?signature=5446BFFF5C27FE982CA87C47D746BEBE65AACC0A3C5BA5D13674E5884348E1F6 1x"
Lavender Partial pinstripe White Out (Male),pinstripe,"https://d20zyr0oabjxc2.cloudfront.net/variants/media/raw_images/crittercovefl/2024/09/20240928152159.309-IMG_9574-396x396c.jpeg?signature=D12FE332F8FBBDED8EBAFDB04676EE40DFA8AB48A0D4759F901914206B820311 2x, https://d20zyr0oabjxc2.cloudfront.net/variants/media/raw_images/crittercovefl/2024/09/20240928152159.309-IMG_9574-198x198c.jpeg?signature=3EC522E690EA5C6C96428F0CDF15D69FE8759BF0B0426E1381C337E290AA8DBC 1x",/us/c/reptiles/lizards/crested-geckos/2612833,,"https://d20zyr0oabjxc2.cloudfront.net/variants/media/raw_images/crittercovefl/2024/09/20240928152159.309-IMG_9574-396x396c.jpeg?signature=D12FE332F8FBBDED8EBAFDB04676EE40DFA8AB48A0D4759F901914206B820311 2x, https://d20zyr0oabjxc2.cloudfront.net/variants/media/raw_images/crittercovefl/2024/09/20240928152159.309-IMG_9574-198x198c.jpeg?signature=3EC522E690EA5C6C96428F0CDF15D69FE8759BF0B0426E1381C337E290AA8DBC 1x"
Cream pinstripe White Wall Soft Scale,pinstripe,"https://d20zyr0oabjxc2.cloudfront.net/variants/media/raw_images/crittercovefl/2024/09/20240928152057.176-IMG_9571-396x396c.jpeg?signature=3A6972CECC5C6BF2F96EED5561B3459822F54D1A078E7434D7A0F549829FD257 2x, https://d20zyr0oabjxc2.cloudfront.net/variants/media/raw_images/crittercovefl/2024/09/20240928152057.176-IMG_9571-198x198c.jpeg?signature=E9C7F7094B5BCFB9CD7735CBEA849AD97C92E834988774B45A16048E8A417872 1x",/us/c/reptiles/lizards/crested-geckos/2612832,,"https://d20zyr0oabjxc2.cloudfront.net/variants/media/raw_images/crittercovefl/2024/09/20240928152057.176-IMG_9571-396x396c.jpeg?signature=3A6972CECC5C6BF2F96EED5561B3459822F54D1A078E7434D7A0F549829FD257 2x, https://d20zyr0oabjxc2.cloudfront.net/variants/media/raw_images/crittercovefl/2024/09/20240928152057.176-IMG_9571-198x198c.jpeg?signature=E9C7F7094B5BCFB9CD7735CBEA849AD97C92E834988774B45A16048E8A417872 1x"
CR221 - Super Clean Yellow And Cream pinstripe - Male***ON SALE! ONLY $100***,Yellow pinstripe,"https://d20zyr0oabjxc2.cloudfront.net/variants/media/raw_images/lacherps/2024/08/20240830153635.251-CR221Marmotxpinstripesi-396x396c.jpeg?signature=B4BEF30462AF5B8624B5CA8C54747D6AA2815E383D6286B64B88CE44A955ABB7 2x, https://d20zyr0oabjxc2.cloudfront.net/variants/media/raw_images/lacherps/2024/08/20240830153635.251-CR221Marmotxpinstripesi-198x198c.jpeg?signature=C951C61053C0693252EE4F825E97A43F3B39A01615398C9B133BD18A36DC4792 1x",/us/c/reptiles/lizards/crested-geckos/2311968,,"https://d20zyr0oabjxc2.cloudfront.net/variants/media/raw_images/lacherps/2024/08/20240830153635.251-CR221Marmotxpinstripesi-396x396c.jpeg?signature=B4BEF30462AF5B8624B5CA8C54747D6AA2815E383D6286B64B88CE44A955ABB7 2x, https://d20zyr0oabjxc2.cloudfront.net/variants/media/raw_images/lacherps/2024/08/20240830153635.251-CR221Marmotxpinstripesi-198x198c.jpeg?signature=C951C61053C0693252EE4F825E97A43F3B39A01615398C9B133BD18A36DC4792 1x"
Orange Reverse pinstripe,pinstripe,"https://d20zyr0oabjxc2.cloudfront.net/variants/media/raw_images/mitch-a-tech/2022/10/20221025184846.443-345FF7FB-E0F4-4BC0-A-396x396c.jpeg?signature=64A838E31875F94DB7080A64BEC82ACDAFE9C055A858E067DB8B26E14E0CED6F 2x, https://d20zyr0oabjxc2.cloudfront.net/variants/media/raw_images/mitch-a-tech/2022/10/20221025184846.443-345FF7FB-E0F4-4BC0-A-198x198c.jpeg?signature=2AAFD806AE7D059746F731E6158AB663F91BC410E5EBDB28E9B3CEDA1FA7E72C 1x",/us/c/reptiles/lizards/crested-geckos/1264196,,"https://d20zyr0oabjxc2.cloudfront.net/variants/media/raw_images/mitch-a-tech/2022/10/20221025184846.443-345FF7FB-E0F4-4BC0-A-396x396c.jpeg?signature=64A838E31875F94DB7080A64BEC82ACDAFE9C055A858E067DB8B26E14E0CED6F 2x, https://d20zyr0oabjxc2.cloudfront.net/variants/media/raw_images/mitch-a-tech/2022/10/20221025184846.443-345FF7FB-E0F4-4BC0-A-198x198c.jpeg?signature=2AAFD806AE7D059746F731E6158AB663F91BC410E5EBDB28E9B3CEDA1FA7E72C 1x"
Red And Cream pinstripe Crested Gecko,Red pinstripe,"https://d20zyr0oabjxc2.cloudfront.net/variants/media/raw_images/olympianexotics/2024/10/20241001060355.952-1000029017-396x396c.jpeg?signature=311F1B256F5E8B6D096931C9D1964488786AF7FB4E520D63ECDB371D01F7AF06 2x, https://d20zyr0oabjxc2.cloudfront.net/variants/media/raw_images/olympianexotics/2024/10/20241001060355.952-1000029017-198x198c.jpeg?signature=807AF74C903460AE3FDB052A184026C2A74D9630519EF6A28A16F4EA0A011F3B 1x",/us/c/reptiles/lizards/crested-geckos/2619872,,"https://d20zyr0oabjxc2.cloudfront.net/variants/media/raw_images/olympianexotics/2024/10/20241001060355.952-1000029017-396x396c.jpeg?signature=311F1B256F5E8B6D096931C9D1964488786AF7FB4E520D63ECDB371D01F7AF06 2x, https://d20zyr0oabjxc2.cloudfront.net/variants/media/raw_images/olympianexotics/2024/10/20241001060355.952-1000029017-198x198c.jpeg?signature=807AF74C903460AE3FDB052A184026C2A74D9630519EF6A28A16F4EA0A011F3B 1x"
pinstripe Empty Back Crested Female,pinstripe,"https://d20zyr0oabjxc2.cloudfront.net/variants/media/raw_images/lizardking77/2024/09/20240922051650.100-IMG_4010-396x396c.jpeg?signature=74FEB0A10AF3BC0129371C7B24E3B3E717AF32835AF276124E52474F3192BEE7 2x, https://d20zyr0oabjxc2.cloudfront.net/variants/media/raw_images/lizardking77/2024/09/20240922051650.100-IMG_4010-198x198c.jpeg?signature=8D2CD3F311BA7DB746E66D3888DC65F3C5A14FB47165DE02A1D2BBFCC723F7BB 1x",/us/c/reptiles/lizards/crested-geckos/2598136,,"https://d20zyr0oabjxc2.cloudfront.net/variants/media/raw_images/lizardking77/2024/09/20240922051650.100-IMG_4010-396x396c.jpeg?signature=74FEB0A10AF3BC0129371C7B24E3B3E717AF32835AF276124E52474F3192BEE7 2x, https://d20zyr0oabjxc2.cloudfront.net/variants/media/raw_images/lizardking77/2024/09/20240922051650.100-IMG_4010-198x198c.jpeg?signature=8D2CD3F311BA7DB746E66D3888DC65F3C5A14FB47165DE02A1D2BBFCC723F7BB 1x"
Cream pinstripe White Wall Soft Scale,pinstripe,"https://d20zyr0oabjxc2.cloudfront.net/variants/media/raw_images/crittercovefl/2024/09/20240907041543.773-IMG_8609-396x396c.jpeg?signature=F0642F3E851C392C923DB010CFF012836EE1E136D712CF50625B60075D0828B8 2x, https://d20zyr0oabjxc2.cloudfront.net/variants/media/raw_images/crittercovefl/2024/09/20240907041543.773-IMG_8609-198x198c.jpeg?signature=65E2955502611041841496A6EC4B3AB706CBD7D049AF7B78713085DFDD51B440 1x",/us/c/reptiles/lizards/crested-geckos/2559986,,"https://d20zyr0oabjxc2.cloudfront.net/variants/media/raw_images/crittercovefl/2024/09/20240907041543.773-IMG_8609-396x396c.jpeg?signature=F0642F3E851C392C923DB010CFF012836EE1E136D712CF50625B60075D0828B8 2x, https://d20zyr0oabjxc2.cloudfront.net/variants/media/raw_images/crittercovefl/2024/09/20240907041543.773-IMG_8609-198x198c.jpeg?signature=65E2955502611041841496A6EC4B3AB706CBD7D049AF7B78713085DFDD51B440 1x"
Cream pinstripe White Wall,pinstripe,"https://d20zyr0oabjxc2.cloudfront.net/variants/media/raw_images/crittercovefl/2024/09/20240907041315.214-IMG_8623-396x396c.jpeg?signature=297335998A82229A76B42B93FB0E3DD12F46D07FDB3373283A99188677EB103B 2x, https://d20zyr0oabjxc2.cloudfront.net/variants/media/raw_images/crittercovefl/2024/09/20240907041315.214-IMG_8623-198x198c.jpeg?signature=F7F50FEE0C5F19ACE5FCDF034284BF3C31B27B085395070BAC2E39B690EDCBC8 1x",/us/c/reptiles/lizards/crested-geckos/2559980,,"https://d20zyr0oabjxc2.cloudfront.net/variants/media/raw_images/crittercovefl/2024/09/20240907041315.214-IMG_8623-396x396c.jpeg?signature=297335998A82229A76B42B93FB0E3DD12F46D07FDB3373283A99188677EB103B 2x, https://d20zyr0oabjxc2.cloudfront.net/variants/media/raw_images/crittercovefl/2024/09/20240907041315.214-IMG_8623-198x198c.jpeg?signature=F7F50FEE0C5F19ACE5FCDF034284BF3C31B27B085395070BAC2E39B690EDCBC8 1x"
Drippy pinstripe Female,pinstripe,"https://d20zyr0oabjxc2.cloudfront.net/variants/media/raw_images/cali-donia-rhacs/2024/09/20240920061340.940-686BAB78-D20A-44A7-9-396x396c.jpeg?signature=C6A6B7B7D61E4800A0D872275D00CE9B0BC0E5E2B093A3629D2CBDA0FC067C97 2x, https://d20zyr0oabjxc2.cloudfront.net/variants/media/raw_images/cali-donia-rhacs/2024/09/20240920061340.940-686BAB78-D20A-44A7-9-198x198c.jpeg?signature=767D22D1AB348F95EA9E50BD3960235EAFBE474BED8BFA4A7A80F359390335F5 1x",/us/c/reptiles/lizards/crested-geckos/2271745,,"https://d20zyr0oabjxc2.cloudfront.net/variants/media/raw_images/cali-donia-rhacs/2024/09/20240920061340.940-686BAB78-D20A-44A7-9-396x396c.jpeg?signature=C6A6B7B7D61E4800A0D872275D00CE9B0BC0E5E2B093A3629D2CBDA0FC067C97 2x, https://d20zyr0oabjxc2.cloudfront.net/variants/media/raw_images/cali-donia-rhacs/2024/09/20240920061340.940-686BAB78-D20A-44A7-9-198x198c.jpeg?signature=767D22D1AB348F95EA9E50BD3960235EAFBE474BED8BFA4A7A80F359390335F5 1x"
pinstripe Female,pinstripe,"https://d20zyr0oabjxc2.cloudfront.net/variants/media/raw_images/serenitygeckos/2024/03/20240301200618.38-IMG_9217-396x396c.jpeg?signature=C52D3984F3D1ED81E7579C482C8BEEB3CAC720751B90C05D24E59047625249CA 2x, https://d20zyr0oabjxc2.cloudfront.net/variants/media/raw_images/serenitygeckos/2024/03/20240301200618.38-IMG_9217-198x198c.jpeg?signature=6F0157EF231B7D823247DC3DDADF55C49B18106F7A196166347616329ADAA796 1x",/us/c/reptiles/lizards/crested-geckos/2200232,,"https://d20zyr0oabjxc2.cloudfront.net/variants/media/raw_images/serenitygeckos/2024/03/20240301200618.38-IMG_9217-396x396c.jpeg?signature=C52D3984F3D1ED81E7579C482C8BEEB3CAC720751B90C05D24E59047625249CA 2x, https://d20zyr0oabjxc2.cloudfront.net/variants/media/raw_images/serenitygeckos/2024/03/20240301200618.38-IMG_9217-198x198c.jpeg?signature=6F0157EF231B7D823247DC3DDADF55C49B18106F7A196166347616329ADAA796 1x"
Dalmatian pinstripe,Dalmatian pinstripe,"https://d20zyr0oabjxc2.cloudfront.net/variants/media/raw_images/cockrellta01/2024/10/20241018213943.30-DSC00585-396x396c.jpeg?signature=490356E6E11C034A482756A14B5DC3E8211FFEDD74891BE44BDC529BAC0984F3 2x, https://d20zyr0oabjxc2.cloudfront.net/variants/media/raw_images/cockrellta01/2024/10/20241018213943.30-DSC00585-198x198c.jpeg?signature=84D259AC5D6D5B55B39DA88AC758250817B896EE2F01CF78B61E68BF1ECD8785 1x",/us/c/reptiles/lizards/crested-geckos/2659687,,"https://d20zyr0oabjxc2.cloudfront.net/variants/media/raw_images/cockrellta01/2024/10/20241018213943.30-DSC00585-396x396c.jpeg?signature=490356E6E11C034A482756A14B5DC3E8211FFEDD74891BE44BDC529BAC0984F3 2x, https://d20zyr0oabjxc2.cloudfront.net/variants/media/raw_images/cockrellta01/2024/10/20241018213943.30-DSC00585-198x198c.jpeg?signature=84D259AC5D6D5B55B39DA88AC758250817B896EE2F01CF78B61E68BF1ECD8785 1x"
CR193 - Fantastic High Pattern Cream pinstripe - Male *** ON SALE! $250 ***,pinstripe,"https://d20zyr0oabjxc2.cloudfront.net/variants/media/raw_images/lacherps/2024/05/20240503141758.135-CR193Marmotxpinstripesi-396x396c.jpeg?signature=6C9EB728F07DCE96AEF10DB74BFA29DF5B9F4A125B98C2EFB2EB3D20FB881729 2x, https://d20zyr0oabjxc2.cloudfront.net/variants/media/raw_images/lacherps/2024/05/20240503141758.135-CR193Marmotxpinstripesi-198x198c.jpeg?signature=949760F640AB9E3C6F91FEF71FD056996128014178ECA8299F4A2623F2E7256E 1x",/us/c/reptiles/lizards/crested-geckos/2310464,,"https://d20zyr0oabjxc2.cloudfront.net/variants/media/raw_images/lacherps/2024/05/20240503141758.135-CR193Marmotxpinstripesi-396x396c.jpeg?signature=6C9EB728F07DCE96AEF10DB74BFA29DF5B9F4A125B98C2EFB2EB3D20FB881729 2x, https://d20zyr0oabjxc2.cloudfront.net/variants/media/raw_images/lacherps/2024/05/20240503141758.135-CR193Marmotxpinstripesi-198x198c.jpeg?signature=949760F640AB9E3C6F91FEF71FD056996128014178ECA8299F4A2623F2E7256E 1x"
Reverse pinstripe,pinstripe,"https://d20zyr0oabjxc2.cloudfront.net/variants/media/raw_images/ncg_reptiles/2024/10/20241018140057.668-1000005622-396x396c.jpeg?signature=B3C50C8FB16CEA43B56EEADD2B0606DBBC5361B55EE78EB93B977AD0131FA461 2x, https://d20zyr0oabjxc2.cloudfront.net/variants/media/raw_images/ncg_reptiles/2024/10/20241018140057.668-1000005622-198x198c.jpeg?signature=E4A32379C694D4DF796DCF8FD7D75A4E3F4D6DEA71252ADD57B287C90731D3D6 1x",/us/c/reptiles/lizards/crested-geckos/2658888,,"https://d20zyr0oabjxc2.cloudfront.net/variants/media/raw_images/ncg_reptiles/2024/10/20241018140057.668-1000005622-396x396c.jpeg?signature=B3C50C8FB16CEA43B56EEADD2B0606DBBC5361B55EE78EB93B977AD0131FA461 2x, https://d20zyr0oabjxc2.cloudfront.net/variants/media/raw_images/ncg_reptiles/2024/10/20241018140057.668-1000005622-198x198c.jpeg?signature=E4A32379C694D4DF796DCF8FD7D75A4E3F4D6DEA71252ADD57B287C90731D3D6 1x"
Furry pinstripe Crested Gecko Adult Male,pinstripe,"https://d20zyr0oabjxc2.cloudfront.net/variants/media/raw_images/olympianexotics/2024/08/20240825082520.500-1000022619-396x396c.jpeg?signature=D131328C3307D825069C5A7692ACAA63A91D160908D828AEB6DC29CFD55D5706 2x, https://d20zyr0oabjxc2.cloudfront.net/variants/media/raw_images/olympianexotics/2024/08/20240825082520.500-1000022619-198x198c.jpeg?signature=169732F4365E15139553AC629B6F11A7C54573A86B1B28083E4E0EF7665F5CED 1x",/us/c/reptiles/lizards/crested-geckos/2524049,,"https://d20zyr0oabjxc2.cloudfront.net/variants/media/raw_images/olympianexotics/2024/08/20240825082520.500-1000022619-396x396c.jpeg?signature=D131328C3307D825069C5A7692ACAA63A91D160908D828AEB6DC29CFD55D5706 2x, https://d20zyr0oabjxc2.cloudfront.net/variants/media/raw_images/olympianexotics/2024/08/20240825082520.500-1000022619-198x198c.jpeg?signature=169732F4365E15139553AC629B6F11A7C54573A86B1B28083E4E0EF7665F5CED 1x"
Dalmatian Phantom pinstripe Crested Gecko,Dalmatian pinstripe,"https://d20zyr0oabjxc2.cloudfront.net/variants/media/raw_images/olympianexotics/2024/07/20240702061723.145-1000015976-396x396c.jpeg?signature=CC7537B6B4FFFC10DE3DFC4B63256868EA62C89E4F99EC97BEFC73A8E52D0275 2x, https://d20zyr0oabjxc2.cloudfront.net/variants/media/raw_images/olympianexotics/2024/07/20240702061723.145-1000015976-198x198c.jpeg?signature=67DF5E0C94D1E84CDE971A27E85A3FC3AFC46DA340AC328955D818EB91A1D2ED 1x",/us/c/reptiles/lizards/crested-geckos/2409179,,"https://d20zyr0oabjxc2.cloudfront.net/variants/media/raw_images/olympianexotics/2024/07/20240702061723.145-1000015976-396x396c.jpeg?signature=CC7537B6B4FFFC10DE3DFC4B63256868EA62C89E4F99EC97BEFC73A8E52D0275 2x, https://d20zyr0oabjxc2.cloudfront.net/variants/media/raw_images/olympianexotics/2024/07/20240702061723.145-1000015976-198x198c.jpeg?signature=67DF5E0C94D1E84CDE971A27E85A3FC3AFC46DA340AC328955D818EB91A1D2ED 1x"
Full pinstripe Crested Gecko,pinstripe,"https://d20zyr0oabjxc2.cloudfront.net/variants/media/raw_images/olympianexotics/2024/01/20240104045004.423-fullpinstripecg21m-396x396c.jpeg?signature=4EC4EFC11760EACE5DDAA149857495146F1512EBBE5AE21AD6EDE869C0409EE8 2x, https://d20zyr0oabjxc2.cloudfront.net/variants/media/raw_images/olympianexotics/2024/01/20240104045004.423-fullpinstripecg21m-198x198c.jpeg?signature=935EAC75590AECD2CC7E5B0901EAD59CC70B0793DBD35031DBB5E2AA5E5A665D 1x",/us/c/reptiles/lizards/crested-geckos/2093590,,"https://d20zyr0oabjxc2.cloudfront.net/variants/media/raw_images/olympianexotics/2024/01/20240104045004.423-fullpinstripecg21m-396x396c.jpeg?signature=4EC4EFC11760EACE5DDAA149857495146F1512EBBE5AE21AD6EDE869C0409EE8 2x, https://d20zyr0oabjxc2.cloudfront.net/variants/media/raw_images/olympianexotics/2024/01/20240104045004.423-fullpinstripecg21m-198x198c.jpeg?signature=935EAC75590AECD2CC7E5B0901EAD59CC70B0793DBD35031DBB5E2AA5E5A665D 1x"
2023 Lilly White pinstripe Probable,pinstripe,"https://d20zyr0oabjxc2.cloudfront.net/variants/media/raw_images/jconnelly715/2024/09/20240924024318.862-20240914_193447-396x396c.jpeg?signature=C1A601B2D44C12DBA5709F316883B75F43DFC7E750FBF07D0FFA74D0EB3FA641 2x, https://d20zyr0oabjxc2.cloudfront.net/variants/media/raw_images/jconnelly715/2024/09/20240924024318.862-20240914_193447-198x198c.jpeg?signature=83667EF305B77320C1F0B7A714F087195299A3D38E852CC7BA4437EBA25937B0 1x",/us/c/reptiles/lizards/crested-geckos/2602802,,"https://d20zyr0oabjxc2.cloudfront.net/variants/media/raw_images/jconnelly715/2024/09/20240924024318.862-20240914_193447-396x396c.jpeg?signature=C1A601B2D44C12DBA5709F316883B75F43DFC7E750FBF07D0FFA74D0EB3FA641 2x, https://d20zyr0oabjxc2.cloudfront.net/variants/media/raw_images/jconnelly715/2024/09/20240924024318.862-20240914_193447-198x198c.jpeg?signature=83667EF305B77320C1F0B7A714F087195299A3D38E852CC7BA4437EBA25937B0 1x"
2024 Dalmatian pinstripe,Dalmatian pinstripe,"https://d20zyr0oabjxc2.cloudfront.net/variants/media/raw_images/jconnelly715/2024/09/20240924015133.815-20240914_190132-396x396c.jpeg?signature=4D17B08A1B9A14038508CCE3CD81C90691299328E34DD3E09AD5D49C440181A6 2x, https://d20zyr0oabjxc2.cloudfront.net/variants/media/raw_images/jconnelly715/2024/09/20240924015133.815-20240914_190132-198x198c.jpeg?signature=0D5AE696CF8154D7E7DDA7B101E7D63F41B84BAF4AA9A8999BB787B38DB78434 1x",/us/c/reptiles/lizards/crested-geckos/2602689,,"https://d20zyr0oabjxc2.cloudfront.net/variants/media/raw_images/jconnelly715/2024/09/20240924015133.815-20240914_190132-396x396c.jpeg?signature=4D17B08A1B9A14038508CCE3CD81C90691299328E34DD3E09AD5D49C440181A6 2x, https://d20zyr0oabjxc2.cloudfront.net/variants/media/raw_images/jconnelly715/2024/09/20240924015133.815-20240914_190132-198x198c.jpeg?signature=0D5AE696CF8154D7E7DDA7B101E7D63F41B84BAF4AA9A8999BB787B38DB78434 1x"
"""Alfaxalone"" Yellow Creamsicle pinstripe White Wall Drippy",Yellow pinstripe,"https://d20zyr0oabjxc2.cloudfront.net/variants/media/raw_images/gargoylequeen/2021/10/20211021021109.182-Cmaino2001_Alfaxalon-396x396c.jpeg?signature=EB1FE977977217A34F0707F6B7EE2FB0C2D43D907CBEBCF564C1FDBFD69CE693 2x, https://d20zyr0oabjxc2.cloudfront.net/variants/media/raw_images/gargoylequeen/2021/10/20211021021109.182-Cmaino2001_Alfaxalon-198x198c.jpeg?signature=5B83BB0D10AFB0DA669A2BCFC419F643158F885908D2663B8A128405FF102353 1x",/us/c/reptiles/lizards/crested-geckos/714705,,"https://d20zyr0oabjxc2.cloudfront.net/variants/media/raw_images/gargoylequeen/2021/10/20211021021109.182-Cmaino2001_Alfaxalon-396x396c.jpeg?signature=EB1FE977977217A34F0707F6B7EE2FB0C2D43D907CBEBCF564C1FDBFD69CE693 2x, https://d20zyr0oabjxc2.cloudfront.net/variants/media/raw_images/gargoylequeen/2021/10/20211021021109.182-Cmaino2001_Alfaxalon-198x198c.jpeg?signature=5B83BB0D10AFB0DA669A2BCFC419F643158F885908D2663B8A128405FF102353 1x"
Dark pinstripe,Dark pinstripe,"https://d20zyr0oabjxc2.cloudfront.net/variants/media/raw_images/redrockgeckos/2024/09/20240929225806.40-_JG_7718-396x396c.jpeg?signature=2A9F9B99A058AA8FF3DC57DAF286F55C9631D3A75AA39D9C2882A340193712E2 2x, https://d20zyr0oabjxc2.cloudfront.net/variants/media/raw_images/redrockgeckos/2024/09/20240929225806.40-_JG_7718-198x198c.jpeg?signature=48362B53C850655B5E6AAEECBDA34A4663F2E20F61FF4EDC6080C3FA8A0316E8 1x",/us/c/reptiles/lizards/crested-geckos/2616404,,"https://d20zyr0oabjxc2.cloudfront.net/variants/media/raw_images/redrockgeckos/2024/09/20240929225806.40-_JG_7718-396x396c.jpeg?signature=2A9F9B99A058AA8FF3DC57DAF286F55C9631D3A75AA39D9C2882A340193712E2 2x, https://d20zyr0oabjxc2.cloudfront.net/variants/media/raw_images/redrockgeckos/2024/09/20240929225806.40-_JG_7718-198x198c.jpeg?signature=48362B53C850655B5E6AAEECBDA34A4663F2E20F61FF4EDC6080C3FA8A0316E8 1x"
Empty Back pinstripe,pinstripe,"https://d20zyr0oabjxc2.cloudfront.net/variants/media/raw_images/redrockgeckos/2024/09/20240929212128.898-_JG_7626-396x396c.jpeg?signature=E2EB022831FA046BBCEA9B6658A468955EFCA64F8832D84E724BCD72EFBBA395 2x, https://d20zyr0oabjxc2.cloudfront.net/variants/media/raw_images/redrockgeckos/2024/09/20240929212128.898-_JG_7626-198x198c.jpeg?signature=4B183D69A8C2103029F8E10F4A163A8591308EE9D96CEAC8DEC8CBBF18291FC4 1x",/us/c/reptiles/lizards/crested-geckos/2616084,,"https://d20zyr0oabjxc2.cloudfront.net/variants/media/raw_images/redrockgeckos/2024/09/20240929212128.898-_JG_7626-396x396c.jpeg?signature=E2EB022831FA046BBCEA9B6658A468955EFCA64F8832D84E724BCD72EFBBA395 2x, https://d20zyr0oabjxc2.cloudfront.net/variants/media/raw_images/redrockgeckos/2024/09/20240929212128.898-_JG_7626-198x198c.jpeg?signature=4B183D69A8C2103029F8E10F4A163A8591308EE9D96CEAC8DEC8CBBF18291FC4 1x"
Full pinstripe Broken Quad Stripe Harlequin,pinstripe,"https://d20zyr0oabjxc2.cloudfront.net/variants/media/raw_images/kdavidson/2024/10/20241017172226.461-20241015_194811-396x396c.jpeg?signature=0E629F7E4A3787B592532CE37D50BC2060BA0F5A32E1851838D339A962ABCA49 2x, https://d20zyr0oabjxc2.cloudfront.net/variants/media/raw_images/kdavidson/2024/10/20241017172226.461-20241015_194811-198x198c.jpeg?signature=CB91A72CE8DD8D85A5135CADEFA4E7B7341C632572CCCECF379F1348CF805B39 1x",/us/c/reptiles/lizards/crested-geckos/2656879,,"https://d20zyr0oabjxc2.cloudfront.net/variants/media/raw_images/kdavidson/2024/10/20241017172226.461-20241015_194811-396x396c.jpeg?signature=0E629F7E4A3787B592532CE37D50BC2060BA0F5A32E1851838D339A962ABCA49 2x, https://d20zyr0oabjxc2.cloudfront.net/variants/media/raw_images/kdavidson/2024/10/20241017172226.461-20241015_194811-198x198c.jpeg?signature=CB91A72CE8DD8D85A5135CADEFA4E7B7341C632572CCCECF379F1348CF805B39 1x"
CR35 - Stunning High Coverage 'Snowflake' pinstripe - Male ***ON SALE! $600***,pinstripe,"https://d20zyr0oabjxc2.cloudfront.net/variants/media/raw_images/lacherps/2024/08/20240830153004.711-CR35MarvelxDocMa-396x396c.jpeg?signature=560D7FF6D3BA374A6BCA59845D0FC1AD8DE29209B92452A76F5575EAF6B5E578 2x, https://d20zyr0oabjxc2.cloudfront.net/variants/media/raw_images/lacherps/2024/08/20240830153004.711-CR35MarvelxDocMa-198x198c.jpeg?signature=DE8BCEB54C39DD8D96C587C75309134128B7D38C12A0F9E685E080815CE93B21 1x",/us/c/reptiles/lizards/crested-geckos/2309049,,"https://d20zyr0oabjxc2.cloudfront.net/variants/media/raw_images/lacherps/2024/08/20240830153004.711-CR35MarvelxDocMa-396x396c.jpeg?signature=560D7FF6D3BA374A6BCA59845D0FC1AD8DE29209B92452A76F5575EAF6B5E578 2x, https://d20zyr0oabjxc2.cloudfront.net/variants/media/raw_images/lacherps/2024/08/20240830153004.711-CR35MarvelxDocMa-198x198c.jpeg?signature=DE8BCEB54C39DD8D96C587C75309134128B7D38C12A0F9E685E080815CE93B21 1x"
100% Het. pinstripe Axanthic (AE-line)!,pinstripe,"https://d20zyr0oabjxc2.cloudfront.net/variants/media/raw_images/troysgeckos/2024/07/20240704114739.796-MMGrp.4A2023-11-396x396c.jpeg?signature=49494443AF46CF9DF976439EB00ECBCC744A03FBB8110A1D6052F5536CCF883B 2x, https://d20zyr0oabjxc2.cloudfront.net/variants/media/raw_images/troysgeckos/2024/07/20240704114739.796-MMGrp.4A2023-11-198x198c.jpeg?signature=E44E50B28D05D6075BB493AA0028173DED4FA9E49749C115FB766AFBFB00B6A3 1x",/us/c/reptiles/lizards/crested-geckos/2413273,,"https://d20zyr0oabjxc2.cloudfront.net/variants/media/raw_images/troysgeckos/2024/07/20240704114739.796-MMGrp.4A2023-11-396x396c.jpeg?signature=49494443AF46CF9DF976439EB00ECBCC744A03FBB8110A1D6052F5536CCF883B 2x, https://d20zyr0oabjxc2.cloudfront.net/variants/media/raw_images/troysgeckos/2024/07/20240704114739.796-MMGrp.4A2023-11-198x198c.jpeg?signature=E44E50B28D05D6075BB493AA0028173DED4FA9E49749C115FB766AFBFB00B6A3 1x"
Huge Dark White Wall Emptyback pinstripe Crested Gecko,Dark pinstripe,"https://d20zyr0oabjxc2.cloudfront.net/variants/media/raw_images/tikisgeckos/2024/09/20240923045644.58-huge_crested_gecko_1-396x396c.jpeg?signature=FB16FE98F506924E70702A25EE614A13CB6D501029ED1213FC46C0543BAB5B7A 2x, https://d20zyr0oabjxc2.cloudfront.net/variants/media/raw_images/tikisgeckos/2024/09/20240923045644.58-huge_crested_gecko_1-198x198c.jpeg?signature=1F4153508570EAA3909F449E31453CFD88493B02344A03A161DDEB121F15D87E 1x",/us/c/reptiles/lizards/crested-geckos/2600700,,"https://d20zyr0oabjxc2.cloudfront.net/variants/media/raw_images/tikisgeckos/2024/09/20240923045644.58-huge_crested_gecko_1-396x396c.jpeg?signature=FB16FE98F506924E70702A25EE614A13CB6D501029ED1213FC46C0543BAB5B7A 2x, https://d20zyr0oabjxc2.cloudfront.net/variants/media/raw_images/tikisgeckos/2024/09/20240923045644.58-huge_crested_gecko_1-198x198c.jpeg?signature=1F4153508570EAA3909F449E31453CFD88493B02344A03A161DDEB121F15D87E 1x"
Dark Male pinstripe,Dark pinstripe,"https://d20zyr0oabjxc2.cloudfront.net/variants/media/raw_images/heartlandgeckos/2023/03/20230330180723.481-FF39C459-F188-47ED-8-396x396c.jpeg?signature=CF80EC8BEC99CB340BD66FC2F2EC78C11AD7D06DF4D192F93A29BF859B26A22B 2x, https://d20zyr0oabjxc2.cloudfront.net/variants/media/raw_images/heartlandgeckos/2023/03/20230330180723.481-FF39C459-F188-47ED-8-198x198c.jpeg?signature=5FD654513CEFE0343453942E83A108D5547B8CFF8099C08B66084CA4378855C6 1x",/us/c/reptiles/lizards/crested-geckos/1526024,,"https://d20zyr0oabjxc2.cloudfront.net/variants/media/raw_images/heartlandgeckos/2023/03/20230330180723.481-FF39C459-F188-47ED-8-396x396c.jpeg?signature=CF80EC8BEC99CB340BD66FC2F2EC78C11AD7D06DF4D192F93A29BF859B26A22B 2x, https://d20zyr0oabjxc2.cloudfront.net/variants/media/raw_images/heartlandgeckos/2023/03/20230330180723.481-FF39C459-F188-47ED-8-198x198c.jpeg?signature=5FD654513CEFE0343453942E83A108D5547B8CFF8099C08B66084CA4378855C6 1x"
(M) Classic pinstripe,pinstripe,"https://d20zyr0oabjxc2.cloudfront.net/variants/media/raw_images/bertopiageckos/2024/07/20240722014657.628-IMG_0271-396x396c.jpeg?signature=482F2320EC08AE39E36D3EE045BEF6B1A6DB4D152B9B35846AEDD685DDADC35B 2x, https://d20zyr0oabjxc2.cloudfront.net/variants/media/raw_images/bertopiageckos/2024/07/20240722014657.628-IMG_0271-198x198c.jpeg?signature=CBC3A59E309B62F31A05E48D4A5D96160E9CCEB8E0CF0B85F040B31A88449654 1x",/us/c/reptiles/lizards/crested-geckos/2374462,,"https://d20zyr0oabjxc2.cloudfront.net/variants/media/raw_images/bertopiageckos/2024/07/20240722014657.628-IMG_0271-396x396c.jpeg?signature=482F2320EC08AE39E36D3EE045BEF6B1A6DB4D152B9B35846AEDD685DDADC35B 2x, https://d20zyr0oabjxc2.cloudfront.net/variants/media/raw_images/bertopiageckos/2024/07/20240722014657.628-IMG_0271-198x198c.jpeg?signature=CBC3A59E309B62F31A05E48D4A5D96160E9CCEB8E0CF0B85F040B31A88449654 1x"
Solid Sides pinstripe,pinstripe,"https://d20zyr0oabjxc2.cloudfront.net/variants/media/raw_images/bertopiageckos/2024/07/20240720160342.208-IMG_0207-396x396c.jpeg?signature=1CEFD423F0630B3FDD6976063FC3849BF3F5AEC9EC080C353D6FDACA7ABB3341 2x, https://d20zyr0oabjxc2.cloudfront.net/variants/media/raw_images/bertopiageckos/2024/07/20240720160342.208-IMG_0207-198x198c.jpeg?signature=5E3702BBECD054EAC3CE73DC64DCA41F708820A26C87E359B88DD9C00CCE2E4E 1x",/us/c/reptiles/lizards/crested-geckos/2374409,,"https://d20zyr0oabjxc2.cloudfront.net/variants/media/raw_images/bertopiageckos/2024/07/20240720160342.208-IMG_0207-396x396c.jpeg?signature=1CEFD423F0630B3FDD6976063FC3849BF3F5AEC9EC080C353D6FDACA7ABB3341 2x, https://d20zyr0oabjxc2.cloudfront.net/variants/media/raw_images/bertopiageckos/2024/07/20240720160342.208-IMG_0207-198x198c.jpeg?signature=5E3702BBECD054EAC3CE73DC64DCA41F708820A26C87E359B88DD9C00CCE2E4E 1x"
pinstripe,pinstripe,"https://d20zyr0oabjxc2.cloudfront.net/variants/media/raw_images/tashgeckos/2024/09/20240920002249.75-IMG_5452-396x396c.jpeg?signature=ADCE85D1083E2086A1F631709689A01985D9DB16718CC75373663827CE6419C5 2x, https://d20zyr0oabjxc2.cloudfront.net/variants/media/raw_images/tashgeckos/2024/09/20240920002249.75-IMG_5452-198x198c.jpeg?signature=7B5E24BC456A665A4DDD64EA2D84405545B430122E40A7C28A215B72E3B236C2 1x",/us/c/reptiles/lizards/crested-geckos/2593093,,"https://d20zyr0oabjxc2.cloudfront.net/variants/media/raw_images/tashgeckos/2024/09/20240920002249.75-IMG_5452-396x396c.jpeg?signature=ADCE85D1083E2086A1F631709689A01985D9DB16718CC75373663827CE6419C5 2x, https://d20zyr0oabjxc2.cloudfront.net/variants/media/raw_images/tashgeckos/2024/09/20240920002249.75-IMG_5452-198x198c.jpeg?signature=7B5E24BC456A665A4DDD64EA2D84405545B430122E40A7C28A215B72E3B236C2 1x"
pinstripe Red Dalmatian Spots,pinstripe Red Dalmatian,"https://d20zyr0oabjxc2.cloudfront.net/variants/media/raw_images/tashgeckos/2024/09/20240920001148.21-IMG_5431-396x396c.jpeg?signature=63E9AC9351DE42E1C2CB664A4FBE81DE913006877086D755D76D14005D4A4994 2x, https://d20zyr0oabjxc2.cloudfront.net/variants/media/raw_images/tashgeckos/2024/09/20240920001148.21-IMG_5431-198x198c.jpeg?signature=96E6734776F726E1EEE13B7BEBFB2B8ED36F62BF46507667B14247AFF8C798A5 1x",/us/c/reptiles/lizards/crested-geckos/2593047,,"https://d20zyr0oabjxc2.cloudfront.net/variants/media/raw_images/tashgeckos/2024/09/20240920001148.21-IMG_5431-396x396c.jpeg?signature=63E9AC9351DE42E1C2CB664A4FBE81DE913006877086D755D76D14005D4A4994 2x, https://d20zyr0oabjxc2.cloudfront.net/variants/media/raw_images/tashgeckos/2024/09/20240920001148.21-IMG_5431-198x198c.jpeg?signature=96E6734776F726E1EEE13B7BEBFB2B8ED36F62BF46507667B14247AFF8C798A5 1x"
Red pinstripe Male,Red pinstripe,"https://d20zyr0oabjxc2.cloudfront.net/variants/media/raw_images/rhibay3/2024/08/20240820161906.48-1000014442-396x396c.jpeg?signature=1CA9E72CCAC7A9E8320FAACE387E2B1785A51FD5B37251354B288F7B7F83F32A 2x, https://d20zyr0oabjxc2.cloudfront.net/variants/media/raw_images/rhibay3/2024/08/20240820161906.48-1000014442-198x198c.jpeg?signature=EA86F62D463959B4E616F7ECCBB75B6BDA56BA346339844223FFA309C686E1D6 1x",/us/c/reptiles/lizards/crested-geckos/2512414,,"https://d20zyr0oabjxc2.cloudfront.net/variants/media/raw_images/rhibay3/2024/08/20240820161906.48-1000014442-396x396c.jpeg?signature=1CA9E72CCAC7A9E8320FAACE387E2B1785A51FD5B37251354B288F7B7F83F32A 2x, https://d20zyr0oabjxc2.cloudfront.net/variants/media/raw_images/rhibay3/2024/08/20240820161906.48-1000014442-198x198c.jpeg?signature=EA86F62D463959B4E616F7ECCBB75B6BDA56BA346339844223FFA309C686E1D6 1x"
pinstripe Dalmatian 18 Grams,pinstripe Dalmatian,"https://d20zyr0oabjxc2.cloudfront.net/variants/media/raw_images/tashgeckos/2024/09/20240919225843.321-IMG_5380-396x396c.jpeg?signature=4A263817204F1940F33D3434D93B977EEFD0056ED3E64EF0626C3A3EC15FA9F9 2x, https://d20zyr0oabjxc2.cloudfront.net/variants/media/raw_images/tashgeckos/2024/09/20240919225843.321-IMG_5380-198x198c.jpeg?signature=3D54B5D189DF01E85EE8B958CCC0858586CCA9F368C24849DF262FA0BF7B9A80 1x",/us/c/reptiles/lizards/crested-geckos/2592834,,"https://d20zyr0oabjxc2.cloudfront.net/variants/media/raw_images/tashgeckos/2024/09/20240919225843.321-IMG_5380-396x396c.jpeg?signature=4A263817204F1940F33D3434D93B977EEFD0056ED3E64EF0626C3A3EC15FA9F9 2x, https://d20zyr0oabjxc2.cloudfront.net/variants/media/raw_images/tashgeckos/2024/09/20240919225843.321-IMG_5380-198x198c.jpeg?signature=3D54B5D189DF01E85EE8B958CCC0858586CCA9F368C24849DF262FA0BF7B9A80 1x"
INSANE TIGER X SUPER STRIPE (Empty Back Combo) - Super Soft Scale + Empty Back (Super?) + Whiteout Lateral Stripinstripeg - C2/Citrus Lineage - 68g BEAST,Stripinstripeg,"https://d20zyr0oabjxc2.cloudfront.net/variants/media/raw_images/acr/2024/09/20240904194047.236-0824-M13_68g-2-396x396c.jpeg?signature=1FE90B11B4206C79AD15DC309ADDD2926DE19EF2616CBDEDECCFD4D6D13B0D44 2x, https://d20zyr0oabjxc2.cloudfront.net/variants/media/raw_images/acr/2024/09/20240904194047.236-0824-M13_68g-2-198x198c.jpeg?signature=BA14460A3DE34FF2F381EA87731FF7299747FFB7346058B7B30A478E93161611 1x",/us/c/reptiles/lizards/crested-geckos/2553783,,"https://d20zyr0oabjxc2.cloudfront.net/variants/media/raw_images/acr/2024/09/20240904194047.236-0824-M13_68g-2-396x396c.jpeg?signature=1FE90B11B4206C79AD15DC309ADDD2926DE19EF2616CBDEDECCFD4D6D13B0D44 2x, https://d20zyr0oabjxc2.cloudfront.net/variants/media/raw_images/acr/2024/09/20240904194047.236-0824-M13_68g-2-198x198c.jpeg?signature=BA14460A3DE34FF2F381EA87731FF7299747FFB7346058B7B30A478E93161611 1x"
Red Based Partial pinstripe With Cream Patterning,Red pinstripe,"https://d20zyr0oabjxc2.cloudfront.net/variants/media/raw_images/glenniegeckos/2024/04/20240425023913.52-Seabuscuit4-396x396c.jpeg?signature=1E7F348DE6C14DFFD5502E457F423C1F5A669E0213C67A05C2D117FA8651A3F8 2x, https://d20zyr0oabjxc2.cloudfront.net/variants/media/raw_images/glenniegeckos/2024/04/20240425023913.52-Seabuscuit4-198x198c.jpeg?signature=3B79B00715FCB7CCAC86436A12C5B264D6099C2CF3EC54938A8DCA1C2248234C 1x",/us/c/reptiles/lizards/crested-geckos/2130543,,"https://d20zyr0oabjxc2.cloudfront.net/variants/media/raw_images/glenniegeckos/2024/04/20240425023913.52-Seabuscuit4-396x396c.jpeg?signature=1E7F348DE6C14DFFD5502E457F423C1F5A669E0213C67A05C2D117FA8651A3F8 2x, https://d20zyr0oabjxc2.cloudfront.net/variants/media/raw_images/glenniegeckos/2024/04/20240425023913.52-Seabuscuit4-198x198c.jpeg?signature=3B79B00715FCB7CCAC86436A12C5B264D6099C2CF3EC54938A8DCA1C2248234C 1x"
Yellow Based Partial pinstripe White Spot,Yellow pinstripe,"https://d20zyr0oabjxc2.cloudfront.net/variants/media/raw_images/glenniegeckos/2024/04/20240425033159.536-Greyson-396x396c.jpeg?signature=A0A73B0CC27898D559C44DD390FB6420F14BF9C5439D5A92934D8C916AD9287A 2x, https://d20zyr0oabjxc2.cloudfront.net/variants/media/raw_images/glenniegeckos/2024/04/20240425033159.536-Greyson-198x198c.jpeg?signature=AEB4BA7D16CD96004F3BAEE32B70F2F7DD5F65EF8481E96D0C58F5341FB121F7 1x",/us/c/reptiles/lizards/crested-geckos/2130471,,"https://d20zyr0oabjxc2.cloudfront.net/variants/media/raw_images/glenniegeckos/2024/04/20240425033159.536-Greyson-396x396c.jpeg?signature=A0A73B0CC27898D559C44DD390FB6420F14BF9C5439D5A92934D8C916AD9287A 2x, https://d20zyr0oabjxc2.cloudfront.net/variants/media/raw_images/glenniegeckos/2024/04/20240425033159.536-Greyson-198x198c.jpeg?signature=AEB4BA7D16CD96004F3BAEE32B70F2F7DD5F65EF8481E96D0C58F5341FB121F7 1x"
Proven Breeder pinstripe,pinstripe,"https://d20zyr0oabjxc2.cloudfront.net/variants/media/raw_images/keiylad97/2024/08/20240821171645.187-31A9C7ED-5784-4E72-A-396x396c.jpeg?signature=0E1D6A1A8BD65947844E082963850D448562A7311A030E6E1FFC3B3229038824 2x, https://d20zyr0oabjxc2.cloudfront.net/variants/media/raw_images/keiylad97/2024/08/20240821171645.187-31A9C7ED-5784-4E72-A-198x198c.jpeg?signature=E0D0D9BC393D2F181353F26B8E5EC997F424B1D308FC3C88DF21D426201CD18B 1x",/us/c/reptiles/lizards/crested-geckos/983567,,"https://d20zyr0oabjxc2.cloudfront.net/variants/media/raw_images/keiylad97/2024/08/20240821171645.187-31A9C7ED-5784-4E72-A-396x396c.jpeg?signature=0E1D6A1A8BD65947844E082963850D448562A7311A030E6E1FFC3B3229038824 2x, https://d20zyr0oabjxc2.cloudfront.net/variants/media/raw_images/keiylad97/2024/08/20240821171645.187-31A9C7ED-5784-4E72-A-198x198c.jpeg?signature=E0D0D9BC393D2F181353F26B8E5EC997F424B1D308FC3C88DF21D426201CD18B 1x"
Rex - Beautiful Quad/Stripe pinstripe,pinstripe,"https://d20zyr0oabjxc2.cloudfront.net/variants/media/raw_images/katerxw/2024/08/20240805051011.331-1000054562-396x396c.jpeg?signature=B8F67096E90E3A3760917D1F9F08BFA19B752E187DA1A1C9AB124F9B14C0C3C7 2x, https://d20zyr0oabjxc2.cloudfront.net/variants/media/raw_images/katerxw/2024/08/20240805051011.331-1000054562-198x198c.jpeg?signature=E4B53BC83568E020254CD6A94D1E73714E58F29C27663015895A13ADC6DEC31A 1x",/us/c/reptiles/lizards/crested-geckos/2476157,,"https://d20zyr0oabjxc2.cloudfront.net/variants/media/raw_images/katerxw/2024/08/20240805051011.331-1000054562-396x396c.jpeg?signature=B8F67096E90E3A3760917D1F9F08BFA19B752E187DA1A1C9AB124F9B14C0C3C7 2x, https://d20zyr0oabjxc2.cloudfront.net/variants/media/raw_images/katerxw/2024/08/20240805051011.331-1000054562-198x198c.jpeg?signature=E4B53BC83568E020254CD6A94D1E73714E58F29C27663015895A13ADC6DEC31A 1x"
(F) Deep Red pinstripe,Red pinstripe,"https://d20zyr0oabjxc2.cloudfront.net/variants/media/raw_images/bertopiageckos/2024/07/20240720011417.736-IMG_0167-396x396c.jpeg?signature=EC26465360B4F4316ED39F02F5083B7733FCD83C95FCF48B2FBD0D8FFA25B42E 2x, https://d20zyr0oabjxc2.cloudfront.net/variants/media/raw_images/bertopiageckos/2024/07/20240720011417.736-IMG_0167-198x198c.jpeg?signature=6AE0C331932A7A4B9EF1CFB234DFB501AD6FCBCAE59068BF2C89D7E8A3CE385B 1x",/us/c/reptiles/lizards/crested-geckos/2372644,,"https://d20zyr0oabjxc2.cloudfront.net/variants/media/raw_images/bertopiageckos/2024/07/20240720011417.736-IMG_0167-396x396c.jpeg?signature=EC26465360B4F4316ED39F02F5083B7733FCD83C95FCF48B2FBD0D8FFA25B42E 2x, https://d20zyr0oabjxc2.cloudfront.net/variants/media/raw_images/bertopiageckos/2024/07/20240720011417.736-IMG_0167-198x198c.jpeg?signature=6AE0C331932A7A4B9EF1CFB234DFB501AD6FCBCAE59068BF2C89D7E8A3CE385B 1x"
pinstripe ,pinstripe,"https://d20zyr0oabjxc2.cloudfront.net/variants/media/raw_images/eriksreptiles/2023/08/20230817045108.311-CG-35Male31g-396x396c.jpeg?signature=B2461169A47DD6F0CAF9E1CBDE558A684D7880E8BA011D115EC9C1BB301D01B1 2x, https://d20zyr0oabjxc2.cloudfront.net/variants/media/raw_images/eriksreptiles/2023/08/20230817045108.311-CG-35Male31g-198x198c.jpeg?signature=49D7DF81AC7AD99187AE734FF927345AD4D0B2E54C6B917B32878D92DDD9817C 1x",/us/c/reptiles/lizards/crested-geckos/1746398,,"https://d20zyr0oabjxc2.cloudfront.net/variants/media/raw_images/eriksreptiles/2023/08/20230817045108.311-CG-35Male31g-396x396c.jpeg?signature=B2461169A47DD6F0CAF9E1CBDE558A684D7880E8BA011D115EC9C1BB301D01B1 2x, https://d20zyr0oabjxc2.cloudfront.net/variants/media/raw_images/eriksreptiles/2023/08/20230817045108.311-CG-35Male31g-198x198c.jpeg?signature=49D7DF81AC7AD99187AE734FF927345AD4D0B2E54C6B917B32878D92DDD9817C 1x"
pinstripe ,pinstripe,"https://d20zyr0oabjxc2.cloudfront.net/variants/media/raw_images/eriksreptiles/2023/08/20230817045051.243-CG-34Male32g-396x396c.jpeg?signature=B4188DE3B0469376363ECA00C84F63D27C6079B31B0A49B2A81445E58A67BF9D 2x, https://d20zyr0oabjxc2.cloudfront.net/variants/media/raw_images/eriksreptiles/2023/08/20230817045051.243-CG-34Male32g-198x198c.jpeg?signature=45DF711CE9F6FB467F76381657DB668ED59A8C1F345FC1C92D321198F3B88771 1x",/us/c/reptiles/lizards/crested-geckos/1746393,,"https://d20zyr0oabjxc2.cloudfront.net/variants/media/raw_images/eriksreptiles/2023/08/20230817045051.243-CG-34Male32g-396x396c.jpeg?signature=B4188DE3B0469376363ECA00C84F63D27C6079B31B0A49B2A81445E58A67BF9D 2x, https://d20zyr0oabjxc2.cloudfront.net/variants/media/raw_images/eriksreptiles/2023/08/20230817045051.243-CG-34Male32g-198x198c.jpeg?signature=45DF711CE9F6FB467F76381657DB668ED59A8C1F345FC1C92D321198F3B88771 1x"
pinstripe ,pinstripe,"https://d20zyr0oabjxc2.cloudfront.net/variants/media/raw_images/eriksreptiles/2023/08/20230817045031.30-CG-33Male35g-396x396c.jpeg?signature=7C85FBAD91B213DD5122AFC6035A0DE2D0120650D36878CF797A95D0BCA62CCC 2x, https://d20zyr0oabjxc2.cloudfront.net/variants/media/raw_images/eriksreptiles/2023/08/20230817045031.30-CG-33Male35g-198x198c.jpeg?signature=C12EA2EC085D05309A96E3DBDB86ED71F49C7AF671CA6972E5810F4DD66791F6 1x",/us/c/reptiles/lizards/crested-geckos/1746390,,"https://d20zyr0oabjxc2.cloudfront.net/variants/media/raw_images/eriksreptiles/2023/08/20230817045031.30-CG-33Male35g-396x396c.jpeg?signature=7C85FBAD91B213DD5122AFC6035A0DE2D0120650D36878CF797A95D0BCA62CCC 2x, https://d20zyr0oabjxc2.cloudfront.net/variants/media/raw_images/eriksreptiles/2023/08/20230817045031.30-CG-33Male35g-198x198c.jpeg?signature=C12EA2EC085D05309A96E3DBDB86ED71F49C7AF671CA6972E5810F4DD66791F6 1x"
,,,,,
pinstripek Tangerine pinstripe,pinstripek pinstripe,"https://d20zyr0oabjxc2.cloudfront.net/variants/media/raw_images/geckoemporium/2024/10/20241015233002.294-20241003_164243-396x396c.jpeg?signature=404A6AF3D801F91C625D01C6D85C3B71BD8B02FB92D5DA2CB030EDD791EDF4E6 2x, https://d20zyr0oabjxc2.cloudfront.net/variants/media/raw_images/geckoemporium/2024/10/20241015233002.294-20241003_164243-198x198c.jpeg?signature=AC11AA17686487B8ABD987D64B9B239B53A5F6867240F54D4461341C1BA5450F 1x",/us/c/reptiles/lizards/crested-geckos/2652295,,"https://d20zyr0oabjxc2.cloudfront.net/variants/media/raw_images/geckoemporium/2024/10/20241015233002.294-20241003_164243-396x396c.jpeg?signature=404A6AF3D801F91C625D01C6D85C3B71BD8B02FB92D5DA2CB030EDD791EDF4E6 2x, https://d20zyr0oabjxc2.cloudfront.net/variants/media/raw_images/geckoemporium/2024/10/20241015233002.294-20241003_164243-198x198c.jpeg?signature=AC11AA17686487B8ABD987D64B9B239B53A5F6867240F54D4461341C1BA5450F 1x"
Orange Brindle Reverse pinstripe,pinstripe,"https://d20zyr0oabjxc2.cloudfront.net/variants/media/raw_images/kdavidson/2024/10/20241015231351.120-20241015_1044351-396x396c.jpeg?signature=BE32C1B80D00D859D1221D3891777EE203CB6F8F7520C8A44894342141B1B16B 2x, https://d20zyr0oabjxc2.cloudfront.net/variants/media/raw_images/kdavidson/2024/10/20241015231351.120-20241015_1044351-198x198c.jpeg?signature=FC54364EDD3161A885293FE07D4B906F9DE8FCB506DD0D31D77E0FAF48249A8F 1x",/us/c/reptiles/lizards/crested-geckos/2652234,,"https://d20zyr0oabjxc2.cloudfront.net/variants/media/raw_images/kdavidson/2024/10/20241015231351.120-20241015_1044351-396x396c.jpeg?signature=BE32C1B80D00D859D1221D3891777EE203CB6F8F7520C8A44894342141B1B16B 2x, https://d20zyr0oabjxc2.cloudfront.net/variants/media/raw_images/kdavidson/2024/10/20241015231351.120-20241015_1044351-198x198c.jpeg?signature=FC54364EDD3161A885293FE07D4B906F9DE8FCB506DD0D31D77E0FAF48249A8F 1x"
Tangerine pinstripe,pinstripe,"https://d20zyr0oabjxc2.cloudfront.net/variants/media/raw_images/kayla4451/2024/07/20240711230141.464-gecD1-396x396c.jpeg?signature=3CABD7CEB43FD704124415DD1C15C31321B0465E9AC873441E4864EFB09DD74C 2x, https://d20zyr0oabjxc2.cloudfront.net/variants/media/raw_images/kayla4451/2024/07/20240711230141.464-gecD1-198x198c.jpeg?signature=FE7DBFE4FB899E6046EE3F116A4197C28E98EC9BA76574266209445E7EDFB83C 1x",/us/c/reptiles/lizards/crested-geckos/2427371,,"https://d20zyr0oabjxc2.cloudfront.net/variants/media/raw_images/kayla4451/2024/07/20240711230141.464-gecD1-396x396c.jpeg?signature=3CABD7CEB43FD704124415DD1C15C31321B0465E9AC873441E4864EFB09DD74C 2x, https://d20zyr0oabjxc2.cloudfront.net/variants/media/raw_images/kayla4451/2024/07/20240711230141.464-gecD1-198x198c.jpeg?signature=FE7DBFE4FB899E6046EE3F116A4197C28E98EC9BA76574266209445E7EDFB83C 1x"
Lavender pinstripe,pinstripe,"https://d20zyr0oabjxc2.cloudfront.net/variants/media/raw_images/rhibay3/2024/10/20241015212416.762-1000014792-396x396c.jpeg?signature=F9704501E8248851CA35E043DE98D30A04472946B99EDF2DB003ED07762DBC7B 2x, https://d20zyr0oabjxc2.cloudfront.net/variants/media/raw_images/rhibay3/2024/10/20241015212416.762-1000014792-198x198c.jpeg?signature=B18D8C6AE958AFA39ED6B3E5005FC48EEF34B026930E7467DDCF5411FD31113D 1x",/us/c/reptiles/lizards/crested-geckos/2651941,,"https://d20zyr0oabjxc2.cloudfront.net/variants/media/raw_images/rhibay3/2024/10/20241015212416.762-1000014792-396x396c.jpeg?signature=F9704501E8248851CA35E043DE98D30A04472946B99EDF2DB003ED07762DBC7B 2x, https://d20zyr0oabjxc2.cloudfront.net/variants/media/raw_images/rhibay3/2024/10/20241015212416.762-1000014792-198x198c.jpeg?signature=B18D8C6AE958AFA39ED6B3E5005FC48EEF34B026930E7467DDCF5411FD31113D 1x"
High White pinstripe Female,pinstripe,"https://d20zyr0oabjxc2.cloudfront.net/variants/media/raw_images/copperstate/2024/10/20241015163948.265-CRF04247-396x396c.jpeg?signature=9C6CE33F102F8F3FF8EE09E8E7351511EBBFDF110C259D7090055D41658CBF34 2x, https://d20zyr0oabjxc2.cloudfront.net/variants/media/raw_images/copperstate/2024/10/20241015163948.265-CRF04247-198x198c.jpeg?signature=6009A8D7C9891F25B9C49CDB40EFEA6AD749C4DEFEE3F28E3FFB6FFA17F6C4FB 1x",/us/c/reptiles/lizards/crested-geckos/2651224,,"https://d20zyr0oabjxc2.cloudfront.net/variants/media/raw_images/copperstate/2024/10/20241015163948.265-CRF04247-396x396c.jpeg?signature=9C6CE33F102F8F3FF8EE09E8E7351511EBBFDF110C259D7090055D41658CBF34 2x, https://d20zyr0oabjxc2.cloudfront.net/variants/media/raw_images/copperstate/2024/10/20241015163948.265-CRF04247-198x198c.jpeg?signature=6009A8D7C9891F25B9C49CDB40EFEA6AD749C4DEFEE3F28E3FFB6FFA17F6C4FB 1x"
(F) High White Patterned pinstripe,pinstripe,"https://d20zyr0oabjxc2.cloudfront.net/variants/media/raw_images/bertopiageckos/2024/10/20241029040239.75-IMG_1376-396x396c.jpeg?signature=CFFFD8634D0A0E4C2406E795F9C50DC400B3C3855CDEE2E182B5BBDF8C0F5768 2x, https://d20zyr0oabjxc2.cloudfront.net/variants/media/raw_images/bertopiageckos/2024/10/20241029040239.75-IMG_1376-198x198c.jpeg?signature=F86A24E7B2648EE03D7F9FEE407865C73385CA34D5CE9EA7BC6182CBE8FD95EC 1x",/us/c/reptiles/lizards/crested-geckos/2371252,,"https://d20zyr0oabjxc2.cloudfront.net/variants/media/raw_images/bertopiageckos/2024/10/20241029040239.75-IMG_1376-396x396c.jpeg?signature=CFFFD8634D0A0E4C2406E795F9C50DC400B3C3855CDEE2E182B5BBDF8C0F5768 2x, https://d20zyr0oabjxc2.cloudfront.net/variants/media/raw_images/bertopiageckos/2024/10/20241029040239.75-IMG_1376-198x198c.jpeg?signature=F86A24E7B2648EE03D7F9FEE407865C73385CA34D5CE9EA7BC6182CBE8FD95EC 1x"
NPV pinstripe,pinstripe,"https://d20zyr0oabjxc2.cloudfront.net/variants/media/raw_images/mundysmonsters/2024/08/20240828133914.982-1fbdb199-aa38-4856-b-396x396c.jpeg?signature=6538FF1C62BD1565EA7AD2244734BC39A0B57C85F86A04312BFB0F610D2C5D15 2x, https://d20zyr0oabjxc2.cloudfront.net/variants/media/raw_images/mundysmonsters/2024/08/20240828133914.982-1fbdb199-aa38-4856-b-198x198c.jpeg?signature=A1A28DF19B0B64146F282DA9FEC63B63BD77096BD26C6488F6C98310BBAA7B20 1x",/us/c/reptiles/lizards/crested-geckos/1654832,,"https://d20zyr0oabjxc2.cloudfront.net/variants/media/raw_images/mundysmonsters/2024/08/20240828133914.982-1fbdb199-aa38-4856-b-396x396c.jpeg?signature=6538FF1C62BD1565EA7AD2244734BC39A0B57C85F86A04312BFB0F610D2C5D15 2x, https://d20zyr0oabjxc2.cloudfront.net/variants/media/raw_images/mundysmonsters/2024/08/20240828133914.982-1fbdb199-aa38-4856-b-198x198c.jpeg?signature=A1A28DF19B0B64146F282DA9FEC63B63BD77096BD26C6488F6C98310BBAA7B20 1x"
High Patterned pinstripe,pinstripe,"https://d20zyr0oabjxc2.cloudfront.net/variants/media/raw_images/bertopiageckos/2024/01/20240130020445.442-IMG_E7556-396x396c.jpeg?signature=9F41EB42908D4F20B7FA8C2E33C3CFF2C49D3400D943C51273597680D179FB9E 2x, https://d20zyr0oabjxc2.cloudfront.net/variants/media/raw_images/bertopiageckos/2024/01/20240130020445.442-IMG_E7556-198x198c.jpeg?signature=4788E93F4BDF27AC93968C09A0544327FDD5CC8861BA8FD11FEE14DE86147EB8 1x",/us/c/reptiles/lizards/crested-geckos/1900993,,"https://d20zyr0oabjxc2.cloudfront.net/variants/media/raw_images/bertopiageckos/2024/01/20240130020445.442-IMG_E7556-396x396c.jpeg?signature=9F41EB42908D4F20B7FA8C2E33C3CFF2C49D3400D943C51273597680D179FB9E 2x, https://d20zyr0oabjxc2.cloudfront.net/variants/media/raw_images/bertopiageckos/2024/01/20240130020445.442-IMG_E7556-198x198c.jpeg?signature=4788E93F4BDF27AC93968C09A0544327FDD5CC8861BA8FD11FEE14DE86147EB8 1x"
Soft Scale Lavender Tangerine Whiteout White Spot pinstripe,pinstripe,"https://d20zyr0oabjxc2.cloudfront.net/variants/media/raw_images/alpha_reptilians/2024/09/20240917202229.876-IMG_0050-396x396c.jpeg?signature=7032649F3D27EA22AC58FB1BBDAFFDA555AD719BA008FE614364795E70426FE0 2x, https://d20zyr0oabjxc2.cloudfront.net/variants/media/raw_images/alpha_reptilians/2024/09/20240917202229.876-IMG_0050-198x198c.jpeg?signature=DF85A79CF9D7A5132EDC7467FA8B96973E357D87F7FF8D8B0571C8F03F2E6CF8 1x",/us/c/reptiles/lizards/crested-geckos/2586667,,"https://d20zyr0oabjxc2.cloudfront.net/variants/media/raw_images/alpha_reptilians/2024/09/20240917202229.876-IMG_0050-396x396c.jpeg?signature=7032649F3D27EA22AC58FB1BBDAFFDA555AD719BA008FE614364795E70426FE0 2x, https://d20zyr0oabjxc2.cloudfront.net/variants/media/raw_images/alpha_reptilians/2024/09/20240917202229.876-IMG_0050-198x198c.jpeg?signature=DF85A79CF9D7A5132EDC7467FA8B96973E357D87F7FF8D8B0571C8F03F2E6CF8 1x"
Halloween With pinstripes,pinstripes,"https://d20zyr0oabjxc2.cloudfront.net/variants/media/raw_images/joshuasteenhoek70/2024/10/20241014192954.652-image-396x396c.jpeg?signature=6FA045C9018C0A4027091CEE8BD6E66D8AE83E4003376C63684DEE8A8C5EBA10 2x, https://d20zyr0oabjxc2.cloudfront.net/variants/media/raw_images/joshuasteenhoek70/2024/10/20241014192954.652-image-198x198c.jpeg?signature=A770ADF86530C767B04D192DCA535CF36342836330C97CAAE672F3F1A6D0A51D 1x",/us/c/reptiles/lizards/crested-geckos/2649502,,"https://d20zyr0oabjxc2.cloudfront.net/variants/media/raw_images/joshuasteenhoek70/2024/10/20241014192954.652-image-396x396c.jpeg?signature=6FA045C9018C0A4027091CEE8BD6E66D8AE83E4003376C63684DEE8A8C5EBA10 2x, https://d20zyr0oabjxc2.cloudfront.net/variants/media/raw_images/joshuasteenhoek70/2024/10/20241014192954.652-image-198x198c.jpeg?signature=A770ADF86530C767B04D192DCA535CF36342836330C97CAAE672F3F1A6D0A51D 1x"
Spotty pinstripe,pinstripe,"https://d20zyr0oabjxc2.cloudfront.net/variants/media/raw_images/skhate247/2024/09/20240908024908.786-_DSC0350-396x396c.jpeg?signature=CAC3403659665C06D80DAD9C84FA9679AA44336BEAC5AD954E14323A5ABC6CE3 2x, https://d20zyr0oabjxc2.cloudfront.net/variants/media/raw_images/skhate247/2024/09/20240908024908.786-_DSC0350-198x198c.jpeg?signature=36CFC5F5F8A1858EDC58509F16AF70AF92ABE4FE3ABB0459C68630A25EE4D7EE 1x",/us/c/reptiles/lizards/crested-geckos/2562272,,"https://d20zyr0oabjxc2.cloudfront.net/variants/media/raw_images/skhate247/2024/09/20240908024908.786-_DSC0350-396x396c.jpeg?signature=CAC3403659665C06D80DAD9C84FA9679AA44336BEAC5AD954E14323A5ABC6CE3 2x, https://d20zyr0oabjxc2.cloudfront.net/variants/media/raw_images/skhate247/2024/09/20240908024908.786-_DSC0350-198x198c.jpeg?signature=36CFC5F5F8A1858EDC58509F16AF70AF92ABE4FE3ABB0459C68630A25EE4D7EE 1x"
Full pinstripe Male,pinstripe,"https://d20zyr0oabjxc2.cloudfront.net/variants/media/raw_images/mundysmonsters/2024/05/20240518004247.686-Chestnut-1-396x396c.jpeg?signature=B5297B4930D9D9802CC918AC42855CC624B81EED772802128E59B7224275DFBB 2x, https://d20zyr0oabjxc2.cloudfront.net/variants/media/raw_images/mundysmonsters/2024/05/20240518004247.686-Chestnut-1-198x198c.jpeg?signature=F7F5C30D3870515A9EE7A0892729C8F2985BF891F8D4E210742A71402B283489 1x",/us/c/reptiles/lizards/crested-geckos/2323512,,"https://d20zyr0oabjxc2.cloudfront.net/variants/media/raw_images/mundysmonsters/2024/05/20240518004247.686-Chestnut-1-396x396c.jpeg?signature=B5297B4930D9D9802CC918AC42855CC624B81EED772802128E59B7224275DFBB 2x, https://d20zyr0oabjxc2.cloudfront.net/variants/media/raw_images/mundysmonsters/2024/05/20240518004247.686-Chestnut-1-198x198c.jpeg?signature=F7F5C30D3870515A9EE7A0892729C8F2985BF891F8D4E210742A71402B283489 1x"
Dalmatian Partial pinstripe,Dalmatian pinstripe,"https://d20zyr0oabjxc2.cloudfront.net/variants/media/raw_images/mundysmonsters/2024/05/20240518233552.697-AsVa02-1-396x396c.jpeg?signature=5D4802DAC76951F83C65F9A0D85FD1134DBDD660C0324535A6ADA905A441E4F4 2x, https://d20zyr0oabjxc2.cloudfront.net/variants/media/raw_images/mundysmonsters/2024/05/20240518233552.697-AsVa02-1-198x198c.jpeg?signature=5DC32B9B2877E4B4954284CE3116BDEAF44F6718E4B4CCF8A4630B5E8ABF87E2 1x",/us/c/reptiles/lizards/crested-geckos/1654863,,"https://d20zyr0oabjxc2.cloudfront.net/variants/media/raw_images/mundysmonsters/2024/05/20240518233552.697-AsVa02-1-396x396c.jpeg?signature=5D4802DAC76951F83C65F9A0D85FD1134DBDD660C0324535A6ADA905A441E4F4 2x, https://d20zyr0oabjxc2.cloudfront.net/variants/media/raw_images/mundysmonsters/2024/05/20240518233552.697-AsVa02-1-198x198c.jpeg?signature=5DC32B9B2877E4B4954284CE3116BDEAF44F6718E4B4CCF8A4630B5E8ABF87E2 1x"
Funky Phantom pinstripe Brindle Dalmatian,pinstripe Dalmatian,"https://d20zyr0oabjxc2.cloudfront.net/variants/media/raw_images/mundysmonsters/2024/08/20240830210335.639-PhVa13-396x396c.jpeg?signature=22496144FC818C18106588E4E65FF0C67F7721B0942F6996E2DB4197841B8243 2x, https://d20zyr0oabjxc2.cloudfront.net/variants/media/raw_images/mundysmonsters/2024/08/20240830210335.639-PhVa13-198x198c.jpeg?signature=CA7EDCF687AE39662D066C12CFF7F7B44C1856C58FEDE7EDF85F9A43FD664B88 1x",/us/c/reptiles/lizards/crested-geckos/1300622,,"https://d20zyr0oabjxc2.cloudfront.net/variants/media/raw_images/mundysmonsters/2024/08/20240830210335.639-PhVa13-396x396c.jpeg?signature=22496144FC818C18106588E4E65FF0C67F7721B0942F6996E2DB4197841B8243 2x, https://d20zyr0oabjxc2.cloudfront.net/variants/media/raw_images/mundysmonsters/2024/08/20240830210335.639-PhVa13-198x198c.jpeg?signature=CA7EDCF687AE39662D066C12CFF7F7B44C1856C58FEDE7EDF85F9A43FD664B88 1x"
Yellow Phantom pinstripe,Yellow pinstripe,"https://d20zyr0oabjxc2.cloudfront.net/variants/media/raw_images/mundysmonsters/2024/10/20241018122721.116-HiBo06-5-396x396c.jpeg?signature=52A4CF25D585EAA0D9D4F5D5AC130F10A211B6AB5B0E1468A3E68216A87843BF 2x, https://d20zyr0oabjxc2.cloudfront.net/variants/media/raw_images/mundysmonsters/2024/10/20241018122721.116-HiBo06-5-198x198c.jpeg?signature=1E3952C498B88551CC90413AEEE5CA8E5E15A9FE3822D07BB4D1C5D43443EFE7 1x",/us/c/reptiles/lizards/crested-geckos/1654809,,"https://d20zyr0oabjxc2.cloudfront.net/variants/media/raw_images/mundysmonsters/2024/10/20241018122721.116-HiBo06-5-396x396c.jpeg?signature=52A4CF25D585EAA0D9D4F5D5AC130F10A211B6AB5B0E1468A3E68216A87843BF 2x, https://d20zyr0oabjxc2.cloudfront.net/variants/media/raw_images/mundysmonsters/2024/10/20241018122721.116-HiBo06-5-198x198c.jpeg?signature=1E3952C498B88551CC90413AEEE5CA8E5E15A9FE3822D07BB4D1C5D43443EFE7 1x"
Perfect pinstripe,pinstripe,"https://d20zyr0oabjxc2.cloudfront.net/variants/media/raw_images/mundysmonsters/2024/10/20241018121027.89-FiBu04-3-396x396c.jpeg?signature=479D11341B535CAF9101CD0A984F07F38140F1A8C5168AE86FFE5CC3BBDBB951 2x, https://d20zyr0oabjxc2.cloudfront.net/variants/media/raw_images/mundysmonsters/2024/10/20241018121027.89-FiBu04-3-198x198c.jpeg?signature=F9EAE1D6F76EFC29859399268D222B1C6F9E9892AC6AF90A799D71BF8394E3ED 1x",/us/c/reptiles/lizards/crested-geckos/1654813,,"https://d20zyr0oabjxc2.cloudfront.net/variants/media/raw_images/mundysmonsters/2024/10/20241018121027.89-FiBu04-3-396x396c.jpeg?signature=479D11341B535CAF9101CD0A984F07F38140F1A8C5168AE86FFE5CC3BBDBB951 2x, https://d20zyr0oabjxc2.cloudfront.net/variants/media/raw_images/mundysmonsters/2024/10/20241018121027.89-FiBu04-3-198x198c.jpeg?signature=F9EAE1D6F76EFC29859399268D222B1C6F9E9892AC6AF90A799D71BF8394E3ED 1x"
Empty Back pinstripe Crested Gecko,pinstripe,"https://d20zyr0oabjxc2.cloudfront.net/variants/media/raw_images/rainydaygeckos/2024/09/20240915100409.305-1000022288-396x396c.jpeg?signature=EA794BCA5279FB96A0513062B1F41BA8A8AB7EEAE386ED2CF6985D7872B4080D 2x, https://d20zyr0oabjxc2.cloudfront.net/variants/media/raw_images/rainydaygeckos/2024/09/20240915100409.305-1000022288-198x198c.jpeg?signature=1C144F99521E78984DCB50A60E921F6A9BF981B9C3E16CB83E50FC0B29EB8E40 1x",/us/c/reptiles/lizards/crested-geckos/1884444,,"https://d20zyr0oabjxc2.cloudfront.net/variants/media/raw_images/rainydaygeckos/2024/09/20240915100409.305-1000022288-396x396c.jpeg?signature=EA794BCA5279FB96A0513062B1F41BA8A8AB7EEAE386ED2CF6985D7872B4080D 2x, https://d20zyr0oabjxc2.cloudfront.net/variants/media/raw_images/rainydaygeckos/2024/09/20240915100409.305-1000022288-198x198c.jpeg?signature=1C144F99521E78984DCB50A60E921F6A9BF981B9C3E16CB83E50FC0B29EB8E40 1x"
Yellow Phantom With Portholes And Reverse pinstripes,Yellow pinstripes,"https://d20zyr0oabjxc2.cloudfront.net/variants/media/raw_images/adelaide12/2024/06/20240627200104.42-IMG_8809-396x396c.jpeg?signature=AA110AAAD4DC975EDACE0107705A03F6FBA20B1213667DC312777A130BF5C3C9 2x, https://d20zyr0oabjxc2.cloudfront.net/variants/media/raw_images/adelaide12/2024/06/20240627200104.42-IMG_8809-198x198c.jpeg?signature=AAA6065C97A1CA04395F807054B00A83FBDC57CD411210B3182B3DE1870B5E78 1x",/us/c/reptiles/lizards/crested-geckos/2401241,,"https://d20zyr0oabjxc2.cloudfront.net/variants/media/raw_images/adelaide12/2024/06/20240627200104.42-IMG_8809-396x396c.jpeg?signature=AA110AAAD4DC975EDACE0107705A03F6FBA20B1213667DC312777A130BF5C3C9 2x, https://d20zyr0oabjxc2.cloudfront.net/variants/media/raw_images/adelaide12/2024/06/20240627200104.42-IMG_8809-198x198c.jpeg?signature=AAA6065C97A1CA04395F807054B00A83FBDC57CD411210B3182B3DE1870B5E78 1x"
Jet dark Thick pinstripe Stripe,dark pinstripe,"https://d20zyr0oabjxc2.cloudfront.net/variants/media/raw_images/kaykaygoalie1/2023/09/20230926035342.125-IMG_2824-396x396c.jpeg?signature=96C3D64A4BB5AD7BA3F4A1031A3634BF6583FBA92BABA640CA6CC54426AF6FF8 2x, https://d20zyr0oabjxc2.cloudfront.net/variants/media/raw_images/kaykaygoalie1/2023/09/20230926035342.125-IMG_2824-198x198c.jpeg?signature=C29B17BE951672F08F78CD811645F9BC4EA6B207DC2AA25A9E09D26AE26BCD98 1x",/us/c/reptiles/lizards/crested-geckos/1884318,,"https://d20zyr0oabjxc2.cloudfront.net/variants/media/raw_images/kaykaygoalie1/2023/09/20230926035342.125-IMG_2824-396x396c.jpeg?signature=96C3D64A4BB5AD7BA3F4A1031A3634BF6583FBA92BABA640CA6CC54426AF6FF8 2x, https://d20zyr0oabjxc2.cloudfront.net/variants/media/raw_images/kaykaygoalie1/2023/09/20230926035342.125-IMG_2824-198x198c.jpeg?signature=C29B17BE951672F08F78CD811645F9BC4EA6B207DC2AA25A9E09D26AE26BCD98 1x"
Ink Spot Phantom pinstripe,pinstripe,"https://d20zyr0oabjxc2.cloudfront.net/variants/media/raw_images/thephantomgecko/2022/02/20220221002045.98-DSC00604-396x396c.jpeg?signature=EED1E9A01D89B98F40E0C6BE7CC79C1B7F10316440AAED5C44FADD38C00397B1 2x, https://d20zyr0oabjxc2.cloudfront.net/variants/media/raw_images/thephantomgecko/2022/02/20220221002045.98-DSC00604-198x198c.jpeg?signature=8B5F30548192AE6D8A8348A5B305DCF89A047810400C338B8CB98637C3BBC730 1x",/us/c/reptiles/lizards/crested-geckos/561644,,"https://d20zyr0oabjxc2.cloudfront.net/variants/media/raw_images/thephantomgecko/2022/02/20220221002045.98-DSC00604-396x396c.jpeg?signature=EED1E9A01D89B98F40E0C6BE7CC79C1B7F10316440AAED5C44FADD38C00397B1 2x, https://d20zyr0oabjxc2.cloudfront.net/variants/media/raw_images/thephantomgecko/2022/02/20220221002045.98-DSC00604-198x198c.jpeg?signature=8B5F30548192AE6D8A8348A5B305DCF89A047810400C338B8CB98637C3BBC730 1x"
Male Yellow Phantom pinstripe Dalmatian,Yellow pinstripe Dalmatian,"https://d20zyr0oabjxc2.cloudfront.net/variants/media/raw_images/reptilliad/2023/09/20230923022333.443-IMG_20230922_211810-396x396c.jpeg?signature=6DAF3E6EB39F4626F5FF9ADE714C10F6B00BB3787678EE8D3984CC73F159D60D 2x, https://d20zyr0oabjxc2.cloudfront.net/variants/media/raw_images/reptilliad/2023/09/20230923022333.443-IMG_20230922_211810-198x198c.jpeg?signature=F984FDD058872758D3DEE3063561939BFC5D24358AC98FAE3D541616804E529A 1x",/us/c/reptiles/lizards/crested-geckos/1876791,,"https://d20zyr0oabjxc2.cloudfront.net/variants/media/raw_images/reptilliad/2023/09/20230923022333.443-IMG_20230922_211810-396x396c.jpeg?signature=6DAF3E6EB39F4626F5FF9ADE714C10F6B00BB3787678EE8D3984CC73F159D60D 2x, https://d20zyr0oabjxc2.cloudfront.net/variants/media/raw_images/reptilliad/2023/09/20230923022333.443-IMG_20230922_211810-198x198c.jpeg?signature=F984FDD058872758D3DEE3063561939BFC5D24358AC98FAE3D541616804E529A 1x"
Yellow Partial pinstripe Phantom,Yellow pinstripe,"https://d20zyr0oabjxc2.cloudfront.net/variants/media/raw_images/reptilliad/2024/03/20240317191624.376-Cassian6-396x396c.jpeg?signature=CC0FD7742FA0CEE86F3946D0C1D5D37E127211CAF6478EC820897E62D21A15FB 2x, https://d20zyr0oabjxc2.cloudfront.net/variants/media/raw_images/reptilliad/2024/03/20240317191624.376-Cassian6-198x198c.jpeg?signature=347F2A1C168AE749DDC93891EDB431EF70C5B712F42354E714F46797F7367E32 1x",/us/c/reptiles/lizards/crested-geckos/2029416,,"https://d20zyr0oabjxc2.cloudfront.net/variants/media/raw_images/reptilliad/2024/03/20240317191624.376-Cassian6-396x396c.jpeg?signature=CC0FD7742FA0CEE86F3946D0C1D5D37E127211CAF6478EC820897E62D21A15FB 2x, https://d20zyr0oabjxc2.cloudfront.net/variants/media/raw_images/reptilliad/2024/03/20240317191624.376-Cassian6-198x198c.jpeg?signature=347F2A1C168AE749DDC93891EDB431EF70C5B712F42354E714F46797F7367E32 1x"
Yellow Phantom/Partial pinstripe,Yellow pinstripe,"https://d20zyr0oabjxc2.cloudfront.net/variants/media/raw_images/reptilliad/2024/06/20240612011236.959-Jedha253-396x396c.jpeg?signature=EEE46C7B4C055FBDB73A8AABE2F4E48D94C1B9F14366BC3C3E15849AA29BF299 2x, https://d20zyr0oabjxc2.cloudfront.net/variants/media/raw_images/reptilliad/2024/06/20240612011236.959-Jedha253-198x198c.jpeg?signature=733FD94DF44ABF8B134781A4E6B898B595ADA7156128333C21E31F3AF0BD1FB4 1x",/us/c/reptiles/lizards/crested-geckos/2229729,,"https://d20zyr0oabjxc2.cloudfront.net/variants/media/raw_images/reptilliad/2024/06/20240612011236.959-Jedha253-396x396c.jpeg?signature=EEE46C7B4C055FBDB73A8AABE2F4E48D94C1B9F14366BC3C3E15849AA29BF299 2x, https://d20zyr0oabjxc2.cloudfront.net/variants/media/raw_images/reptilliad/2024/06/20240612011236.959-Jedha253-198x198c.jpeg?signature=733FD94DF44ABF8B134781A4E6B898B595ADA7156128333C21E31F3AF0BD1FB4 1x"
Poss Red pinstripe Baby,Red pinstripe,"https://d20zyr0oabjxc2.cloudfront.net/variants/media/raw_images/umjs4878/2023/08/20230831062139.159-IMG_3964-396x396c.jpeg?signature=6465C0BD31AD0B867AF0138BE98626E51679A6143ECDDB06906309810E9212D0 2x, https://d20zyr0oabjxc2.cloudfront.net/variants/media/raw_images/umjs4878/2023/08/20230831062139.159-IMG_3964-198x198c.jpeg?signature=1855D10217B811A64D6C11AE40FB4E8868A576936295145718BEF8016CB90F8D 1x",/us/c/reptiles/lizards/crested-geckos/1819564,,"https://d20zyr0oabjxc2.cloudfront.net/variants/media/raw_images/umjs4878/2023/08/20230831062139.159-IMG_3964-396x396c.jpeg?signature=6465C0BD31AD0B867AF0138BE98626E51679A6143ECDDB06906309810E9212D0 2x, https://d20zyr0oabjxc2.cloudfront.net/variants/media/raw_images/umjs4878/2023/08/20230831062139.159-IMG_3964-198x198c.jpeg?signature=1855D10217B811A64D6C11AE40FB4E8868A576936295145718BEF8016CB90F8D 1x"
Softscale Drippy pinstripe,pinstripe,"https://d20zyr0oabjxc2.cloudfront.net/variants/media/raw_images/crestopia_reptiles/2024/10/20241013195411.870-20241013_140555-396x396c.jpeg?signature=5FE7D9AEB00C0D7EAC47A224864D2C5642CAB9D8A021C778B9DD01C03F425788 2x, https://d20zyr0oabjxc2.cloudfront.net/variants/media/raw_images/crestopia_reptiles/2024/10/20241013195411.870-20241013_140555-198x198c.jpeg?signature=D5A091AA37B042690B4D15AE63365483D3929E0796E8C34EF91DCE08CF45C383 1x",/us/c/reptiles/lizards/crested-geckos/2647393,,"https://d20zyr0oabjxc2.cloudfront.net/variants/media/raw_images/crestopia_reptiles/2024/10/20241013195411.870-20241013_140555-396x396c.jpeg?signature=5FE7D9AEB00C0D7EAC47A224864D2C5642CAB9D8A021C778B9DD01C03F425788 2x, https://d20zyr0oabjxc2.cloudfront.net/variants/media/raw_images/crestopia_reptiles/2024/10/20241013195411.870-20241013_140555-198x198c.jpeg?signature=D5A091AA37B042690B4D15AE63365483D3929E0796E8C34EF91DCE08CF45C383 1x"
Yellow Brindle Partial pinstripe Dalmatian,Yellow pinstripe Dalmatian,"https://d20zyr0oabjxc2.cloudfront.net/variants/media/raw_images/hicrybye/2024/05/20240529190328.510-IMG_4070-396x396c.jpeg?signature=F70F39442E76E947C1BBD744479DF6E1722C8DE55C7BB25188406DB65BE3CB44 2x, https://d20zyr0oabjxc2.cloudfront.net/variants/media/raw_images/hicrybye/2024/05/20240529190328.510-IMG_4070-198x198c.jpeg?signature=57DEF7FB5F8870E1226EB81FBF110A6009C9DD545EF914DC3CB89E4DF1CA550E 1x",/us/c/reptiles/lizards/crested-geckos/2337371,,"https://d20zyr0oabjxc2.cloudfront.net/variants/media/raw_images/hicrybye/2024/05/20240529190328.510-IMG_4070-396x396c.jpeg?signature=F70F39442E76E947C1BBD744479DF6E1722C8DE55C7BB25188406DB65BE3CB44 2x, https://d20zyr0oabjxc2.cloudfront.net/variants/media/raw_images/hicrybye/2024/05/20240529190328.510-IMG_4070-198x198c.jpeg?signature=57DEF7FB5F8870E1226EB81FBF110A6009C9DD545EF914DC3CB89E4DF1CA550E 1x"
Soft Scale Jet dark Tangerine Whitewall pinstripe,dark pinstripe,"https://d20zyr0oabjxc2.cloudfront.net/variants/media/raw_images/alpha_reptilians/2024/08/20240809001534.877-IMG_9911-396x396c.jpeg?signature=AE4D046D2561C623794CB12D00716ACD1ADF0AF22F4A887CB8F82093AE9BF2F2 2x, https://d20zyr0oabjxc2.cloudfront.net/variants/media/raw_images/alpha_reptilians/2024/08/20240809001534.877-IMG_9911-198x198c.jpeg?signature=C5E5D1FC4748777A210E1456120917D117182371E82956D302C23DC42EEB37E1 1x",/us/c/reptiles/lizards/crested-geckos/2485871,,"https://d20zyr0oabjxc2.cloudfront.net/variants/media/raw_images/alpha_reptilians/2024/08/20240809001534.877-IMG_9911-396x396c.jpeg?signature=AE4D046D2561C623794CB12D00716ACD1ADF0AF22F4A887CB8F82093AE9BF2F2 2x, https://d20zyr0oabjxc2.cloudfront.net/variants/media/raw_images/alpha_reptilians/2024/08/20240809001534.877-IMG_9911-198x198c.jpeg?signature=C5E5D1FC4748777A210E1456120917D117182371E82956D302C23DC42EEB37E1 1x"
Yellow Whitewalled pinstripe,Yellow pinstripe,"https://d20zyr0oabjxc2.cloudfront.net/variants/media/raw_images/tgareptiles/2024/07/20240708033040.594-IMG_0965-396x396c.jpeg?signature=8000E8E64C238A374EEBD7BE0A4C549D686481E83153B36954C91435B11007E5 2x, https://d20zyr0oabjxc2.cloudfront.net/variants/media/raw_images/tgareptiles/2024/07/20240708033040.594-IMG_0965-198x198c.jpeg?signature=D72448BE5A39C5EF0478EF78B7355890D7F7409EDC91B723F0B6D64A9D1A43A8 1x",/us/c/reptiles/lizards/crested-geckos/2420123,,"https://d20zyr0oabjxc2.cloudfront.net/variants/media/raw_images/tgareptiles/2024/07/20240708033040.594-IMG_0965-396x396c.jpeg?signature=8000E8E64C238A374EEBD7BE0A4C549D686481E83153B36954C91435B11007E5 2x, https://d20zyr0oabjxc2.cloudfront.net/variants/media/raw_images/tgareptiles/2024/07/20240708033040.594-IMG_0965-198x198c.jpeg?signature=D72448BE5A39C5EF0478EF78B7355890D7F7409EDC91B723F0B6D64A9D1A43A8 1x"
NPV pinstripe,pinstripe,"https://d20zyr0oabjxc2.cloudfront.net/variants/media/raw_images/tgareptiles/2024/07/20240727163054.26-IMG_1815-396x396c.jpeg?signature=63C6D51CF7C8739BD5DCB32FC5A810D4FF172D94F2F2CD77D2AC665DF7B61D00 2x, https://d20zyr0oabjxc2.cloudfront.net/variants/media/raw_images/tgareptiles/2024/07/20240727163054.26-IMG_1815-198x198c.jpeg?signature=13AB72B5230C4E7573F5590BBA9BEBC4C5915CBC2B838FA6EA8B248F1A91A355 1x",/us/c/reptiles/lizards/crested-geckos/2457137,,"https://d20zyr0oabjxc2.cloudfront.net/variants/media/raw_images/tgareptiles/2024/07/20240727163054.26-IMG_1815-396x396c.jpeg?signature=63C6D51CF7C8739BD5DCB32FC5A810D4FF172D94F2F2CD77D2AC665DF7B61D00 2x, https://d20zyr0oabjxc2.cloudfront.net/variants/media/raw_images/tgareptiles/2024/07/20240727163054.26-IMG_1815-198x198c.jpeg?signature=13AB72B5230C4E7573F5590BBA9BEBC4C5915CBC2B838FA6EA8B248F1A91A355 1x"
pinstripe,pinstripe,"https://d20zyr0oabjxc2.cloudfront.net/variants/media/raw_images/tgareptiles/2024/10/20241001164039.703-IMG_2826-396x396c.jpeg?signature=E55DD7EFD056BF0D08543C4FE29C361B59CE40A37D76EB2DC5EECBE49CE654A4 2x, https://d20zyr0oabjxc2.cloudfront.net/variants/media/raw_images/tgareptiles/2024/10/20241001164039.703-IMG_2826-198x198c.jpeg?signature=E1167F3AED7FFB500D4DA26E7BADD7F21058A5B26D128CF1F1D93E94143D4654 1x",/us/c/reptiles/lizards/crested-geckos/2457065,,"https://d20zyr0oabjxc2.cloudfront.net/variants/media/raw_images/tgareptiles/2024/10/20241001164039.703-IMG_2826-396x396c.jpeg?signature=E55DD7EFD056BF0D08543C4FE29C361B59CE40A37D76EB2DC5EECBE49CE654A4 2x, https://d20zyr0oabjxc2.cloudfront.net/variants/media/raw_images/tgareptiles/2024/10/20241001164039.703-IMG_2826-198x198c.jpeg?signature=E1167F3AED7FFB500D4DA26E7BADD7F21058A5B26D128CF1F1D93E94143D4654 1x"
Proven Dark pinstripe,Dark pinstripe,"https://d20zyr0oabjxc2.cloudfront.net/variants/media/raw_images/clutchifiedmorphs/2024/09/20240922191832.908-DSC_14382-396x396c.jpeg?signature=F261392E7F5EE234B1C18CC7497AEE12F45FEB5120AB6464EBB8FA7AA3390C01 2x, https://d20zyr0oabjxc2.cloudfront.net/variants/media/raw_images/clutchifiedmorphs/2024/09/20240922191832.908-DSC_14382-198x198c.jpeg?signature=5B59704A5B2CDA71B6A83FF6E8A14A98EDC41AC65912919E0114B17C9F7D8B50 1x",/us/c/reptiles/lizards/crested-geckos/2581751,,"https://d20zyr0oabjxc2.cloudfront.net/variants/media/raw_images/clutchifiedmorphs/2024/09/20240922191832.908-DSC_14382-396x396c.jpeg?signature=F261392E7F5EE234B1C18CC7497AEE12F45FEB5120AB6464EBB8FA7AA3390C01 2x, https://d20zyr0oabjxc2.cloudfront.net/variants/media/raw_images/clutchifiedmorphs/2024/09/20240922191832.908-DSC_14382-198x198c.jpeg?signature=5B59704A5B2CDA71B6A83FF6E8A14A98EDC41AC65912919E0114B17C9F7D8B50 1x"
RTB Whitewall pinstripe,pinstripe,"https://d20zyr0oabjxc2.cloudfront.net/variants/media/raw_images/clutchifiedmorphs/2024/09/20240916014308.84-DSC_14431-396x396c.jpeg?signature=42DAA5A495381F58345240B14B1BDB527D04A966BB725604869421FB588E7746 2x, https://d20zyr0oabjxc2.cloudfront.net/variants/media/raw_images/clutchifiedmorphs/2024/09/20240916014308.84-DSC_14431-198x198c.jpeg?signature=22F1FF2C9975EF1D29444D58D74FA1A79F37D50859029F0358E401340EB5B257 1x",/us/c/reptiles/lizards/crested-geckos/2581708,,"https://d20zyr0oabjxc2.cloudfront.net/variants/media/raw_images/clutchifiedmorphs/2024/09/20240916014308.84-DSC_14431-396x396c.jpeg?signature=42DAA5A495381F58345240B14B1BDB527D04A966BB725604869421FB588E7746 2x, https://d20zyr0oabjxc2.cloudfront.net/variants/media/raw_images/clutchifiedmorphs/2024/09/20240916014308.84-DSC_14431-198x198c.jpeg?signature=22F1FF2C9975EF1D29444D58D74FA1A79F37D50859029F0358E401340EB5B257 1x"
Dark pinstripe,Dark pinstripe,"https://d20zyr0oabjxc2.cloudfront.net/variants/media/raw_images/clutchifiedmorphs/2024/09/20240916011153.383-DSC_13471-396x396c.jpeg?signature=CA7019C4D6C9167936B80F1E5D17F2359EE2701A71BB096C462ED6B2A3619558 2x, https://d20zyr0oabjxc2.cloudfront.net/variants/media/raw_images/clutchifiedmorphs/2024/09/20240916011153.383-DSC_13471-198x198c.jpeg?signature=65A84E470520FC2B1ED1C8A97A47A969A89C191BC1752F0347BF3A266A9C8538 1x",/us/c/reptiles/lizards/crested-geckos/2581669,,"https://d20zyr0oabjxc2.cloudfront.net/variants/media/raw_images/clutchifiedmorphs/2024/09/20240916011153.383-DSC_13471-396x396c.jpeg?signature=CA7019C4D6C9167936B80F1E5D17F2359EE2701A71BB096C462ED6B2A3619558 2x, https://d20zyr0oabjxc2.cloudfront.net/variants/media/raw_images/clutchifiedmorphs/2024/09/20240916011153.383-DSC_13471-198x198c.jpeg?signature=65A84E470520FC2B1ED1C8A97A47A969A89C191BC1752F0347BF3A266A9C8538 1x"
Dark Whiteout pinstripe,Dark pinstripe,"https://d20zyr0oabjxc2.cloudfront.net/variants/media/raw_images/clutchifiedmorphs/2024/09/20240916004937.702-DSC_1327-396x396c.jpeg?signature=3F8AF05EE21A597A56FCDB5E3338D6A1A383BBDBA92EC1D5F84432660C500130 2x, https://d20zyr0oabjxc2.cloudfront.net/variants/media/raw_images/clutchifiedmorphs/2024/09/20240916004937.702-DSC_1327-198x198c.jpeg?signature=3A942AF05075D1BA129276BC36C5D5D35ECD91F7E59D404473D8F40D482400F7 1x",/us/c/reptiles/lizards/crested-geckos/2581647,,"https://d20zyr0oabjxc2.cloudfront.net/variants/media/raw_images/clutchifiedmorphs/2024/09/20240916004937.702-DSC_1327-396x396c.jpeg?signature=3F8AF05EE21A597A56FCDB5E3338D6A1A383BBDBA92EC1D5F84432660C500130 2x, https://d20zyr0oabjxc2.cloudfront.net/variants/media/raw_images/clutchifiedmorphs/2024/09/20240916004937.702-DSC_1327-198x198c.jpeg?signature=3A942AF05075D1BA129276BC36C5D5D35ECD91F7E59D404473D8F40D482400F7 1x"
Yellow pinstripe,Yellow pinstripe,"https://d20zyr0oabjxc2.cloudfront.net/variants/media/raw_images/clutchifiedmorphs/2024/09/20240915233746.794-DSC_13001-396x396c.jpeg?signature=4547A0B796F67ECDCFD73E17B3FECB01CEDD42BA36CD6370556AF103FE7B7B0B 2x, https://d20zyr0oabjxc2.cloudfront.net/variants/media/raw_images/clutchifiedmorphs/2024/09/20240915233746.794-DSC_13001-198x198c.jpeg?signature=055CD3A59211CDA58D9C2A91F9BA361954BCF81C3AC34C04716FA98D9F8B8E98 1x",/us/c/reptiles/lizards/crested-geckos/2581439,,"https://d20zyr0oabjxc2.cloudfront.net/variants/media/raw_images/clutchifiedmorphs/2024/09/20240915233746.794-DSC_13001-396x396c.jpeg?signature=4547A0B796F67ECDCFD73E17B3FECB01CEDD42BA36CD6370556AF103FE7B7B0B 2x, https://d20zyr0oabjxc2.cloudfront.net/variants/media/raw_images/clutchifiedmorphs/2024/09/20240915233746.794-DSC_13001-198x198c.jpeg?signature=055CD3A59211CDA58D9C2A91F9BA361954BCF81C3AC34C04716FA98D9F8B8E98 1x"
NVP Lavender pinstripe,pinstripe,"https://d20zyr0oabjxc2.cloudfront.net/variants/media/raw_images/femalecasper94/2024/02/20240220161655.945-IMG_2729-396x396c.jpeg?signature=6D0AFD3BB367FD2AFEF779D7BBDDCB18D177D64B95C9C9CACE1CAC080C86CCC7 2x, https://d20zyr0oabjxc2.cloudfront.net/variants/media/raw_images/femalecasper94/2024/02/20240220161655.945-IMG_2729-198x198c.jpeg?signature=B426287BECBCEE07031A61292C9A6D8D6DB58719B30D07FC60263B11BB9FD282 1x",/us/c/reptiles/lizards/crested-geckos/2073822,,"https://d20zyr0oabjxc2.cloudfront.net/variants/media/raw_images/femalecasper94/2024/02/20240220161655.945-IMG_2729-396x396c.jpeg?signature=6D0AFD3BB367FD2AFEF779D7BBDDCB18D177D64B95C9C9CACE1CAC080C86CCC7 2x, https://d20zyr0oabjxc2.cloudfront.net/variants/media/raw_images/femalecasper94/2024/02/20240220161655.945-IMG_2729-198x198c.jpeg?signature=B426287BECBCEE07031A61292C9A6D8D6DB58719B30D07FC60263B11BB9FD282 1x"
Very Nice Pangea 33 Gram Male Hairy pinstripe,pinstripe,"https://d20zyr0oabjxc2.cloudfront.net/variants/media/raw_images/riplee/2024/08/20240825213642.854-20240825_1634531-396x396c.jpeg?signature=8260AC885076BFE2B29C6F543493369C7C8B12D9CC54FF7EEB1E3D64C024160C 2x, https://d20zyr0oabjxc2.cloudfront.net/variants/media/raw_images/riplee/2024/08/20240825213642.854-20240825_1634531-198x198c.jpeg?signature=CB8A03A6367FEC7E1BE852A78314113188DA0FA73B6BC5297CDAC1D79A97FA89 1x",/us/c/reptiles/lizards/crested-geckos/2525694,,"https://d20zyr0oabjxc2.cloudfront.net/variants/media/raw_images/riplee/2024/08/20240825213642.854-20240825_1634531-396x396c.jpeg?signature=8260AC885076BFE2B29C6F543493369C7C8B12D9CC54FF7EEB1E3D64C024160C 2x, https://d20zyr0oabjxc2.cloudfront.net/variants/media/raw_images/riplee/2024/08/20240825213642.854-20240825_1634531-198x198c.jpeg?signature=CB8A03A6367FEC7E1BE852A78314113188DA0FA73B6BC5297CDAC1D79A97FA89 1x"
SaHa-06 dark Base pinstripe,dark pinstripe,"https://d20zyr0oabjxc2.cloudfront.net/variants/media/raw_images/gfernandez12486/2024/10/20241009213842.609-A7303901_edited-396x396c.jpeg?signature=7C5CE0D38B309AA0F13A9B72155DDD4F24E15D33194A3127677090B10F352CDC 2x, https://d20zyr0oabjxc2.cloudfront.net/variants/media/raw_images/gfernandez12486/2024/10/20241009213842.609-A7303901_edited-198x198c.jpeg?signature=5CED29C750BFEAC30B198C5042B6FAE52E8A74C1E4B1432794CA8833A150B7C1 1x",/us/c/reptiles/lizards/crested-geckos/2310533,,"https://d20zyr0oabjxc2.cloudfront.net/variants/media/raw_images/gfernandez12486/2024/10/20241009213842.609-A7303901_edited-396x396c.jpeg?signature=7C5CE0D38B309AA0F13A9B72155DDD4F24E15D33194A3127677090B10F352CDC 2x, https://d20zyr0oabjxc2.cloudfront.net/variants/media/raw_images/gfernandez12486/2024/10/20241009213842.609-A7303901_edited-198x198c.jpeg?signature=5CED29C750BFEAC30B198C5042B6FAE52E8A74C1E4B1432794CA8833A150B7C1 1x"
SezCa-04 Yellow pinstripe,Yellow pinstripe,"https://d20zyr0oabjxc2.cloudfront.net/variants/media/raw_images/gfernandez12486/2024/10/20241009221110.709-A7303981_edited-396x396c.jpeg?signature=56A208F105579FD73AAB31F6C919E15F1CA1F80845FB2F1707BF687560641E64 2x, https://d20zyr0oabjxc2.cloudfront.net/variants/media/raw_images/gfernandez12486/2024/10/20241009221110.709-A7303981_edited-198x198c.jpeg?signature=D8B8E499D56ADE558587C9B28EBA4D988EAC76F3A04484F3F3099B7482BFC7EB 1x",/us/c/reptiles/lizards/crested-geckos/2640160,,"https://d20zyr0oabjxc2.cloudfront.net/variants/media/raw_images/gfernandez12486/2024/10/20241009221110.709-A7303981_edited-396x396c.jpeg?signature=56A208F105579FD73AAB31F6C919E15F1CA1F80845FB2F1707BF687560641E64 2x, https://d20zyr0oabjxc2.cloudfront.net/variants/media/raw_images/gfernandez12486/2024/10/20241009221110.709-A7303981_edited-198x198c.jpeg?signature=D8B8E499D56ADE558587C9B28EBA4D988EAC76F3A04484F3F3099B7482BFC7EB 1x"
SaAt-05 pinstripe,pinstripe,"https://d20zyr0oabjxc2.cloudfront.net/variants/media/raw_images/gfernandez12486/2024/10/20241009212522.121-A7303819_edited-396x396c.jpeg?signature=EEA9B9FB165F033243BD0E137621109D2A854FC3FE93CB44BD2EDCDD9EDECB3B 2x, https://d20zyr0oabjxc2.cloudfront.net/variants/media/raw_images/gfernandez12486/2024/10/20241009212522.121-A7303819_edited-198x198c.jpeg?signature=31F66AA23F96F5F17635A392B88DF226CF8D3404E860B19481711886BDA507E5 1x",/us/c/reptiles/lizards/crested-geckos/2640034,,"https://d20zyr0oabjxc2.cloudfront.net/variants/media/raw_images/gfernandez12486/2024/10/20241009212522.121-A7303819_edited-396x396c.jpeg?signature=EEA9B9FB165F033243BD0E137621109D2A854FC3FE93CB44BD2EDCDD9EDECB3B 2x, https://d20zyr0oabjxc2.cloudfront.net/variants/media/raw_images/gfernandez12486/2024/10/20241009212522.121-A7303819_edited-198x198c.jpeg?signature=31F66AA23F96F5F17635A392B88DF226CF8D3404E860B19481711886BDA507E5 1x"
SeAt-12 pinstripe,pinstripe,"https://d20zyr0oabjxc2.cloudfront.net/variants/media/raw_images/gfernandez12486/2024/10/20241009215900.459-A7303962_edited-396x396c.jpeg?signature=8D8050D7B9C0C82C6992DA7C5AF765F0F461F268059092734197BD55B188187F 2x, https://d20zyr0oabjxc2.cloudfront.net/variants/media/raw_images/gfernandez12486/2024/10/20241009215900.459-A7303962_edited-198x198c.jpeg?signature=04B13A42D2CCA5D4CE36732F5711254BD3C03C2D614A52CD3015E6EAACBAB2F8 1x",/us/c/reptiles/lizards/crested-geckos/2640122,,"https://d20zyr0oabjxc2.cloudfront.net/variants/media/raw_images/gfernandez12486/2024/10/20241009215900.459-A7303962_edited-396x396c.jpeg?signature=8D8050D7B9C0C82C6992DA7C5AF765F0F461F268059092734197BD55B188187F 2x, https://d20zyr0oabjxc2.cloudfront.net/variants/media/raw_images/gfernandez12486/2024/10/20241009215900.459-A7303962_edited-198x198c.jpeg?signature=04B13A42D2CCA5D4CE36732F5711254BD3C03C2D614A52CD3015E6EAACBAB2F8 1x"
MaCa-06 Yellow Partial pinstripe,Yellow pinstripe,"https://d20zyr0oabjxc2.cloudfront.net/variants/media/raw_images/gfernandez12486/2024/10/20241009202932.688-A7303938_edited-396x396c.jpeg?signature=542F5425E61C16B2D1D2EE92486F0A12AB4E5A830774627DF742B381215EE12C 2x, https://d20zyr0oabjxc2.cloudfront.net/variants/media/raw_images/gfernandez12486/2024/10/20241009202932.688-A7303938_edited-198x198c.jpeg?signature=57AF51C67B17B5B78A1F106B3AF62AF6B9A94B072B053875CFAC2AC6D97FECB7 1x",/us/c/reptiles/lizards/crested-geckos/2310458,,"https://d20zyr0oabjxc2.cloudfront.net/variants/media/raw_images/gfernandez12486/2024/10/20241009202932.688-A7303938_edited-396x396c.jpeg?signature=542F5425E61C16B2D1D2EE92486F0A12AB4E5A830774627DF742B381215EE12C 2x, https://d20zyr0oabjxc2.cloudfront.net/variants/media/raw_images/gfernandez12486/2024/10/20241009202932.688-A7303938_edited-198x198c.jpeg?signature=57AF51C67B17B5B78A1F106B3AF62AF6B9A94B072B053875CFAC2AC6D97FECB7 1x"
Quad pinstripe,pinstripe,"https://d20zyr0oabjxc2.cloudfront.net/variants/media/raw_images/ambercharles0811/2024/01/20240122042448.283-02FFE434-06B3-45E5-B-396x396c.jpeg?signature=62385C3C06937ABAA15A9F22BF6ECA1B421A2BAED4FFA0346080E7A64A716BB1 2x, https://d20zyr0oabjxc2.cloudfront.net/variants/media/raw_images/ambercharles0811/2024/01/20240122042448.283-02FFE434-06B3-45E5-B-198x198c.jpeg?signature=ACA6A3C7210D482019AA15CB2B903199B93F6A68F8ABBA49EA6CA1B466404220 1x",/us/c/reptiles/lizards/crested-geckos/2124690,,"https://d20zyr0oabjxc2.cloudfront.net/variants/media/raw_images/ambercharles0811/2024/01/20240122042448.283-02FFE434-06B3-45E5-B-396x396c.jpeg?signature=62385C3C06937ABAA15A9F22BF6ECA1B421A2BAED4FFA0346080E7A64A716BB1 2x, https://d20zyr0oabjxc2.cloudfront.net/variants/media/raw_images/ambercharles0811/2024/01/20240122042448.283-02FFE434-06B3-45E5-B-198x198c.jpeg?signature=ACA6A3C7210D482019AA15CB2B903199B93F6A68F8ABBA49EA6CA1B466404220 1x"
pinstripe,pinstripe,"https://d20zyr0oabjxc2.cloudfront.net/variants/media/raw_images/jhexotics/2024/05/20240519143140.885-1000011077-396x396c.jpeg?signature=F2A0DF72FCEF91BE7E88F47DBD4B66A3CC7475A77F89B19751859B7C12088331 2x, https://d20zyr0oabjxc2.cloudfront.net/variants/media/raw_images/jhexotics/2024/05/20240519143140.885-1000011077-198x198c.jpeg?signature=E663847320E53CA6A9E14F086DE16E35E5651444665F3C3D6B99505365246946 1x",/us/c/reptiles/lizards/crested-geckos/2332440,,"https://d20zyr0oabjxc2.cloudfront.net/variants/media/raw_images/jhexotics/2024/05/20240519143140.885-1000011077-396x396c.jpeg?signature=F2A0DF72FCEF91BE7E88F47DBD4B66A3CC7475A77F89B19751859B7C12088331 2x, https://d20zyr0oabjxc2.cloudfront.net/variants/media/raw_images/jhexotics/2024/05/20240519143140.885-1000011077-198x198c.jpeg?signature=E663847320E53CA6A9E14F086DE16E35E5651444665F3C3D6B99505365246946 1x"
Dark Base pinstripe,Dark pinstripe,"https://d20zyr0oabjxc2.cloudfront.net/variants/media/raw_images/ambercharles0811/2024/01/20240122010909.647-8F2A45A3-D63B-46B9-9-396x396c.jpeg?signature=66657249170CBD38A0904D710DEE7BC50086D60E862D50EAB5C3905D744BCBE6 2x, https://d20zyr0oabjxc2.cloudfront.net/variants/media/raw_images/ambercharles0811/2024/01/20240122010909.647-8F2A45A3-D63B-46B9-9-198x198c.jpeg?signature=64591E5C581F7905BB881373B28782229B58C7B27188ED1F245B56A1AC1F5A5E 1x",/us/c/reptiles/lizards/crested-geckos/2124391,,"https://d20zyr0oabjxc2.cloudfront.net/variants/media/raw_images/ambercharles0811/2024/01/20240122010909.647-8F2A45A3-D63B-46B9-9-396x396c.jpeg?signature=66657249170CBD38A0904D710DEE7BC50086D60E862D50EAB5C3905D744BCBE6 2x, https://d20zyr0oabjxc2.cloudfront.net/variants/media/raw_images/ambercharles0811/2024/01/20240122010909.647-8F2A45A3-D63B-46B9-9-198x198c.jpeg?signature=64591E5C581F7905BB881373B28782229B58C7B27188ED1F245B56A1AC1F5A5E 1x"
Quad pinstripe,pinstripe,"https://d20zyr0oabjxc2.cloudfront.net/variants/media/raw_images/ambercharles0811/2024/01/20240122010557.746-47B9DA6C-B17B-44B2-B-396x396c.jpeg?signature=1A6D020173738BD834B88B3DBE7C3941624E941A5C673D9F10AE4E671E530B20 2x, https://d20zyr0oabjxc2.cloudfront.net/variants/media/raw_images/ambercharles0811/2024/01/20240122010557.746-47B9DA6C-B17B-44B2-B-198x198c.jpeg?signature=DCF6E5FD84124C4BD2843E906E49C9C027D57C1FEBADFB8C64FF7074DE7571E4 1x",/us/c/reptiles/lizards/crested-geckos/2124383,,"https://d20zyr0oabjxc2.cloudfront.net/variants/media/raw_images/ambercharles0811/2024/01/20240122010557.746-47B9DA6C-B17B-44B2-B-396x396c.jpeg?signature=1A6D020173738BD834B88B3DBE7C3941624E941A5C673D9F10AE4E671E530B20 2x, https://d20zyr0oabjxc2.cloudfront.net/variants/media/raw_images/ambercharles0811/2024/01/20240122010557.746-47B9DA6C-B17B-44B2-B-198x198c.jpeg?signature=DCF6E5FD84124C4BD2843E906E49C9C027D57C1FEBADFB8C64FF7074DE7571E4 1x"
Twinkie - Yellow pinstripe,Yellow pinstripe,"https://d20zyr0oabjxc2.cloudfront.net/variants/media/raw_images/gfernandez12486/2024/10/20241009221903.172-A7303559_edited-396x396c.jpeg?signature=810FB80534D58906CB26968A3FF0472DBE7269DB25BF46FD53E6232D2AF73BFD 2x, https://d20zyr0oabjxc2.cloudfront.net/variants/media/raw_images/gfernandez12486/2024/10/20241009221903.172-A7303559_edited-198x198c.jpeg?signature=C1914360EBAFFDBD3CB64FBE8AA8A83DD6B24774585FC69AC9A7B6CC835F582C 1x",/us/c/reptiles/lizards/crested-geckos/2640183,,"https://d20zyr0oabjxc2.cloudfront.net/variants/media/raw_images/gfernandez12486/2024/10/20241009221903.172-A7303559_edited-396x396c.jpeg?signature=810FB80534D58906CB26968A3FF0472DBE7269DB25BF46FD53E6232D2AF73BFD 2x, https://d20zyr0oabjxc2.cloudfront.net/variants/media/raw_images/gfernandez12486/2024/10/20241009221903.172-A7303559_edited-198x198c.jpeg?signature=C1914360EBAFFDBD3CB64FBE8AA8A83DD6B24774585FC69AC9A7B6CC835F582C 1x"
SezCa-02 pinstripe,pinstripe,"https://d20zyr0oabjxc2.cloudfront.net/variants/media/raw_images/gfernandez12486/2024/10/20241009220905.327-A7303637_edited-396x396c.jpeg?signature=B037304A2043015590471CF5C907ADD37EFB6B7FE1B568518DD78BB92B573FD4 2x, https://d20zyr0oabjxc2.cloudfront.net/variants/media/raw_images/gfernandez12486/2024/10/20241009220905.327-A7303637_edited-198x198c.jpeg?signature=447EB965F968A256269ACBB4123BB643338C9119DA56B2AE6ED0BC25322979D2 1x",/us/c/reptiles/lizards/crested-geckos/2640149,,"https://d20zyr0oabjxc2.cloudfront.net/variants/media/raw_images/gfernandez12486/2024/10/20241009220905.327-A7303637_edited-396x396c.jpeg?signature=B037304A2043015590471CF5C907ADD37EFB6B7FE1B568518DD78BB92B573FD4 2x, https://d20zyr0oabjxc2.cloudfront.net/variants/media/raw_images/gfernandez12486/2024/10/20241009220905.327-A7303637_edited-198x198c.jpeg?signature=447EB965F968A256269ACBB4123BB643338C9119DA56B2AE6ED0BC25322979D2 1x"
Manabi - Yellow pinstripe,Yellow pinstripe,"https://d20zyr0oabjxc2.cloudfront.net/variants/media/raw_images/gfernandez12486/2024/10/20241009203801.664-A7304047_edited-396x396c.jpeg?signature=76D9BAE3628A7DC58CC0B26B885C4A66740A7A2663332F592755F395974ACF63 2x, https://d20zyr0oabjxc2.cloudfront.net/variants/media/raw_images/gfernandez12486/2024/10/20241009203801.664-A7304047_edited-198x198c.jpeg?signature=5A0F2A2B9A8E118781F4B013B09FA3235296AD9DC45A6E29FA2D1BA358C11B67 1x",/us/c/reptiles/lizards/crested-geckos/2639922,,"https://d20zyr0oabjxc2.cloudfront.net/variants/media/raw_images/gfernandez12486/2024/10/20241009203801.664-A7304047_edited-396x396c.jpeg?signature=76D9BAE3628A7DC58CC0B26B885C4A66740A7A2663332F592755F395974ACF63 2x, https://d20zyr0oabjxc2.cloudfront.net/variants/media/raw_images/gfernandez12486/2024/10/20241009203801.664-A7304047_edited-198x198c.jpeg?signature=5A0F2A2B9A8E118781F4B013B09FA3235296AD9DC45A6E29FA2D1BA358C11B67 1x"
MaKi-01 Yellow pinstripe,Yellow pinstripe,"https://d20zyr0oabjxc2.cloudfront.net/variants/media/raw_images/gfernandez12486/2024/10/20241009203259.726-A7303526_edited-396x396c.jpeg?signature=153F873711BFF819BA61B7E0FFB26003C71E70115E72CF3EFC9654D43F137FD7 2x, https://d20zyr0oabjxc2.cloudfront.net/variants/media/raw_images/gfernandez12486/2024/10/20241009203259.726-A7303526_edited-198x198c.jpeg?signature=F6D57832D51607322BF2BDCDC2D370BD65D9688F8ED117C752A654F0AFA2F1AC 1x",/us/c/reptiles/lizards/crested-geckos/2639911,,"https://d20zyr0oabjxc2.cloudfront.net/variants/media/raw_images/gfernandez12486/2024/10/20241009203259.726-A7303526_edited-396x396c.jpeg?signature=153F873711BFF819BA61B7E0FFB26003C71E70115E72CF3EFC9654D43F137FD7 2x, https://d20zyr0oabjxc2.cloudfront.net/variants/media/raw_images/gfernandez12486/2024/10/20241009203259.726-A7303526_edited-198x198c.jpeg?signature=F6D57832D51607322BF2BDCDC2D370BD65D9688F8ED117C752A654F0AFA2F1AC 1x"
Reverse pinstripe,pinstripe,"https://d20zyr0oabjxc2.cloudfront.net/variants/media/raw_images/exoticos_exotics/2024/10/20241011164416.655-IMG_7891-396x396c.jpeg?signature=C13DFEEF1DB362DE93F566179BBDB98B7A3CBC244700636D292408EF74B125E2 2x, https://d20zyr0oabjxc2.cloudfront.net/variants/media/raw_images/exoticos_exotics/2024/10/20241011164416.655-IMG_7891-198x198c.jpeg?signature=6530E89495BA0D8D3FD7048605AEB48DAB4C47E00F71AB798FC23381DC823141 1x",/us/c/reptiles/lizards/crested-geckos/2643478,,"https://d20zyr0oabjxc2.cloudfront.net/variants/media/raw_images/exoticos_exotics/2024/10/20241011164416.655-IMG_7891-396x396c.jpeg?signature=C13DFEEF1DB362DE93F566179BBDB98B7A3CBC244700636D292408EF74B125E2 2x, https://d20zyr0oabjxc2.cloudfront.net/variants/media/raw_images/exoticos_exotics/2024/10/20241011164416.655-IMG_7891-198x198c.jpeg?signature=6530E89495BA0D8D3FD7048605AEB48DAB4C47E00F71AB798FC23381DC823141 1x"
pinstripe,pinstripe,"https://d20zyr0oabjxc2.cloudfront.net/variants/media/raw_images/exoticos_exotics/2024/10/20241011163810.690-IMG_7856-396x396c.jpeg?signature=977CD6951429BA7463B4A8922DB8D7F8CE547D7EAFEE399CC7BCBF80FABA6175 2x, https://d20zyr0oabjxc2.cloudfront.net/variants/media/raw_images/exoticos_exotics/2024/10/20241011163810.690-IMG_7856-198x198c.jpeg?signature=6F22877EDB2E5F6949DB35D1C7F27295BDD9D510F09FB1E065F7141997F86F16 1x",/us/c/reptiles/lizards/crested-geckos/2643460,,"https://d20zyr0oabjxc2.cloudfront.net/variants/media/raw_images/exoticos_exotics/2024/10/20241011163810.690-IMG_7856-396x396c.jpeg?signature=977CD6951429BA7463B4A8922DB8D7F8CE547D7EAFEE399CC7BCBF80FABA6175 2x, https://d20zyr0oabjxc2.cloudfront.net/variants/media/raw_images/exoticos_exotics/2024/10/20241011163810.690-IMG_7856-198x198c.jpeg?signature=6F22877EDB2E5F6949DB35D1C7F27295BDD9D510F09FB1E065F7141997F86F16 1x"
Yellow Phantom Partial pinstripe,Yellow pinstripe,"https://d20zyr0oabjxc2.cloudfront.net/variants/media/raw_images/exoticos_exotics/2024/10/20241011163228.795-IMG_7878-396x396c.jpeg?signature=A1875492019887FBCFC43F7CC9C2761E9B4519A74B7433C8D7239DB77DEFBE59 2x, https://d20zyr0oabjxc2.cloudfront.net/variants/media/raw_images/exoticos_exotics/2024/10/20241011163228.795-IMG_7878-198x198c.jpeg?signature=EF5B95ED9AE7B700240D9D22C9E98A50B6C8F595D738F48E259CE4464B9102DB 1x",/us/c/reptiles/lizards/crested-geckos/2643443,,"https://d20zyr0oabjxc2.cloudfront.net/variants/media/raw_images/exoticos_exotics/2024/10/20241011163228.795-IMG_7878-396x396c.jpeg?signature=A1875492019887FBCFC43F7CC9C2761E9B4519A74B7433C8D7239DB77DEFBE59 2x, https://d20zyr0oabjxc2.cloudfront.net/variants/media/raw_images/exoticos_exotics/2024/10/20241011163228.795-IMG_7878-198x198c.jpeg?signature=EF5B95ED9AE7B700240D9D22C9E98A50B6C8F595D738F48E259CE4464B9102DB 1x"
Yellow Reverse pinstripe,Yellow pinstripe,"https://d20zyr0oabjxc2.cloudfront.net/variants/media/raw_images/exoticos_exotics/2024/10/20241011163035.154-IMG_7880-396x396c.jpeg?signature=3465FEEBF6F8C277C12B6DC44996C76B7D2A3124AF3E36FF0DD3BE5175C355CC 2x, https://d20zyr0oabjxc2.cloudfront.net/variants/media/raw_images/exoticos_exotics/2024/10/20241011163035.154-IMG_7880-198x198c.jpeg?signature=57403C6BCD45399181A95CC2EEA243C3CB5B73499B8B291204771050D0545933 1x",/us/c/reptiles/lizards/crested-geckos/2643437,,"https://d20zyr0oabjxc2.cloudfront.net/variants/media/raw_images/exoticos_exotics/2024/10/20241011163035.154-IMG_7880-396x396c.jpeg?signature=3465FEEBF6F8C277C12B6DC44996C76B7D2A3124AF3E36FF0DD3BE5175C355CC 2x, https://d20zyr0oabjxc2.cloudfront.net/variants/media/raw_images/exoticos_exotics/2024/10/20241011163035.154-IMG_7880-198x198c.jpeg?signature=57403C6BCD45399181A95CC2EEA243C3CB5B73499B8B291204771050D0545933 1x"
Lilu - pinstripe,pinstripe,"https://d20zyr0oabjxc2.cloudfront.net/variants/media/raw_images/gfernandez12486/2024/10/20241009200819.540-A7304107_edited-396x396c.jpeg?signature=2D63C0806EC8DDE312003449A27C7F879CB38A3695E1D6CE22B1BD5DCAF197BC 2x, https://d20zyr0oabjxc2.cloudfront.net/variants/media/raw_images/gfernandez12486/2024/10/20241009200819.540-A7304107_edited-198x198c.jpeg?signature=9675ED61F1052FC41D0B1CD41760E937B74CB2C3CB93F088A856B9D3B69B778F 1x",/us/c/reptiles/lizards/crested-geckos/1098754,,"https://d20zyr0oabjxc2.cloudfront.net/variants/media/raw_images/gfernandez12486/2024/10/20241009200819.540-A7304107_edited-396x396c.jpeg?signature=2D63C0806EC8DDE312003449A27C7F879CB38A3695E1D6CE22B1BD5DCAF197BC 2x, https://d20zyr0oabjxc2.cloudfront.net/variants/media/raw_images/gfernandez12486/2024/10/20241009200819.540-A7304107_edited-198x198c.jpeg?signature=9675ED61F1052FC41D0B1CD41760E937B74CB2C3CB93F088A856B9D3B69B778F 1x"
Drippy pinstripe,pinstripe,"https://d20zyr0oabjxc2.cloudfront.net/variants/media/raw_images/exoticos_exotics/2024/10/20241011162536.123-IMG_7893-396x396c.jpeg?signature=7180FDDFB99F4A9DCA08FD7394CA333CEA5964B4C5FF885794F700C2B2B35512 2x, https://d20zyr0oabjxc2.cloudfront.net/variants/media/raw_images/exoticos_exotics/2024/10/20241011162536.123-IMG_7893-198x198c.jpeg?signature=75D90E0AE74D86C7D340F14B7343ABBDABCA75BD88E7E7CBA1B838D76164ED36 1x",/us/c/reptiles/lizards/crested-geckos/2643423,,"https://d20zyr0oabjxc2.cloudfront.net/variants/media/raw_images/exoticos_exotics/2024/10/20241011162536.123-IMG_7893-396x396c.jpeg?signature=7180FDDFB99F4A9DCA08FD7394CA333CEA5964B4C5FF885794F700C2B2B35512 2x, https://d20zyr0oabjxc2.cloudfront.net/variants/media/raw_images/exoticos_exotics/2024/10/20241011162536.123-IMG_7893-198x198c.jpeg?signature=75D90E0AE74D86C7D340F14B7343ABBDABCA75BD88E7E7CBA1B838D76164ED36 1x"
Phantom pinstripe - No Pores Visible,pinstripe,"https://d20zyr0oabjxc2.cloudfront.net/variants/media/raw_images/tgareptiles/2024/10/20241011132708.254-IMG_2822-396x396c.jpeg?signature=3F393DBF9EFF1D80946956F40B6E8F42BA13D1BDDCDBCF1CE0B02068CDD12DE9 2x, https://d20zyr0oabjxc2.cloudfront.net/variants/media/raw_images/tgareptiles/2024/10/20241011132708.254-IMG_2822-198x198c.jpeg?signature=FA7A1E8E1DD767804A3C16C84652015902E990EE7B709817BCCF31E3490B891F 1x",/us/c/reptiles/lizards/crested-geckos/2643144,,"https://d20zyr0oabjxc2.cloudfront.net/variants/media/raw_images/tgareptiles/2024/10/20241011132708.254-IMG_2822-396x396c.jpeg?signature=3F393DBF9EFF1D80946956F40B6E8F42BA13D1BDDCDBCF1CE0B02068CDD12DE9 2x, https://d20zyr0oabjxc2.cloudfront.net/variants/media/raw_images/tgareptiles/2024/10/20241011132708.254-IMG_2822-198x198c.jpeg?signature=FA7A1E8E1DD767804A3C16C84652015902E990EE7B709817BCCF31E3490B891F 1x"
15g Female pinstripe,pinstripe,"https://d20zyr0oabjxc2.cloudfront.net/variants/media/raw_images/howlreptiles/2024/04/20240401012023.478-DSC_08062-396x396c.jpeg?signature=AD63B762E507B0893D6B8E4BB35AECC052BEC0F037E2CB5AF19323241B0A454E 2x, https://d20zyr0oabjxc2.cloudfront.net/variants/media/raw_images/howlreptiles/2024/04/20240401012023.478-DSC_08062-198x198c.jpeg?signature=7F183E4381F9F1187F9AF9BCC0B7B42F7045AA5E4AC7CAE3A1CC2FC57740D1F7 1x",/us/c/reptiles/lizards/crested-geckos/2253791,,"https://d20zyr0oabjxc2.cloudfront.net/variants/media/raw_images/howlreptiles/2024/04/20240401012023.478-DSC_08062-396x396c.jpeg?signature=AD63B762E507B0893D6B8E4BB35AECC052BEC0F037E2CB5AF19323241B0A454E 2x, https://d20zyr0oabjxc2.cloudfront.net/variants/media/raw_images/howlreptiles/2024/04/20240401012023.478-DSC_08062-198x198c.jpeg?signature=7F183E4381F9F1187F9AF9BCC0B7B42F7045AA5E4AC7CAE3A1CC2FC57740D1F7 1x"
MaCa-03 Yellow Phantom pinstripe,Yellow pinstripe,"https://d20zyr0oabjxc2.cloudfront.net/variants/media/raw_images/gfernandez12486/2024/10/20241009202459.977-A7303760_edited-396x396c.jpeg?signature=19890846C5E09C392FF0BBE2CFB20B467BCE7C556032656965C764377E2FF5FC 2x, https://d20zyr0oabjxc2.cloudfront.net/variants/media/raw_images/gfernandez12486/2024/10/20241009202459.977-A7303760_edited-198x198c.jpeg?signature=5334F1C3E6CA01F6878DBF34F139FB3E96E3206CDDF620E9AF786EA48ABB273A 1x",/us/c/reptiles/lizards/crested-geckos/2310453,,"https://d20zyr0oabjxc2.cloudfront.net/variants/media/raw_images/gfernandez12486/2024/10/20241009202459.977-A7303760_edited-396x396c.jpeg?signature=19890846C5E09C392FF0BBE2CFB20B467BCE7C556032656965C764377E2FF5FC 2x, https://d20zyr0oabjxc2.cloudfront.net/variants/media/raw_images/gfernandez12486/2024/10/20241009202459.977-A7303760_edited-198x198c.jpeg?signature=5334F1C3E6CA01F6878DBF34F139FB3E96E3206CDDF620E9AF786EA48ABB273A 1x"
LiBr-03 Lavender pinstripe,pinstripe,"https://d20zyr0oabjxc2.cloudfront.net/variants/media/raw_images/gfernandez12486/2024/10/20241009200309.888-A7303517_edited-396x396c.jpeg?signature=D29D01EE31C933B287C9C37AA3C14A4110CCEE1BB105366F3EBB1A31A469C35B 2x, https://d20zyr0oabjxc2.cloudfront.net/variants/media/raw_images/gfernandez12486/2024/10/20241009200309.888-A7303517_edited-198x198c.jpeg?signature=795D7022FA79A88D81E5E4801E6DC6E9DEBEE85AAD1756C8FBFE109D521532C4 1x",/us/c/reptiles/lizards/crested-geckos/2639822,,"https://d20zyr0oabjxc2.cloudfront.net/variants/media/raw_images/gfernandez12486/2024/10/20241009200309.888-A7303517_edited-396x396c.jpeg?signature=D29D01EE31C933B287C9C37AA3C14A4110CCEE1BB105366F3EBB1A31A469C35B 2x, https://d20zyr0oabjxc2.cloudfront.net/variants/media/raw_images/gfernandez12486/2024/10/20241009200309.888-A7303517_edited-198x198c.jpeg?signature=795D7022FA79A88D81E5E4801E6DC6E9DEBEE85AAD1756C8FBFE109D521532C4 1x"
SezCa-01 Yellow pinstripe,Yellow pinstripe,"https://d20zyr0oabjxc2.cloudfront.net/variants/media/raw_images/gfernandez12486/2024/10/20241009220701.145-A7303672_edited-396x396c.jpeg?signature=F550B67A9BFC65766A96C584CD94AB60A2B35E0DFE3C69A3535FC3065E2F578C 2x, https://d20zyr0oabjxc2.cloudfront.net/variants/media/raw_images/gfernandez12486/2024/10/20241009220701.145-A7303672_edited-198x198c.jpeg?signature=3179773B488989C3495E1389686E09383305BF366EB87588C9B108B63A6B1F91 1x",/us/c/reptiles/lizards/crested-geckos/2640141,,"https://d20zyr0oabjxc2.cloudfront.net/variants/media/raw_images/gfernandez12486/2024/10/20241009220701.145-A7303672_edited-396x396c.jpeg?signature=F550B67A9BFC65766A96C584CD94AB60A2B35E0DFE3C69A3535FC3065E2F578C 2x, https://d20zyr0oabjxc2.cloudfront.net/variants/media/raw_images/gfernandez12486/2024/10/20241009220701.145-A7303672_edited-198x198c.jpeg?signature=3179773B488989C3495E1389686E09383305BF366EB87588C9B108B63A6B1F91 1x"
SeAt-02 pinstripe,pinstripe,"https://d20zyr0oabjxc2.cloudfront.net/variants/media/raw_images/gfernandez12486/2024/10/20241009214303.675-A7303921_edited-396x396c.jpeg?signature=6DF0E606C29469A56902C74B381790FD16CA110F1E27AE430764CE457F58EF96 2x, https://d20zyr0oabjxc2.cloudfront.net/variants/media/raw_images/gfernandez12486/2024/10/20241009214303.675-A7303921_edited-198x198c.jpeg?signature=CBA4FE9DDB10B20EBBA75CA76C6795919D81072EE4386B4179A0C1FFC412CBF3 1x",/us/c/reptiles/lizards/crested-geckos/2640088,,"https://d20zyr0oabjxc2.cloudfront.net/variants/media/raw_images/gfernandez12486/2024/10/20241009214303.675-A7303921_edited-396x396c.jpeg?signature=6DF0E606C29469A56902C74B381790FD16CA110F1E27AE430764CE457F58EF96 2x, https://d20zyr0oabjxc2.cloudfront.net/variants/media/raw_images/gfernandez12486/2024/10/20241009214303.675-A7303921_edited-198x198c.jpeg?signature=CBA4FE9DDB10B20EBBA75CA76C6795919D81072EE4386B4179A0C1FFC412CBF3 1x"
SaHa-07 Dark Base pinstripe,Dark pinstripe,"https://d20zyr0oabjxc2.cloudfront.net/variants/media/raw_images/gfernandez12486/2024/10/20241009214034.344-A7303918_edited-396x396c.jpeg?signature=76B0BC78949048E0EFD6E00799DAC101A9A1BCF777EFCBD13F84B47DFDADDDD2 2x, https://d20zyr0oabjxc2.cloudfront.net/variants/media/raw_images/gfernandez12486/2024/10/20241009214034.344-A7303918_edited-198x198c.jpeg?signature=20A09A7A6AFD5B63A1C567CAFEB2E68B0030A486C2FBD6F9B3CEAEEF74820BFA 1x",/us/c/reptiles/lizards/crested-geckos/2640082,,"https://d20zyr0oabjxc2.cloudfront.net/variants/media/raw_images/gfernandez12486/2024/10/20241009214034.344-A7303918_edited-396x396c.jpeg?signature=76B0BC78949048E0EFD6E00799DAC101A9A1BCF777EFCBD13F84B47DFDADDDD2 2x, https://d20zyr0oabjxc2.cloudfront.net/variants/media/raw_images/gfernandez12486/2024/10/20241009214034.344-A7303918_edited-198x198c.jpeg?signature=20A09A7A6AFD5B63A1C567CAFEB2E68B0030A486C2FBD6F9B3CEAEEF74820BFA 1x"
Dark Base White Wall pinstripe,Dark pinstripe,"https://d20zyr0oabjxc2.cloudfront.net/variants/media/raw_images/hybridgeckos/2024/09/20240912014242.992-IMG_3979-396x396c.jpeg?signature=1E89223769D0B3F9DE63D1684C542D82F80630CC93BBD70D60457E85D1265C57 2x, https://d20zyr0oabjxc2.cloudfront.net/variants/media/raw_images/hybridgeckos/2024/09/20240912014242.992-IMG_3979-198x198c.jpeg?signature=5556F1C2615C54A0497050823AECA587FD008CE13A903B0767F9A9982CF3C49C 1x",/us/c/reptiles/lizards/crested-geckos/2572562,,"https://d20zyr0oabjxc2.cloudfront.net/variants/media/raw_images/hybridgeckos/2024/09/20240912014242.992-IMG_3979-396x396c.jpeg?signature=1E89223769D0B3F9DE63D1684C542D82F80630CC93BBD70D60457E85D1265C57 2x, https://d20zyr0oabjxc2.cloudfront.net/variants/media/raw_images/hybridgeckos/2024/09/20240912014242.992-IMG_3979-198x198c.jpeg?signature=5556F1C2615C54A0497050823AECA587FD008CE13A903B0767F9A9982CF3C49C 1x"
22 Yellow pinstripe Het Empty Back,Yellow pinstripe,"https://d20zyr0oabjxc2.cloudfront.net/variants/media/raw_images/nickelup/2024/10/20241031184115.755-IMG_9440-396x396c.jpeg?signature=86970A25B7215A9CC36BA4F4ECEC74EB0F8346505BFB6A508E0E2E480F2F096F 2x, https://d20zyr0oabjxc2.cloudfront.net/variants/media/raw_images/nickelup/2024/10/20241031184115.755-IMG_9440-198x198c.jpeg?signature=8C79BD5F988E4FB53DCF7EB65879D6752ADB538542F0E063AA0FDCD4D6F00796 1x",/us/c/reptiles/lizards/crested-geckos/2635742,,"https://d20zyr0oabjxc2.cloudfront.net/variants/media/raw_images/nickelup/2024/10/20241031184115.755-IMG_9440-396x396c.jpeg?signature=86970A25B7215A9CC36BA4F4ECEC74EB0F8346505BFB6A508E0E2E480F2F096F 2x, https://d20zyr0oabjxc2.cloudfront.net/variants/media/raw_images/nickelup/2024/10/20241031184115.755-IMG_9440-198x198c.jpeg?signature=8C79BD5F988E4FB53DCF7EB65879D6752ADB538542F0E063AA0FDCD4D6F00796 1x"
Red pinstripe,Red pinstripe,"https://d20zyr0oabjxc2.cloudfront.net/variants/media/raw_images/gecko_galaxy/2024/10/20241006205224.410-IMG_5906-396x396c.jpeg?signature=919D2CFF9242E51FFE7A945BBC4F500EFE51BC734D2FFF96712A8BAFD24890A1 2x, https://d20zyr0oabjxc2.cloudfront.net/variants/media/raw_images/gecko_galaxy/2024/10/20241006205224.410-IMG_5906-198x198c.jpeg?signature=6FBBCA8E8BC3861ECB6351B5235CFA688FD6338FC247347ED758F049F89C1D96 1x",/us/c/reptiles/lizards/crested-geckos/2632596,,"https://d20zyr0oabjxc2.cloudfront.net/variants/media/raw_images/gecko_galaxy/2024/10/20241006205224.410-IMG_5906-396x396c.jpeg?signature=919D2CFF9242E51FFE7A945BBC4F500EFE51BC734D2FFF96712A8BAFD24890A1 2x, https://d20zyr0oabjxc2.cloudfront.net/variants/media/raw_images/gecko_galaxy/2024/10/20241006205224.410-IMG_5906-198x198c.jpeg?signature=6FBBCA8E8BC3861ECB6351B5235CFA688FD6338FC247347ED758F049F89C1D96 1x"
Dark Softscale pinstripe,Dark pinstripe,"https://d20zyr0oabjxc2.cloudfront.net/variants/media/raw_images/crestopia_reptiles/2024/10/20241004170808.282-20241004_130310-396x396c.jpeg?signature=EA71B4B6BE23A0105CB1F072B72D5CB3A74D3F7154EF08A363CFAD884A61C69F 2x, https://d20zyr0oabjxc2.cloudfront.net/variants/media/raw_images/crestopia_reptiles/2024/10/20241004170808.282-20241004_130310-198x198c.jpeg?signature=0B4FF062CDCF63D97A0A46A29A5A52795653E7B4FE5CA55532F207BDADB7532C 1x",/us/c/reptiles/lizards/crested-geckos/2627852,,"https://d20zyr0oabjxc2.cloudfront.net/variants/media/raw_images/crestopia_reptiles/2024/10/20241004170808.282-20241004_130310-396x396c.jpeg?signature=EA71B4B6BE23A0105CB1F072B72D5CB3A74D3F7154EF08A363CFAD884A61C69F 2x, https://d20zyr0oabjxc2.cloudfront.net/variants/media/raw_images/crestopia_reptiles/2024/10/20241004170808.282-20241004_130310-198x198c.jpeg?signature=0B4FF062CDCF63D97A0A46A29A5A52795653E7B4FE5CA55532F207BDADB7532C 1x"
24g Female Full pinstripe; Quadstripe,pinstripe;,"https://d20zyr0oabjxc2.cloudfront.net/variants/media/raw_images/mygeckospot/2024/03/20240323233328.890-IMG_9323-396x396c.jpeg?signature=F771BDB797F2CFFC6653F4618EF29815FA18B7CEFCD6AC1D6261856DD24816CD 2x, https://d20zyr0oabjxc2.cloudfront.net/variants/media/raw_images/mygeckospot/2024/03/20240323233328.890-IMG_9323-198x198c.jpeg?signature=09B3682F958CB6B2C637B589857BB6060BDC95460487AC4CD7EB52332D2236F1 1x",/us/c/reptiles/lizards/crested-geckos/2240161,,"https://d20zyr0oabjxc2.cloudfront.net/variants/media/raw_images/mygeckospot/2024/03/20240323233328.890-IMG_9323-396x396c.jpeg?signature=F771BDB797F2CFFC6653F4618EF29815FA18B7CEFCD6AC1D6261856DD24816CD 2x, https://d20zyr0oabjxc2.cloudfront.net/variants/media/raw_images/mygeckospot/2024/03/20240323233328.890-IMG_9323-198x198c.jpeg?signature=09B3682F958CB6B2C637B589857BB6060BDC95460487AC4CD7EB52332D2236F1 1x"
32g Female Extreme Harlequin 100% Full Bold pinstripe-stripe,pinstripe-stripe,"https://d20zyr0oabjxc2.cloudfront.net/variants/media/raw_images/mygeckospot/2024/03/20240323221629.26-IMG_9307-396x396c.jpeg?signature=3E31362D377DC940E1F0B31ABB9582FF6AF19565F965FB382B08796C0E0ED5F7 2x, https://d20zyr0oabjxc2.cloudfront.net/variants/media/raw_images/mygeckospot/2024/03/20240323221629.26-IMG_9307-198x198c.jpeg?signature=F72EA26DA444868F400F5C6516BA2ED8C4472BEFFBA419F7AF73C8DBFB0FD0C4 1x",/us/c/reptiles/lizards/crested-geckos/1888611,,"https://d20zyr0oabjxc2.cloudfront.net/variants/media/raw_images/mygeckospot/2024/03/20240323221629.26-IMG_9307-396x396c.jpeg?signature=3E31362D377DC940E1F0B31ABB9582FF6AF19565F965FB382B08796C0E0ED5F7 2x, https://d20zyr0oabjxc2.cloudfront.net/variants/media/raw_images/mygeckospot/2024/03/20240323221629.26-IMG_9307-198x198c.jpeg?signature=F72EA26DA444868F400F5C6516BA2ED8C4472BEFFBA419F7AF73C8DBFB0FD0C4 1x"
4g NPV Stunning Full pinstripe With Quad Stripe,pinstripe,"https://d20zyr0oabjxc2.cloudfront.net/variants/media/raw_images/mygeckospot/2024/03/20240325113413.652-IMG_9375-396x396c.jpeg?signature=4E38703EECD9EF464B50BEDD1C2279A30554BDDA9E9522593ECA16DAB1AE8282 2x, https://d20zyr0oabjxc2.cloudfront.net/variants/media/raw_images/mygeckospot/2024/03/20240325113413.652-IMG_9375-198x198c.jpeg?signature=366250217B2DDAC29F3F4AA6E387D69FDE1F28FE224989138573E3CE664BD978 1x",/us/c/reptiles/lizards/crested-geckos/2242649,,"https://d20zyr0oabjxc2.cloudfront.net/variants/media/raw_images/mygeckospot/2024/03/20240325113413.652-IMG_9375-396x396c.jpeg?signature=4E38703EECD9EF464B50BEDD1C2279A30554BDDA9E9522593ECA16DAB1AE8282 2x, https://d20zyr0oabjxc2.cloudfront.net/variants/media/raw_images/mygeckospot/2024/03/20240325113413.652-IMG_9375-198x198c.jpeg?signature=366250217B2DDAC29F3F4AA6E387D69FDE1F28FE224989138573E3CE664BD978 1x"
Bold 100% pinstripe-stripe/ Quad-stripe,pinstripe-stripe/,"https://d20zyr0oabjxc2.cloudfront.net/variants/media/raw_images/mygeckospot/2024/03/20240323220312.377-IMG_9305-396x396c.jpeg?signature=17287C0FAD3E74B08D84AAEC86F3B9CBAFC86E43A76B72A61776F5EC9E0F864B 2x, https://d20zyr0oabjxc2.cloudfront.net/variants/media/raw_images/mygeckospot/2024/03/20240323220312.377-IMG_9305-198x198c.jpeg?signature=722F99E6C0654796AE72A847A3B2061633126041B20C186C2EBEE607B79594AC 1x",/us/c/reptiles/lizards/crested-geckos/2094780,,"https://d20zyr0oabjxc2.cloudfront.net/variants/media/raw_images/mygeckospot/2024/03/20240323220312.377-IMG_9305-396x396c.jpeg?signature=17287C0FAD3E74B08D84AAEC86F3B9CBAFC86E43A76B72A61776F5EC9E0F864B 2x, https://d20zyr0oabjxc2.cloudfront.net/variants/media/raw_images/mygeckospot/2024/03/20240323220312.377-IMG_9305-198x198c.jpeg?signature=722F99E6C0654796AE72A847A3B2061633126041B20C186C2EBEE607B79594AC 1x"
21g Female Full pinstripe With Quad-stripe,pinstripe,"https://d20zyr0oabjxc2.cloudfront.net/variants/media/raw_images/mygeckospot/2024/03/20240325103402.104-IMG_9347-396x396c.jpeg?signature=CD5B08FD4D4EB105F7FF75EAB20D50408FE1FAC389AAC9571D21834E36040186 2x, https://d20zyr0oabjxc2.cloudfront.net/variants/media/raw_images/mygeckospot/2024/03/20240325103402.104-IMG_9347-198x198c.jpeg?signature=CB3544B15811D908C61EBF5EAFC55FDC1CAA58EFCE2EFA8B59C9A1A0C71D699D 1x",/us/c/reptiles/lizards/crested-geckos/2242592,,"https://d20zyr0oabjxc2.cloudfront.net/variants/media/raw_images/mygeckospot/2024/03/20240325103402.104-IMG_9347-396x396c.jpeg?signature=CD5B08FD4D4EB105F7FF75EAB20D50408FE1FAC389AAC9571D21834E36040186 2x, https://d20zyr0oabjxc2.cloudfront.net/variants/media/raw_images/mygeckospot/2024/03/20240325103402.104-IMG_9347-198x198c.jpeg?signature=CB3544B15811D908C61EBF5EAFC55FDC1CAA58EFCE2EFA8B59C9A1A0C71D699D 1x"
NPV Full pinstripe With Quad-stripe,pinstripe,"https://d20zyr0oabjxc2.cloudfront.net/variants/media/raw_images/mygeckospot/2024/03/20240325114037.890-IMG_9377-396x396c.jpeg?signature=F26326073413467A60F95718875EA7C2AD9B57A3491D5E76F6736FDEE1F5DAD8 2x, https://d20zyr0oabjxc2.cloudfront.net/variants/media/raw_images/mygeckospot/2024/03/20240325114037.890-IMG_9377-198x198c.jpeg?signature=AB42A802D6D42C009ABE15C078501DAF9501C10240F9E21470023E4A2FFAB113 1x",/us/c/reptiles/lizards/crested-geckos/2242651,,"https://d20zyr0oabjxc2.cloudfront.net/variants/media/raw_images/mygeckospot/2024/03/20240325114037.890-IMG_9377-396x396c.jpeg?signature=F26326073413467A60F95718875EA7C2AD9B57A3491D5E76F6736FDEE1F5DAD8 2x, https://d20zyr0oabjxc2.cloudfront.net/variants/media/raw_images/mygeckospot/2024/03/20240325114037.890-IMG_9377-198x198c.jpeg?signature=AB42A802D6D42C009ABE15C078501DAF9501C10240F9E21470023E4A2FFAB113 1x"
Personal Holdback Fantastic pinstripe Male RTB,pinstripe,"https://d20zyr0oabjxc2.cloudfront.net/variants/media/raw_images/ksevachko/2024/08/20240803021521.988-IMG_6654-396x396c.jpeg?signature=84E1AD5CB311C587C72209BBFF2893075161471C5FD55E5B1D0A54C2A58CB8A3 2x, https://d20zyr0oabjxc2.cloudfront.net/variants/media/raw_images/ksevachko/2024/08/20240803021521.988-IMG_6654-198x198c.jpeg?signature=0AD90FB1A7CBD0F2A62B75DA28305AB673574C799E9C4CC4388FA26A84C17CF7 1x",/us/c/reptiles/lizards/crested-geckos/2472081,,"https://d20zyr0oabjxc2.cloudfront.net/variants/media/raw_images/ksevachko/2024/08/20240803021521.988-IMG_6654-396x396c.jpeg?signature=84E1AD5CB311C587C72209BBFF2893075161471C5FD55E5B1D0A54C2A58CB8A3 2x, https://d20zyr0oabjxc2.cloudfront.net/variants/media/raw_images/ksevachko/2024/08/20240803021521.988-IMG_6654-198x198c.jpeg?signature=0AD90FB1A7CBD0F2A62B75DA28305AB673574C799E9C4CC4388FA26A84C17CF7 1x"
Contrasty pinstripe,pinstripe,"https://d20zyr0oabjxc2.cloudfront.net/variants/media/raw_images/ksevachko/2024/08/20240809003227.459-IMG_5332-396x396c.jpeg?signature=43FE68E45111764C40172F158CA81B7FF3E91209E0222388393F0A1F3CFB0A41 2x, https://d20zyr0oabjxc2.cloudfront.net/variants/media/raw_images/ksevachko/2024/08/20240809003227.459-IMG_5332-198x198c.jpeg?signature=4A94F5AAE4DB3CCA210F4495970F491B4A667FE739D0B826430AEE9E3E4EFB79 1x",/us/c/reptiles/lizards/crested-geckos/2161697,,"https://d20zyr0oabjxc2.cloudfront.net/variants/media/raw_images/ksevachko/2024/08/20240809003227.459-IMG_5332-396x396c.jpeg?signature=43FE68E45111764C40172F158CA81B7FF3E91209E0222388393F0A1F3CFB0A41 2x, https://d20zyr0oabjxc2.cloudfront.net/variants/media/raw_images/ksevachko/2024/08/20240809003227.459-IMG_5332-198x198c.jpeg?signature=4A94F5AAE4DB3CCA210F4495970F491B4A667FE739D0B826430AEE9E3E4EFB79 1x"
Yellow/Orange pinstripe,Yellow/Orange pinstripe,"https://d20zyr0oabjxc2.cloudfront.net/variants/media/raw_images/ksevachko/2024/09/20240926220626.788-IMG_0923-396x396c.jpeg?signature=A7A6FA78A93D3AF1A047784CC16EF7414CFFA58472CBCCA634F333B54BDA1C1D 2x, https://d20zyr0oabjxc2.cloudfront.net/variants/media/raw_images/ksevachko/2024/09/20240926220626.788-IMG_0923-198x198c.jpeg?signature=1F1350DA8E0045CE8DC182A85D80C1C63F5BFD41445D90807C2F203F257BCDD8 1x",/us/c/reptiles/lizards/crested-geckos/2609506,,"https://d20zyr0oabjxc2.cloudfront.net/variants/media/raw_images/ksevachko/2024/09/20240926220626.788-IMG_0923-396x396c.jpeg?signature=A7A6FA78A93D3AF1A047784CC16EF7414CFFA58472CBCCA634F333B54BDA1C1D 2x, https://d20zyr0oabjxc2.cloudfront.net/variants/media/raw_images/ksevachko/2024/09/20240926220626.788-IMG_0923-198x198c.jpeg?signature=1F1350DA8E0045CE8DC182A85D80C1C63F5BFD41445D90807C2F203F257BCDD8 1x"
Pet Only Bright White pinstripe,pinstripe,"https://d20zyr0oabjxc2.cloudfront.net/variants/media/raw_images/moxieexotics/2024/08/20240826032729.43-IMG_3302-396x396c.jpeg?signature=661660E10B31966D88D6309C68CE0ED4C7A61DB00D539ABE43E5BF31221E44E2 2x, https://d20zyr0oabjxc2.cloudfront.net/variants/media/raw_images/moxieexotics/2024/08/20240826032729.43-IMG_3302-198x198c.jpeg?signature=19C2F7D0A08DDCEC481A4C5242242480321702A18D1E695C5C10995AA4823A9B 1x",/us/c/reptiles/lizards/crested-geckos/1434066,,"https://d20zyr0oabjxc2.cloudfront.net/variants/media/raw_images/moxieexotics/2024/08/20240826032729.43-IMG_3302-396x396c.jpeg?signature=661660E10B31966D88D6309C68CE0ED4C7A61DB00D539ABE43E5BF31221E44E2 2x, https://d20zyr0oabjxc2.cloudfront.net/variants/media/raw_images/moxieexotics/2024/08/20240826032729.43-IMG_3302-198x198c.jpeg?signature=19C2F7D0A08DDCEC481A4C5242242480321702A18D1E695C5C10995AA4823A9B 1x"
Cream pinstripe Crested Gecko,pinstripe,"https://d20zyr0oabjxc2.cloudfront.net/variants/media/raw_images/disciple1125/2024/09/20240925022422.712-PXL_20240527_0457575-396x396c.jpeg?signature=94DDC56305DD74EDA53AE3F5B9BBF7974C773D516DE07A32E1423A340C2C3E14 2x, https://d20zyr0oabjxc2.cloudfront.net/variants/media/raw_images/disciple1125/2024/09/20240925022422.712-PXL_20240527_0457575-198x198c.jpeg?signature=21CD47F219B7690F8404CCDF98C94AF13E6348CFEC6C20784D8183CD945C4FCD 1x",/us/c/reptiles/lizards/crested-geckos/2600024,,"https://d20zyr0oabjxc2.cloudfront.net/variants/media/raw_images/disciple1125/2024/09/20240925022422.712-PXL_20240527_0457575-396x396c.jpeg?signature=94DDC56305DD74EDA53AE3F5B9BBF7974C773D516DE07A32E1423A340C2C3E14 2x, https://d20zyr0oabjxc2.cloudfront.net/variants/media/raw_images/disciple1125/2024/09/20240925022422.712-PXL_20240527_0457575-198x198c.jpeg?signature=21CD47F219B7690F8404CCDF98C94AF13E6348CFEC6C20784D8183CD945C4FCD 1x"
Drippy pinstripe,pinstripe,"https://d20zyr0oabjxc2.cloudfront.net/variants/media/raw_images/skhate247/2024/09/20240922175753.565-_DSC0365-396x396c.jpeg?signature=02941EC2B2E924C53E37D9CFA373CBB4DF9A67CC241C97AE7E95EDDABA267A24 2x, https://d20zyr0oabjxc2.cloudfront.net/variants/media/raw_images/skhate247/2024/09/20240922175753.565-_DSC0365-198x198c.jpeg?signature=08107CDBE9C5741164D91E2029A4E1A70EAA19996D030E97288378801F0CF336 1x",/us/c/reptiles/lizards/crested-geckos/2599104,,"https://d20zyr0oabjxc2.cloudfront.net/variants/media/raw_images/skhate247/2024/09/20240922175753.565-_DSC0365-396x396c.jpeg?signature=02941EC2B2E924C53E37D9CFA373CBB4DF9A67CC241C97AE7E95EDDABA267A24 2x, https://d20zyr0oabjxc2.cloudfront.net/variants/media/raw_images/skhate247/2024/09/20240922175753.565-_DSC0365-198x198c.jpeg?signature=08107CDBE9C5741164D91E2029A4E1A70EAA19996D030E97288378801F0CF336 1x"
Crazy Patterned pinstripe,pinstripe,"https://d20zyr0oabjxc2.cloudfront.net/variants/media/raw_images/skhate247/2024/09/20240922175210.316-_DSC0367-396x396c.jpeg?signature=7647A7C06572D0432422E040F459FED634EB3B0097258572A0490B7B63D951F2 2x, https://d20zyr0oabjxc2.cloudfront.net/variants/media/raw_images/skhate247/2024/09/20240922175210.316-_DSC0367-198x198c.jpeg?signature=9E9B939516D906DBA8CAE573A712DD06F0213D7ED4717CBC11A5061483EA25B6 1x",/us/c/reptiles/lizards/crested-geckos/2599093,,"https://d20zyr0oabjxc2.cloudfront.net/variants/media/raw_images/skhate247/2024/09/20240922175210.316-_DSC0367-396x396c.jpeg?signature=7647A7C06572D0432422E040F459FED634EB3B0097258572A0490B7B63D951F2 2x, https://d20zyr0oabjxc2.cloudfront.net/variants/media/raw_images/skhate247/2024/09/20240922175210.316-_DSC0367-198x198c.jpeg?signature=9E9B939516D906DBA8CAE573A712DD06F0213D7ED4717CBC11A5061483EA25B6 1x"
High Patterned Creamy pinstripe,pinstripe,"https://d20zyr0oabjxc2.cloudfront.net/variants/media/raw_images/crestopia_reptiles/2024/09/20240920173936.535-DSC00735-396x396c.jpeg?signature=E6726466BF056E2263EFADBE5977601F4D69D8E3F294F46E2A05E0CD801C476F 2x, https://d20zyr0oabjxc2.cloudfront.net/variants/media/raw_images/crestopia_reptiles/2024/09/20240920173936.535-DSC00735-198x198c.jpeg?signature=76E924E53A78AA9319CCCB8E3B267B982FE4CBFFE8433ACB22B15FD88D3CCFF6 1x",/us/c/reptiles/lizards/crested-geckos/2594377,,"https://d20zyr0oabjxc2.cloudfront.net/variants/media/raw_images/crestopia_reptiles/2024/09/20240920173936.535-DSC00735-396x396c.jpeg?signature=E6726466BF056E2263EFADBE5977601F4D69D8E3F294F46E2A05E0CD801C476F 2x, https://d20zyr0oabjxc2.cloudfront.net/variants/media/raw_images/crestopia_reptiles/2024/09/20240920173936.535-DSC00735-198x198c.jpeg?signature=76E924E53A78AA9319CCCB8E3B267B982FE4CBFFE8433ACB22B15FD88D3CCFF6 1x"
Dark/Cream Contrasty pinstripe,Dark/Cream pinstripe,"https://d20zyr0oabjxc2.cloudfront.net/variants/media/raw_images/crestopia_reptiles/2024/10/20241025211621.969-20241022_165254-396x396c.jpeg?signature=DCA52745903B120586FE49F275E875D3A376EA09CB313D93B96A4DE452988552 2x, https://d20zyr0oabjxc2.cloudfront.net/variants/media/raw_images/crestopia_reptiles/2024/10/20241025211621.969-20241022_165254-198x198c.jpeg?signature=35DB440B9EB9A630F8784A8246F87AC58A514CAB513624ED3C17EB3A5D27C9FC 1x",/us/c/reptiles/lizards/crested-geckos/2594364,,"https://d20zyr0oabjxc2.cloudfront.net/variants/media/raw_images/crestopia_reptiles/2024/10/20241025211621.969-20241022_165254-396x396c.jpeg?signature=DCA52745903B120586FE49F275E875D3A376EA09CB313D93B96A4DE452988552 2x, https://d20zyr0oabjxc2.cloudfront.net/variants/media/raw_images/crestopia_reptiles/2024/10/20241025211621.969-20241022_165254-198x198c.jpeg?signature=35DB440B9EB9A630F8784A8246F87AC58A514CAB513624ED3C17EB3A5D27C9FC 1x"
pinstripe,pinstripe,"https://d20zyr0oabjxc2.cloudfront.net/variants/media/raw_images/pezpez10/2024/09/20240918035636.344-IMG_8633-396x396c.jpeg?signature=32E4FCB3AFE60AD381AFE5A22794C3D4EB6E787C3887205AC1DDB31783AF2201 2x, https://d20zyr0oabjxc2.cloudfront.net/variants/media/raw_images/pezpez10/2024/09/20240918035636.344-IMG_8633-198x198c.jpeg?signature=E0960AAB28F4F60C4EDD934D14A1F3A532AE73CB3E4A4D1C354B72715EDAB038 1x",/us/c/reptiles/lizards/crested-geckos/2587846,,"https://d20zyr0oabjxc2.cloudfront.net/variants/media/raw_images/pezpez10/2024/09/20240918035636.344-IMG_8633-396x396c.jpeg?signature=32E4FCB3AFE60AD381AFE5A22794C3D4EB6E787C3887205AC1DDB31783AF2201 2x, https://d20zyr0oabjxc2.cloudfront.net/variants/media/raw_images/pezpez10/2024/09/20240918035636.344-IMG_8633-198x198c.jpeg?signature=E0960AAB28F4F60C4EDD934D14A1F3A532AE73CB3E4A4D1C354B72715EDAB038 1x"
pinstripe Crested Gecko,pinstripe,"https://d20zyr0oabjxc2.cloudfront.net/variants/media/raw_images/carissaornelas1988/2024/09/20240913190228.448-1000012390-396x396c.jpeg?signature=A47BDA9C0EE84A2C55775472D916504717C66DE2979F94CF721D666759E45AD5 2x, https://d20zyr0oabjxc2.cloudfront.net/variants/media/raw_images/carissaornelas1988/2024/09/20240913190228.448-1000012390-198x198c.jpeg?signature=7E46EB6927BF78EE71F67B21563083E8E868B55AFB8A0F5BA66A1EBFB11580D7 1x",/us/c/reptiles/lizards/crested-geckos/2576155,,"https://d20zyr0oabjxc2.cloudfront.net/variants/media/raw_images/carissaornelas1988/2024/09/20240913190228.448-1000012390-396x396c.jpeg?signature=A47BDA9C0EE84A2C55775472D916504717C66DE2979F94CF721D666759E45AD5 2x, https://d20zyr0oabjxc2.cloudfront.net/variants/media/raw_images/carissaornelas1988/2024/09/20240913190228.448-1000012390-198x198c.jpeg?signature=7E46EB6927BF78EE71F67B21563083E8E868B55AFB8A0F5BA66A1EBFB11580D7 1x"
Red pinstripe,Red pinstripe,"https://d20zyr0oabjxc2.cloudfront.net/variants/media/raw_images/crestopia_reptiles/2024/09/20240911201754.94-DSC00668-396x396c.jpeg?signature=E32D4AB4F12297D7590EC1BF6056C55CED1F5A6F7E8E82883553FDAD5A32F96C 2x, https://d20zyr0oabjxc2.cloudfront.net/variants/media/raw_images/crestopia_reptiles/2024/09/20240911201754.94-DSC00668-198x198c.jpeg?signature=0317D2A6C8E567D6461EE3F75A9B35040AFAF5A10C85DC2FC736D135981C7C91 1x",/us/c/reptiles/lizards/crested-geckos/2571714,,"https://d20zyr0oabjxc2.cloudfront.net/variants/media/raw_images/crestopia_reptiles/2024/09/20240911201754.94-DSC00668-396x396c.jpeg?signature=E32D4AB4F12297D7590EC1BF6056C55CED1F5A6F7E8E82883553FDAD5A32F96C 2x, https://d20zyr0oabjxc2.cloudfront.net/variants/media/raw_images/crestopia_reptiles/2024/09/20240911201754.94-DSC00668-198x198c.jpeg?signature=0317D2A6C8E567D6461EE3F75A9B35040AFAF5A10C85DC2FC736D135981C7C91 1x"
White Wall pinstripe,pinstripe,"https://d20zyr0oabjxc2.cloudfront.net/variants/media/raw_images/crestopia_reptiles/2024/09/20240911000146.177-DSC00599-396x396c.jpeg?signature=7F2241C807833CB440777AE1099FCBD2C8A612E46A3E2CE5B14B09043E060158 2x, https://d20zyr0oabjxc2.cloudfront.net/variants/media/raw_images/crestopia_reptiles/2024/09/20240911000146.177-DSC00599-198x198c.jpeg?signature=4FCBCBF4D2BB08CDA5EDDDCECE6708D091540BAD450F74E61E33693528C6D180 1x",/us/c/reptiles/lizards/crested-geckos/2569511,,"https://d20zyr0oabjxc2.cloudfront.net/variants/media/raw_images/crestopia_reptiles/2024/09/20240911000146.177-DSC00599-396x396c.jpeg?signature=7F2241C807833CB440777AE1099FCBD2C8A612E46A3E2CE5B14B09043E060158 2x, https://d20zyr0oabjxc2.cloudfront.net/variants/media/raw_images/crestopia_reptiles/2024/09/20240911000146.177-DSC00599-198x198c.jpeg?signature=4FCBCBF4D2BB08CDA5EDDDCECE6708D091540BAD450F74E61E33693528C6D180 1x"
pinstripe With White Lats,pinstripe,"https://d20zyr0oabjxc2.cloudfront.net/variants/media/raw_images/crestopia_reptiles/2024/09/20240910234850.97-DSC00582-396x396c.jpeg?signature=A4245C447D90A465B61EC605E27A70C39DDAB1AE9AC2847056C2BD367F8291BE 2x, https://d20zyr0oabjxc2.cloudfront.net/variants/media/raw_images/crestopia_reptiles/2024/09/20240910234850.97-DSC00582-198x198c.jpeg?signature=1A4D61BCC768C4A6A6D20E4FA8D5BA43C7F714A3D4B5111EA0BD8B74518281BB 1x",/us/c/reptiles/lizards/crested-geckos/2569460,,"https://d20zyr0oabjxc2.cloudfront.net/variants/media/raw_images/crestopia_reptiles/2024/09/20240910234850.97-DSC00582-396x396c.jpeg?signature=A4245C447D90A465B61EC605E27A70C39DDAB1AE9AC2847056C2BD367F8291BE 2x, https://d20zyr0oabjxc2.cloudfront.net/variants/media/raw_images/crestopia_reptiles/2024/09/20240910234850.97-DSC00582-198x198c.jpeg?signature=1A4D61BCC768C4A6A6D20E4FA8D5BA43C7F714A3D4B5111EA0BD8B74518281BB 1x"
Yellow pinstripe,Yellow pinstripe,"https://d20zyr0oabjxc2.cloudfront.net/variants/media/raw_images/yty_geckos/2023/10/20231001182551.496-IMG_1487-396x396c.jpeg?signature=302664979FD411C7F13D4C82CBB17F20EDF5133E62EDFB1BB66CC1A4C9178C55 2x, https://d20zyr0oabjxc2.cloudfront.net/variants/media/raw_images/yty_geckos/2023/10/20231001182551.496-IMG_1487-198x198c.jpeg?signature=0A86D4330543418E1E5130B901AE7A1599E148FD3687C0B516FD420F31895389 1x",/us/c/reptiles/lizards/crested-geckos/1897296,,"https://d20zyr0oabjxc2.cloudfront.net/variants/media/raw_images/yty_geckos/2023/10/20231001182551.496-IMG_1487-396x396c.jpeg?signature=302664979FD411C7F13D4C82CBB17F20EDF5133E62EDFB1BB66CC1A4C9178C55 2x, https://d20zyr0oabjxc2.cloudfront.net/variants/media/raw_images/yty_geckos/2023/10/20231001182551.496-IMG_1487-198x198c.jpeg?signature=0A86D4330543418E1E5130B901AE7A1599E148FD3687C0B516FD420F31895389 1x"
(AC Reptiles)Proven Male Crested Gecko 100% pinstripe Stripe,pinstripe,"https://d20zyr0oabjxc2.cloudfront.net/variants/media/raw_images/screamingirish/2024/09/20240906023446.246-20240902_200103-396x396c.jpeg?signature=00536360B9A7E7F58F81FCBB5506635BD909184C510770D3783CDA1794A66AF3 2x, https://d20zyr0oabjxc2.cloudfront.net/variants/media/raw_images/screamingirish/2024/09/20240906023446.246-20240902_200103-198x198c.jpeg?signature=B1FAB2E73EC0A0230812DBC2BDF9FD5508CE884CB931CFB412DB631DD2273BDD 1x",/us/c/reptiles/lizards/crested-geckos/2557511,,"https://d20zyr0oabjxc2.cloudfront.net/variants/media/raw_images/screamingirish/2024/09/20240906023446.246-20240902_200103-396x396c.jpeg?signature=00536360B9A7E7F58F81FCBB5506635BD909184C510770D3783CDA1794A66AF3 2x, https://d20zyr0oabjxc2.cloudfront.net/variants/media/raw_images/screamingirish/2024/09/20240906023446.246-20240902_200103-198x198c.jpeg?signature=B1FAB2E73EC0A0230812DBC2BDF9FD5508CE884CB931CFB412DB631DD2273BDD 1x"
Unsexed High Color pinstripes,pinstripes,"https://d20zyr0oabjxc2.cloudfront.net/variants/media/raw_images/chauksexotics/2024/08/20240829192150.398-IMG_4463-396x396c.jpeg?signature=CF8A0B01B970475C794D1C77F02C648D0548925E0D197E3CA9BCDAA89B918B89 2x, https://d20zyr0oabjxc2.cloudfront.net/variants/media/raw_images/chauksexotics/2024/08/20240829192150.398-IMG_4463-198x198c.jpeg?signature=33DC05B364ECB7188B7DDADB10DEC3B9AD65B097D8900683ACCF81F6D97DF618 1x",/ca/c/reptiles/lizards/crested-geckos/2536126,,"https://d20zyr0oabjxc2.cloudfront.net/variants/media/raw_images/chauksexotics/2024/08/20240829192150.398-IMG_4463-396x396c.jpeg?signature=CF8A0B01B970475C794D1C77F02C648D0548925E0D197E3CA9BCDAA89B918B89 2x, https://d20zyr0oabjxc2.cloudfront.net/variants/media/raw_images/chauksexotics/2024/08/20240829192150.398-IMG_4463-198x198c.jpeg?signature=33DC05B364ECB7188B7DDADB10DEC3B9AD65B097D8900683ACCF81F6D97DF618 1x"
NPV Beautiful pinstripe White Wall With Peach Hue,pinstripe,"https://d20zyr0oabjxc2.cloudfront.net/variants/media/raw_images/jessi8402/2024/08/20240828000007.502-IMG_7893-396x396c.jpeg?signature=91CEEFF3778D40EF0B15A9F9A4366EBEE3700BE6AFC45FA9AFA12225CA8C1D2A 2x, https://d20zyr0oabjxc2.cloudfront.net/variants/media/raw_images/jessi8402/2024/08/20240828000007.502-IMG_7893-198x198c.jpeg?signature=6FB0971023CA69AA463860345203D72A4ED5A3CCDDFF7435F6EDB07F537F0FE0 1x",/us/c/reptiles/lizards/crested-geckos/2531405,,"https://d20zyr0oabjxc2.cloudfront.net/variants/media/raw_images/jessi8402/2024/08/20240828000007.502-IMG_7893-396x396c.jpeg?signature=91CEEFF3778D40EF0B15A9F9A4366EBEE3700BE6AFC45FA9AFA12225CA8C1D2A 2x, https://d20zyr0oabjxc2.cloudfront.net/variants/media/raw_images/jessi8402/2024/08/20240828000007.502-IMG_7893-198x198c.jpeg?signature=6FB0971023CA69AA463860345203D72A4ED5A3CCDDFF7435F6EDB07F537F0FE0 1x"
Red Partial pinstripe 80$,Red pinstripe,"https://d20zyr0oabjxc2.cloudfront.net/variants/media/raw_images/drmeanbeans/2024/08/20240821205007.149-1000001290-396x396c.jpeg?signature=2A187BC5405B6FA0784A543973A35D1203FB5B8D82EA10618E4190EA4DA529DE 2x, https://d20zyr0oabjxc2.cloudfront.net/variants/media/raw_images/drmeanbeans/2024/08/20240821205007.149-1000001290-198x198c.jpeg?signature=FD51E0CA39CEEFA1BC4292B0DE98F52DEBD46557C0E6D4823ADBC96A05ED4F21 1x",/us/c/reptiles/lizards/crested-geckos/2515295,,"https://d20zyr0oabjxc2.cloudfront.net/variants/media/raw_images/drmeanbeans/2024/08/20240821205007.149-1000001290-396x396c.jpeg?signature=2A187BC5405B6FA0784A543973A35D1203FB5B8D82EA10618E4190EA4DA529DE 2x, https://d20zyr0oabjxc2.cloudfront.net/variants/media/raw_images/drmeanbeans/2024/08/20240821205007.149-1000001290-198x198c.jpeg?signature=FD51E0CA39CEEFA1BC4292B0DE98F52DEBD46557C0E6D4823ADBC96A05ED4F21 1x"
Full pinstripe Crested Gecko 100$,pinstripe,"https://d20zyr0oabjxc2.cloudfront.net/variants/media/raw_images/drmeanbeans/2024/08/20240827215457.376-1000001402-396x396c.jpeg?signature=05ECEBFC5DC874E04591A86E969FB692E11ECC70975A904A42FCC09A18940A2F 2x, https://d20zyr0oabjxc2.cloudfront.net/variants/media/raw_images/drmeanbeans/2024/08/20240827215457.376-1000001402-198x198c.jpeg?signature=7D4E4A81CC74C258055DAE357C87AFEA881ED3B74BF3B726D3669AF5D51F483A 1x",/us/c/reptiles/lizards/crested-geckos/2513294,,"https://d20zyr0oabjxc2.cloudfront.net/variants/media/raw_images/drmeanbeans/2024/08/20240827215457.376-1000001402-396x396c.jpeg?signature=05ECEBFC5DC874E04591A86E969FB692E11ECC70975A904A42FCC09A18940A2F 2x, https://d20zyr0oabjxc2.cloudfront.net/variants/media/raw_images/drmeanbeans/2024/08/20240827215457.376-1000001402-198x198c.jpeg?signature=7D4E4A81CC74C258055DAE357C87AFEA881ED3B74BF3B726D3669AF5D51F483A 1x"
Orange pinstripe Male,pinstripe,"https://d20zyr0oabjxc2.cloudfront.net/variants/media/raw_images/cec31/2024/04/20240420211156.725-20231118_124811-396x396c.jpeg?signature=CD58D0CF70BACCEE48FB15A298CD88C17808250CDFFE2D416D7806835ED0937F 2x, https://d20zyr0oabjxc2.cloudfront.net/variants/media/raw_images/cec31/2024/04/20240420211156.725-20231118_124811-198x198c.jpeg?signature=445954BD30ABC32F4B323D69423CCA2C5E3600FC91B7A587E304358B34143B57 1x",/us/c/reptiles/lizards/crested-geckos/1803181,,"https://d20zyr0oabjxc2.cloudfront.net/variants/media/raw_images/cec31/2024/04/20240420211156.725-20231118_124811-396x396c.jpeg?signature=CD58D0CF70BACCEE48FB15A298CD88C17808250CDFFE2D416D7806835ED0937F 2x, https://d20zyr0oabjxc2.cloudfront.net/variants/media/raw_images/cec31/2024/04/20240420211156.725-20231118_124811-198x198c.jpeg?signature=445954BD30ABC32F4B323D69423CCA2C5E3600FC91B7A587E304358B34143B57 1x"
High White pinstripe Male,pinstripe,"https://d20zyr0oabjxc2.cloudfront.net/variants/media/raw_images/amoore/2023/04/20230428192254.773-IMG_1363-396x396c.jpeg?signature=F2AFD5ADAF223B3F935E37BC730D12C75941CADC254ECCF5D661FB4D883027FF 2x, https://d20zyr0oabjxc2.cloudfront.net/variants/media/raw_images/amoore/2023/04/20230428192254.773-IMG_1363-198x198c.jpeg?signature=0C37FE0A9C764C8D3835FC80AA81C0AB804A312BA52E0066E1E54FCE1F08A9FF 1x",/us/c/reptiles/lizards/crested-geckos/883966,,"https://d20zyr0oabjxc2.cloudfront.net/variants/media/raw_images/amoore/2023/04/20230428192254.773-IMG_1363-396x396c.jpeg?signature=F2AFD5ADAF223B3F935E37BC730D12C75941CADC254ECCF5D661FB4D883027FF 2x, https://d20zyr0oabjxc2.cloudfront.net/variants/media/raw_images/amoore/2023/04/20230428192254.773-IMG_1363-198x198c.jpeg?signature=0C37FE0A9C764C8D3835FC80AA81C0AB804A312BA52E0066E1E54FCE1F08A9FF 1x"
2024 Dark Base Partial pinstripe Lilly White Crested Gecko,Dark pinstripe,"https://d20zyr0oabjxc2.cloudfront.net/variants/media/raw_images/colinkeller/2024/06/20240613121548.512-IMG_6906-396x396c.jpeg?signature=7BF9B50EACD4895DF4BAD4CC50A54A62C41A5ABF34CCF98D60CF02392F41F095 2x, https://d20zyr0oabjxc2.cloudfront.net/variants/media/raw_images/colinkeller/2024/06/20240613121548.512-IMG_6906-198x198c.jpeg?signature=66D3BFB573D05453207DF17A5D95B1E99BB18FCB131B0F2DE13E9B23A5E5CBFB 1x",/us/c/reptiles/lizards/crested-geckos/2374999,,"https://d20zyr0oabjxc2.cloudfront.net/variants/media/raw_images/colinkeller/2024/06/20240613121548.512-IMG_6906-396x396c.jpeg?signature=7BF9B50EACD4895DF4BAD4CC50A54A62C41A5ABF34CCF98D60CF02392F41F095 2x, https://d20zyr0oabjxc2.cloudfront.net/variants/media/raw_images/colinkeller/2024/06/20240613121548.512-IMG_6906-198x198c.jpeg?signature=66D3BFB573D05453207DF17A5D95B1E99BB18FCB131B0F2DE13E9B23A5E5CBFB 1x"
Whiteout Dark And Cream pinstripe,Dark pinstripe,"https://d20zyr0oabjxc2.cloudfront.net/variants/media/raw_images/aer2260/2024/08/20240804144431.942-DSC01599-396x396c.jpeg?signature=A6E44ABC59EE1550A46AE93EB760D945E0EEB2D277C6B3896155421B95721B4E 2x, https://d20zyr0oabjxc2.cloudfront.net/variants/media/raw_images/aer2260/2024/08/20240804144431.942-DSC01599-198x198c.jpeg?signature=448804ACA9573381F73B66659F3ACF371A50C73D1B277F6C5736B409AC8C6C31 1x",/us/c/reptiles/lizards/crested-geckos/2474608,,"https://d20zyr0oabjxc2.cloudfront.net/variants/media/raw_images/aer2260/2024/08/20240804144431.942-DSC01599-396x396c.jpeg?signature=A6E44ABC59EE1550A46AE93EB760D945E0EEB2D277C6B3896155421B95721B4E 2x, https://d20zyr0oabjxc2.cloudfront.net/variants/media/raw_images/aer2260/2024/08/20240804144431.942-DSC01599-198x198c.jpeg?signature=448804ACA9573381F73B66659F3ACF371A50C73D1B277F6C5736B409AC8C6C31 1x"
Orange pinstripe,pinstripe,"https://d20zyr0oabjxc2.cloudfront.net/variants/media/raw_images/pezpez10/2024/08/20240803145149.278-IMG_8581-396x396c.jpeg?signature=1BA917851D97B79AC565E85E816CC33E46B71EFDEDCA3409B6C451B8B6A57F72 2x, https://d20zyr0oabjxc2.cloudfront.net/variants/media/raw_images/pezpez10/2024/08/20240803145149.278-IMG_8581-198x198c.jpeg?signature=2A779CBFF3B54A2B0254B75245D4AD0DC24F35B79D41B70003AFCE58DA910E28 1x",/us/c/reptiles/lizards/crested-geckos/2466546,,"https://d20zyr0oabjxc2.cloudfront.net/variants/media/raw_images/pezpez10/2024/08/20240803145149.278-IMG_8581-396x396c.jpeg?signature=1BA917851D97B79AC565E85E816CC33E46B71EFDEDCA3409B6C451B8B6A57F72 2x, https://d20zyr0oabjxc2.cloudfront.net/variants/media/raw_images/pezpez10/2024/08/20240803145149.278-IMG_8581-198x198c.jpeg?signature=2A779CBFF3B54A2B0254B75245D4AD0DC24F35B79D41B70003AFCE58DA910E28 1x"
pinstripe Crested Gecko,pinstripe,"https://d20zyr0oabjxc2.cloudfront.net/variants/media/raw_images/carissaornelas1988/2024/09/20240913161558.257-1000012370-396x396c.jpeg?signature=77862E6B906597F83F4E95AD3E6F8CE408C0234A4F338DEE8610B5A7D59D2792 2x, https://d20zyr0oabjxc2.cloudfront.net/variants/media/raw_images/carissaornelas1988/2024/09/20240913161558.257-1000012370-198x198c.jpeg?signature=773029D9A1A134BA68F8068FCD2D15E6B1A59B784B09CAB7C9DC6AF77BC1C6A7 1x",/us/c/reptiles/lizards/crested-geckos/2431675,,"https://d20zyr0oabjxc2.cloudfront.net/variants/media/raw_images/carissaornelas1988/2024/09/20240913161558.257-1000012370-396x396c.jpeg?signature=77862E6B906597F83F4E95AD3E6F8CE408C0234A4F338DEE8610B5A7D59D2792 2x, https://d20zyr0oabjxc2.cloudfront.net/variants/media/raw_images/carissaornelas1988/2024/09/20240913161558.257-1000012370-198x198c.jpeg?signature=773029D9A1A134BA68F8068FCD2D15E6B1A59B784B09CAB7C9DC6AF77BC1C6A7 1x"
Creamy pinstripe,pinstripe,"https://d20zyr0oabjxc2.cloudfront.net/variants/media/raw_images/skhate247/2024/09/20240908032117.764-_DSC0325-396x396c.jpeg?signature=50B60F21DF13D263C2EA7284D54080567616048CCBF52B522918731F5C617A33 2x, https://d20zyr0oabjxc2.cloudfront.net/variants/media/raw_images/skhate247/2024/09/20240908032117.764-_DSC0325-198x198c.jpeg?signature=00DF125FDC1C49A1DAAEA67AB8AB9F135372BC1A1645ACDA380B5107518AE52D 1x",/us/c/reptiles/lizards/crested-geckos/2322488,,"https://d20zyr0oabjxc2.cloudfront.net/variants/media/raw_images/skhate247/2024/09/20240908032117.764-_DSC0325-396x396c.jpeg?signature=50B60F21DF13D263C2EA7284D54080567616048CCBF52B522918731F5C617A33 2x, https://d20zyr0oabjxc2.cloudfront.net/variants/media/raw_images/skhate247/2024/09/20240908032117.764-_DSC0325-198x198c.jpeg?signature=00DF125FDC1C49A1DAAEA67AB8AB9F135372BC1A1645ACDA380B5107518AE52D 1x"
Orange Dark Base Partial pinstripe,Dark pinstripe,"https://d20zyr0oabjxc2.cloudfront.net/variants/media/raw_images/agocs-exotics/2023/12/20231229183023.889-IMG_0190-396x396c.jpeg?signature=14FABFE298069CA2094D71860520156E3D9992707D49044B41F41582070386B3 2x, https://d20zyr0oabjxc2.cloudfront.net/variants/media/raw_images/agocs-exotics/2023/12/20231229183023.889-IMG_0190-198x198c.jpeg?signature=2417FC30E00997BCBB1C99CC0C49CE3768380811342D70BD04BB2B5C93418332 1x",/us/c/reptiles/lizards/crested-geckos/2083303,,"https://d20zyr0oabjxc2.cloudfront.net/variants/media/raw_images/agocs-exotics/2023/12/20231229183023.889-IMG_0190-396x396c.jpeg?signature=14FABFE298069CA2094D71860520156E3D9992707D49044B41F41582070386B3 2x, https://d20zyr0oabjxc2.cloudfront.net/variants/media/raw_images/agocs-exotics/2023/12/20231229183023.889-IMG_0190-198x198c.jpeg?signature=2417FC30E00997BCBB1C99CC0C49CE3768380811342D70BD04BB2B5C93418332 1x"
Soft Scale Dark Empty Back pinstripe,Dark pinstripe,"https://d20zyr0oabjxc2.cloudfront.net/variants/media/raw_images/blue2021/2024/11/20241104185553.416-20241101_221219-396x396c.jpeg?signature=E90EC2D8546F93A6935388A562E8EB40698EB742901F15BA2E0E84A845D1297D 2x, https://d20zyr0oabjxc2.cloudfront.net/variants/media/raw_images/blue2021/2024/11/20241104185553.416-20241101_221219-198x198c.jpeg?signature=6CE56B277777B05B7C7BED84AB23A18AC64C8A099FD978E1BFC85D5AFE806763 1x",/us/c/reptiles/lizards/crested-geckos/2702167,,"https://d20zyr0oabjxc2.cloudfront.net/variants/media/raw_images/blue2021/2024/11/20241104185553.416-20241101_221219-396x396c.jpeg?signature=E90EC2D8546F93A6935388A562E8EB40698EB742901F15BA2E0E84A845D1297D 2x, https://d20zyr0oabjxc2.cloudfront.net/variants/media/raw_images/blue2021/2024/11/20241104185553.416-20241101_221219-198x198c.jpeg?signature=6CE56B277777B05B7C7BED84AB23A18AC64C8A099FD978E1BFC85D5AFE806763 1x"
Emptyback pinstripe,pinstripe,"https://d20zyr0oabjxc2.cloudfront.net/variants/media/raw_images/toptiergenetics/2024/10/20241014170457.216-IMG_7006-396x396c.jpeg?signature=0B389FC222DF60CA383D1414F74F068F9AEFC0816E1B42F7A90875259A0BEC85 2x, https://d20zyr0oabjxc2.cloudfront.net/variants/media/raw_images/toptiergenetics/2024/10/20241014170457.216-IMG_7006-198x198c.jpeg?signature=05018B05AF3F106051B1F441E03A23FD829D158E4A093C5E5625E2211660CDAF 1x",/us/c/reptiles/lizards/crested-geckos/2649103,,"https://d20zyr0oabjxc2.cloudfront.net/variants/media/raw_images/toptiergenetics/2024/10/20241014170457.216-IMG_7006-396x396c.jpeg?signature=0B389FC222DF60CA383D1414F74F068F9AEFC0816E1B42F7A90875259A0BEC85 2x, https://d20zyr0oabjxc2.cloudfront.net/variants/media/raw_images/toptiergenetics/2024/10/20241014170457.216-IMG_7006-198x198c.jpeg?signature=05018B05AF3F106051B1F441E03A23FD829D158E4A093C5E5625E2211660CDAF 1x"
Crowned Drippy Dorsal pinstripe,pinstripe,"https://d20zyr0oabjxc2.cloudfront.net/variants/media/raw_images/fringemorphs/2024/11/20241104162524.798-Heracles-396x396c.jpeg?signature=B31BD674D890225851A0DE34081EC3667DEE98957A85D74171A1E40BAE363DD2 2x, https://d20zyr0oabjxc2.cloudfront.net/variants/media/raw_images/fringemorphs/2024/11/20241104162524.798-Heracles-198x198c.jpeg?signature=240A80F9FC59FA2CC86C7C2DE802810152D4D5EC594D9598B721D2A936F2346E 1x",/us/c/reptiles/lizards/crested-geckos/2701814,,"https://d20zyr0oabjxc2.cloudfront.net/variants/media/raw_images/fringemorphs/2024/11/20241104162524.798-Heracles-396x396c.jpeg?signature=B31BD674D890225851A0DE34081EC3667DEE98957A85D74171A1E40BAE363DD2 2x, https://d20zyr0oabjxc2.cloudfront.net/variants/media/raw_images/fringemorphs/2024/11/20241104162524.798-Heracles-198x198c.jpeg?signature=240A80F9FC59FA2CC86C7C2DE802810152D4D5EC594D9598B721D2A936F2346E 1x"